date,FL152000005.Q,FL152010005.Q,FL154090005.Q,FL154000025.Q,FL154022005.Q,FL154023005.Q,LM153064475.Q,LM153064105.Q,LM153064175.Q,LM543064153.Q,LM573064175.Q,LM343064123.Q,LM223064213.Q,LM653064155.Q,FL153099475.Q,FL154190005.Q,FL152090005.Q,FL153064476.Q,FL153064486.Q
1945:Q4,832955.93,189327.00,643628.93,105596.00,78843.00,12883.00,145888.00,144855.00,1033.00,0.00,0.00,0.00,0.00,1033.00,300418.93,30584.00,802371.93,17.51,22.67
1946:Q1,ND,ND,ND,ND,ND,ND,ND,ND,ND,ND,ND,ND,ND,ND,ND,ND,ND,ND,ND
1946:Q2,ND,ND,ND,ND,ND,ND,ND,ND,ND,ND,ND,ND,ND,ND,ND,ND,ND,ND,ND
1946:Q3,ND,ND,ND,ND,ND,ND,ND,ND,ND,ND,ND,ND,ND,ND,ND,ND,ND,ND,ND
1946:Q4,917696.00,220716.00,696980.00,117132.00,76489.00,14444.00,139559.00,138515.00,1044.00,0.00,0.00,0.00,0.00,1044.00,349356.00,37441.00,880255.00,15.21,20.02
1947:Q1,ND,ND,ND,ND,ND,ND,ND,ND,ND,ND,ND,ND,ND,ND,ND,ND,ND,ND,ND
1947:Q2,ND,ND,ND,ND,ND,ND,ND,ND,ND,ND,ND,ND,ND,ND,ND,ND,ND,ND,ND
1947:Q3,ND,ND,ND,ND,ND,ND,ND,ND,ND,ND,ND,ND,ND,ND,ND,ND,ND,ND,ND
1947:Q4,1024525.00,280815.00,743710.00,120491.00,76315.00,15730.00,137558.00,136405.00,1153.00,0.00,0.00,0.00,0.00,1153.00,393616.00,46468.00,978057.00,13.43,18.50
1948:Q1,ND,ND,ND,ND,ND,ND,ND,ND,ND,ND,ND,ND,ND,ND,ND,ND,ND,ND,ND
1948:Q2,ND,ND,ND,ND,ND,ND,ND,ND,ND,ND,ND,ND,ND,ND,ND,ND,ND,ND,ND
1948:Q3,ND,ND,ND,ND,ND,ND,ND,ND,ND,ND,ND,ND,ND,ND,ND,ND,ND,ND,ND
1948:Q4,1084908.00,313687.00,771221.00,120331.00,77229.00,16922.00,136712.00,135486.00,1226.00,0.00,0.00,0.00,0.00,1226.00,420027.00,55109.00,1029799.00,12.60,17.73
1949:Q1,ND,ND,ND,ND,ND,ND,ND,ND,ND,ND,ND,ND,ND,ND,ND,ND,ND,ND,ND
1949:Q2,ND,ND,ND,ND,ND,ND,ND,ND,ND,ND,ND,ND,ND,ND,ND,ND,ND,ND,ND
1949:Q3,ND,ND,ND,ND,ND,ND,ND,ND,ND,ND,ND,ND,ND,ND,ND,ND,ND,ND,ND
1949:Q4,1134091.00,340071.00,794020.00,121167.00,77290.00,17695.00,145165.00,142455.00,2710.00,0.00,0.00,0.00,0.00,2710.00,432703.00,63409.00,1070682.00,12.80,18.28
1950:Q1,ND,ND,ND,ND,ND,ND,ND,ND,ND,ND,ND,ND,ND,ND,ND,ND,ND,ND,ND
1950:Q2,ND,ND,ND,ND,ND,ND,ND,ND,ND,ND,ND,ND,ND,ND,ND,ND,ND,ND,ND
1950:Q3,ND,ND,ND,ND,ND,ND,ND,ND,ND,ND,ND,ND,ND,ND,ND,ND,ND,ND,ND
1950:Q4,1238906.00,387298.00,851608.00,126111.00,78096.00,18660.00,167593.00,164696.00,2897.00,0.00,0.00,0.00,0.00,2897.00,461148.00,76901.00,1162005.00,13.53,19.68
1951:Q1,ND,ND,ND,ND,ND,ND,ND,ND,ND,ND,ND,ND,ND,ND,ND,ND,ND,ND,ND
1951:Q2,ND,ND,ND,ND,ND,ND,ND,ND,ND,ND,ND,ND,ND,ND,ND,ND,ND,ND,ND
1951:Q3,ND,ND,ND,ND,ND,ND,ND,ND,ND,ND,ND,ND,ND,ND,ND,ND,ND,ND,ND
1951:Q4,1356059.00,430936.00,925123.00,135524.00,77532.00,19516.00,187921.00,184698.00,3223.00,0.00,275.00,0.00,0.00,2948.00,504630.00,85567.00,1270492.00,13.86,20.31
1952:Q1,1374569.00,437119.00,937450.00,135920.00,80001.00,19400.00,189706.00,186383.00,3323.00,0.00,289.00,0.00,0.00,3034.00,512423.00,86307.00,1288262.00,13.80,20.24
1952:Q2,1400699.00,448851.00,951848.00,136445.00,82094.00,19608.00,195988.00,192556.00,3432.00,0.00,312.00,0.00,0.00,3120.00,517713.00,90493.00,1310206.00,13.99,20.59
1952:Q3,1416794.00,453492.00,963302.00,140790.00,83781.00,19803.00,195646.00,192065.00,3581.00,0.00,320.00,0.00,0.00,3261.00,523282.00,93522.00,1323272.00,13.81,20.31
1952:Q4,1424925.00,464001.00,960924.00,145156.00,84342.00,20003.00,184802.00,181107.00,3695.00,0.00,369.00,0.00,0.00,3326.00,526621.00,97960.00,1326965.00,12.97,19.23
1953:Q1,1437187.00,472953.00,964234.00,147804.00,84729.00,20356.00,181495.00,177857.00,3638.00,0.00,383.00,0.00,0.00,3255.00,529850.00,100274.00,1336913.00,12.63,18.82
1953:Q2,1443619.00,481977.00,961642.00,147207.00,88303.00,20525.00,172187.00,168582.00,3605.00,0.00,408.00,0.00,0.00,3197.00,533420.00,104767.00,1338852.00,11.93,17.91
1953:Q3,1460494.00,493038.00,967456.00,151424.00,88627.00,20683.00,167452.00,163848.00,3604.00,0.00,434.00,0.00,0.00,3170.00,539270.00,107296.00,1353198.00,11.47,17.31
1953:Q4,1484657.00,493418.00,991239.00,154703.00,88052.00,20993.00,181571.00,177572.00,3999.00,0.00,478.00,0.00,0.00,3521.00,545920.00,110689.00,1373968.00,12.23,18.32
1954:Q1,1507080.00,498303.00,1008777.00,155136.00,88441.00,21278.00,192957.00,188593.00,4364.00,0.00,521.00,0.00,0.00,3843.00,550965.00,110561.00,1396519.00,12.80,19.13
1954:Q2,1532367.00,501397.00,1030970.00,157093.00,87995.00,21650.00,208537.00,203782.00,4755.00,0.00,537.00,0.00,0.00,4218.00,555695.00,114932.00,1417435.00,13.61,20.23
1954:Q3,1571754.00,510861.00,1060893.00,162931.00,87072.00,22026.00,227136.00,221823.00,5313.00,0.00,564.00,0.00,0.00,4749.00,561728.00,117763.00,1453991.00,14.45,21.41
1954:Q4,1593920.00,520897.00,1073023.00,166077.00,87050.00,22443.00,228887.00,222895.00,5992.00,0.00,631.00,0.00,0.00,5361.00,568566.00,123092.00,1470828.00,14.36,21.33
1955:Q1,1619037.00,527833.00,1091204.00,167846.00,88913.00,22819.00,235675.00,229212.00,6463.00,0.00,710.00,0.00,0.00,5753.00,575951.00,126315.00,1492722.00,14.56,21.60
1955:Q2,1660919.00,540621.00,1120298.00,168037.00,90418.00,23002.00,257159.00,249889.00,7270.00,0.00,904.00,0.00,0.00,6366.00,581682.00,133426.00,1527493.00,15.48,22.95
1955:Q3,1705099.00,555204.00,1149895.00,173016.00,92454.00,23300.00,271359.00,263912.00,7447.00,0.00,1089.00,0.00,0.00,6358.00,589766.00,138787.00,1566312.00,15.91,23.60
1955:Q4,1730487.00,565457.00,1165030.00,175819.00,93597.00,23624.00,273298.00,265154.00,8144.00,0.00,1217.00,0.00,0.00,6927.00,598692.00,144426.00,1586061.00,15.79,23.46
1956:Q1,1774688.00,577332.00,1197356.00,177309.00,95931.00,24171.00,290204.00,281337.00,8867.00,0.00,1363.00,0.00,0.00,7504.00,609741.00,146185.00,1628503.00,16.35,24.24
1956:Q2,1789688.00,588163.00,1201525.00,178865.00,97192.00,24509.00,281285.00,272249.00,9036.00,0.00,1348.00,0.00,0.00,7688.00,619674.00,151446.00,1638242.00,15.72,23.41
1956:Q3,1811347.00,599570.00,1211777.00,183165.00,98840.00,24843.00,275948.00,267245.00,8703.00,0.00,1342.00,0.00,0.00,7361.00,628981.00,154833.00,1656514.00,15.23,22.77
1956:Q4,1854297.00,608074.00,1246223.00,187113.00,99195.00,25209.00,296891.00,287591.00,9300.00,0.00,1413.00,0.00,0.00,7887.00,637815.00,159600.00,1694697.00,16.01,23.82
1957:Q1,1868050.00,619054.00,1248996.00,189289.00,101202.00,25686.00,283367.00,274073.00,9294.00,0.00,1403.00,0.00,0.00,7891.00,649452.00,160761.00,1707289.00,15.17,22.69
1957:Q2,1909972.00,630623.00,1279349.00,190694.00,101750.00,26147.00,300333.00,290373.00,9960.00,0.00,1590.00,0.00,0.00,8370.00,660425.00,165828.00,1744144.00,15.72,23.48
1957:Q3,1911170.00,639377.00,1271793.00,195233.00,103628.00,26676.00,274037.00,264793.00,9244.00,0.00,1528.00,0.00,0.00,7716.00,672219.00,168971.00,1742199.00,14.34,21.55
1957:Q4,1930977.00,643776.00,1287201.00,198191.00,103997.00,27177.00,275143.00,266234.00,8909.00,0.00,1498.00,0.00,0.00,7411.00,682693.00,172076.00,1758901.00,14.25,21.38
1958:Q1,1962970.00,644343.00,1318627.00,201589.00,104522.00,27701.00,290010.00,280386.00,9624.00,0.00,1612.00,0.00,0.00,8012.00,694805.00,171212.00,1791758.00,14.77,21.99
1958:Q2,1993442.00,650042.00,1343400.00,202186.00,102628.00,28584.00,305533.00,294788.00,10745.00,0.00,1796.00,0.00,0.00,8949.00,704469.00,174783.00,1818659.00,15.33,22.74
1958:Q3,2050866.00,660432.00,1390434.00,210539.00,100997.00,29284.00,335770.00,323591.00,12179.00,0.00,2037.00,0.00,0.00,10142.00,713844.00,178359.00,1872507.00,16.37,24.15
1958:Q4,2086402.00,670313.00,1416089.00,215004.00,102011.00,30043.00,347385.00,333401.00,13984.00,0.00,2312.00,0.00,0.00,11672.00,721646.00,184149.00,1902253.00,16.65,24.53
1959:Q1,2108963.00,674223.00,1434740.00,217114.00,104576.00,30602.00,354574.00,339692.00,14882.00,0.00,2427.00,0.00,0.00,12455.00,727874.00,186644.00,1922319.00,16.81,24.71
1959:Q2,2143200.00,686599.00,1456601.00,220137.00,105163.00,31057.00,367199.00,351283.00,15916.00,0.00,2656.00,0.00,0.00,13260.00,733045.00,193679.00,1949521.00,17.13,25.21
1959:Q3,2161829.00,697396.00,1464433.00,225959.00,107662.00,31345.00,360944.00,345399.00,15545.00,0.00,2684.00,0.00,0.00,12861.00,738523.00,199894.00,1961935.00,16.70,24.65
1959:Q4,2201800.00,706020.00,1495780.00,228096.00,110430.00,30443.00,381214.00,364442.00,16772.00,0.00,2905.00,0.00,0.00,13867.00,745597.00,206702.00,1995098.00,17.31,25.49
1960:Q1,2210423.00,720530.00,1489893.00,228305.00,115607.00,30621.00,360200.00,344090.00,16110.00,0.00,2826.00,0.00,0.00,13284.00,755160.00,207626.00,2002797.00,16.30,24.18
1960:Q2,2234120.00,726935.00,1507185.00,230226.00,116174.00,31213.00,367083.00,350070.00,17013.00,0.00,3024.00,0.00,0.00,13989.00,762489.00,214485.00,2019635.00,16.43,24.36
1960:Q3,2233657.00,734741.00,1498916.00,236987.00,115486.00,32280.00,342221.00,325875.00,16346.00,0.00,2921.00,0.00,0.00,13425.00,771942.00,219067.00,2014590.00,15.32,22.83
1960:Q4,2292262.00,737552.00,1554710.00,242043.00,114846.00,33623.00,382668.00,364553.00,18115.00,0.00,3309.00,0.00,0.00,14806.00,781530.00,224550.00,2067712.00,16.69,24.61
1961:Q1,2343354.00,736009.00,1607345.00,245235.00,113862.00,33818.00,424085.00,403160.00,20925.00,0.00,3816.00,0.00,0.00,17109.00,790345.00,225311.00,2118043.00,18.10,26.38
1961:Q2,2371355.00,748135.00,1623220.00,248973.00,113999.00,35336.00,424712.00,403029.00,21683.00,0.00,3919.00,0.00,0.00,17764.00,800200.00,231512.00,2139843.00,17.91,26.16
1961:Q3,2411519.00,759553.00,1651966.00,254539.00,114750.00,35408.00,435351.00,412628.00,22723.00,0.00,4132.00,0.00,0.00,18591.00,811918.00,235787.00,2175732.00,18.05,26.35
1961:Q4,2473632.00,769615.00,1704017.00,259837.00,115882.00,36094.00,468040.00,443217.00,24823.00,0.00,4571.00,0.00,0.00,20252.00,824164.00,242913.00,2230719.00,18.92,27.47
1962:Q1,2487128.00,779408.00,1707720.00,264453.00,116090.00,36277.00,457876.00,433050.00,24826.00,0.00,4573.00,0.00,0.00,20253.00,833024.00,244240.00,2242888.00,18.41,26.81
1962:Q2,2398010.00,786520.00,1611490.00,269203.00,115856.00,37525.00,349028.00,329789.00,19239.00,0.00,3569.00,0.00,0.00,15670.00,839878.00,251339.00,2146671.00,14.55,21.66
1962:Q3,2442753.00,793692.00,1649061.00,276907.00,117167.00,38068.00,368225.00,348408.00,19817.00,0.00,3850.00,0.00,0.00,15967.00,848694.00,257554.00,2185199.00,15.07,22.33
1962:Q4,2554300.00,803569.00,1750731.00,286061.00,116251.00,38142.00,453634.00,431230.00,22404.00,0.00,4377.00,0.00,0.00,18027.00,856643.00,265049.00,2289251.00,17.76,25.91
1963:Q1,2603112.00,813437.00,1789675.00,294203.00,112897.00,37860.00,479589.00,455641.00,23948.00,0.00,4702.00,0.00,0.00,19246.00,865126.00,267959.00,2335153.00,18.42,26.80
1963:Q2,2644368.00,817640.00,1826728.00,300331.00,112595.00,39185.00,502867.00,477302.00,25565.00,0.00,4990.00,0.00,0.00,20575.00,871749.00,277476.00,2366892.00,19.02,27.53
1963:Q3,2693460.00,830883.00,1862577.00,307763.00,112981.00,39325.00,523824.00,497411.00,26413.00,0.00,5254.00,0.00,0.00,21159.00,878684.00,284993.00,2408467.00,19.45,28.12
1963:Q4,2696952.00,839163.00,1857789.00,316999.00,115129.00,39382.00,497167.00,469895.00,27272.00,0.00,5534.00,0.00,0.00,21738.00,889112.00,294004.00,2402948.00,18.43,26.76
1964:Q1,2747680.00,843876.00,1903804.00,320095.00,116675.00,40727.00,528682.00,499442.00,29240.00,0.00,5938.00,0.00,0.00,23302.00,897625.00,297969.00,2449711.00,19.24,27.77
1964:Q2,2800937.00,860175.00,1940762.00,327892.00,117118.00,39781.00,545103.00,515081.00,30022.00,0.00,6227.00,0.00,0.00,23795.00,910868.00,307566.00,2493371.00,19.46,28.09
1964:Q3,2853838.00,869243.00,1984595.00,338278.00,118250.00,41040.00,564008.00,532323.00,31685.00,0.00,6528.00,0.00,0.00,25157.00,923020.00,314378.00,2539460.00,19.76,28.42
1964:Q4,2906242.00,884106.00,2022136.00,345895.00,118960.00,41275.00,575996.00,544127.00,31869.00,79.00,6741.00,0.00,0.00,25049.00,940010.00,323369.00,2582873.00,19.82,28.48
1965:Q1,2953393.00,895205.00,2058188.00,351297.00,120460.00,41419.00,590812.00,557830.00,32982.00,80.00,6991.00,0.00,0.00,25911.00,954200.00,326864.00,2626529.00,20.00,28.71
1965:Q2,2958655.00,903700.00,2054955.00,357846.00,120223.00,41802.00,567092.00,534567.00,32525.00,78.00,6914.00,0.00,0.00,25533.00,967992.00,336469.00,2622186.00,19.17,27.60
1965:Q3,3043497.00,912539.00,2130958.00,369423.00,121773.00,41843.00,616785.00,581085.00,35700.00,87.00,7722.00,0.00,0.00,27891.00,981134.00,343385.00,2700112.00,20.27,28.94
1965:Q4,3132586.00,930935.00,2201651.00,380095.00,121426.00,42301.00,654629.00,616096.00,38533.00,229.00,8151.00,0.00,0.00,30153.00,1003200.00,352786.00,2779800.00,20.90,29.73
1966:Q1,3142138.00,935815.00,2206323.00,384123.00,128174.00,41956.00,635579.00,596561.00,39018.00,228.00,8153.00,0.00,0.00,30637.00,1016490.00,355964.00,2786174.00,20.23,28.81
1966:Q2,3182625.00,971316.00,2211309.00,388507.00,129927.00,43122.00,608840.00,571128.00,37712.00,224.00,7974.00,0.00,0.00,29514.00,1040912.00,365660.00,2816965.00,19.13,27.53
1966:Q3,3156710.00,979812.00,2176898.00,393446.00,135279.00,43937.00,546017.00,512747.00,33270.00,206.00,7342.00,0.00,0.00,25722.00,1058219.00,369551.00,2787159.00,17.30,25.08
1966:Q4,3253045.00,1005984.00,2247061.00,400590.00,137180.00,44552.00,584802.00,548264.00,36538.00,515.00,7894.00,0.00,0.00,28129.00,1079936.00,376022.00,2877023.00,17.98,26.03
1967:Q1,3359191.00,1013794.00,2345397.00,410252.00,135404.00,45721.00,660001.00,617507.00,42494.00,588.00,9099.00,0.00,0.00,32807.00,1094018.00,375812.00,2983379.00,19.65,28.14
1967:Q2,3405173.00,1028913.00,2376260.00,421951.00,130956.00,46643.00,667207.00,622982.00,44225.00,595.00,9364.00,0.00,0.00,34266.00,1109503.00,383147.00,3022026.00,19.59,28.08
1967:Q3,3497633.00,1047814.00,2449819.00,433419.00,135391.00,47453.00,707949.00,659985.00,47964.00,633.00,10104.00,0.00,0.00,37227.00,1125607.00,389209.00,3108424.00,20.24,28.90
1967:Q4,3585127.00,1074443.00,2510684.00,446058.00,138540.00,48766.00,731403.00,682128.00,49275.00,1058.00,10221.00,0.00,0.00,37996.00,1145917.00,410869.00,3174258.00,20.40,29.13
1968:Q1,3596684.00,1104938.00,2491746.00,450905.00,141524.00,48881.00,677926.00,632831.00,45095.00,996.00,9656.00,0.00,0.00,34443.00,1172510.00,402468.00,3194216.00,18.85,27.21
1968:Q2,3747899.00,1130406.00,2617493.00,458357.00,143140.00,51479.00,771735.00,718675.00,53060.00,1158.00,11195.00,0.00,0.00,40707.00,1192782.00,415182.00,3332717.00,20.59,29.48
1968:Q3,3817509.00,1152242.00,2665267.00,470535.00,143799.00,53888.00,783537.00,727875.00,55662.00,1225.00,11774.00,0.00,0.00,42663.00,1213508.00,422781.00,3394728.00,20.52,29.40
1968:Q4,3999517.00,1200813.00,2798704.00,485278.00,142347.00,53960.00,874121.00,815334.00,58787.00,1946.00,12291.00,0.00,0.00,44550.00,1242998.00,436144.00,3563373.00,21.86,31.23
1969:Q1,4014851.00,1233242.00,2781609.00,482823.00,153352.00,48804.00,826872.00,770526.00,56346.00,1938.00,12163.00,0.00,0.00,42245.00,1269758.00,434920.00,3579931.00,20.60,29.73
1969:Q2,4031743.00,1259294.00,2772449.00,489073.00,151707.00,50309.00,788211.00,733883.00,54328.00,1960.00,12185.00,0.00,0.00,40183.00,1293149.00,446332.00,3585411.00,19.55,28.43
1969:Q3,4057899.00,1278065.00,2779834.00,486346.00,166329.00,47642.00,766226.00,713075.00,53151.00,1938.00,11951.00,0.00,0.00,39262.00,1313291.00,452181.00,3605718.00,18.88,27.56
1969:Q4,4087216.00,1308560.00,2778656.00,492217.00,173721.00,51888.00,721546.00,667356.00,54190.00,2774.00,12285.00,0.00,0.00,39131.00,1339284.00,463780.00,3623436.00,17.65,25.97
1970:Q1,4104313.00,1318187.00,2786126.00,489126.00,181965.00,48591.00,700887.00,643541.00,57346.00,2787.00,15335.00,0.00,0.00,39224.00,1365558.00,456241.00,3648072.00,17.08,25.16
1970:Q2,4039352.00,1356672.00,2682680.00,503670.00,174609.00,49323.00,553897.00,509525.00,44372.00,2234.00,12530.00,0.00,0.00,29608.00,1401182.00,462800.00,3576552.00,13.71,20.65
1970:Q3,4175860.00,1362730.00,2813130.00,525371.00,176587.00,51592.00,645736.00,593764.00,51972.00,2755.00,14978.00,0.00,0.00,34239.00,1413845.00,469739.00,3706121.00,15.46,22.95
1970:Q4,4310305.00,1390695.00,2919610.00,542084.00,175866.00,53672.00,708715.00,650213.00,58502.00,4006.00,16772.00,0.00,0.00,37724.00,1439273.00,478741.00,3831564.00,16.44,24.27
1971:Q1,4475696.00,1427016.00,3048680.00,566008.00,172963.00,51838.00,780596.00,712824.00,67772.00,4615.00,19215.00,0.00,0.00,43942.00,1477275.00,481494.00,3994202.00,17.44,25.60
1971:Q2,4559183.00,1460907.00,3098276.00,587212.00,170386.00,52070.00,777410.00,708482.00,68928.00,4742.00,19734.00,0.00,0.00,44452.00,1511198.00,495146.00,4064037.00,17.05,25.09
1971:Q3,4628815.00,1490713.00,3138102.00,602289.00,176064.00,50141.00,763604.00,693654.00,69950.00,5015.00,20825.00,0.00,0.00,44110.00,1546004.00,507890.00,4120925.00,16.50,24.33
1971:Q4,4764391.00,1517856.00,3246535.00,623085.00,172142.00,50938.00,818845.00,743724.00,75121.00,6477.00,22163.00,0.00,0.00,46481.00,1581524.00,524086.00,4240305.00,17.19,25.22
1972:Q1,4928163.00,1570862.00,3357301.00,642135.00,173982.00,49756.00,865384.00,785993.00,79391.00,7123.00,24058.00,0.00,0.00,48210.00,1626043.00,531333.00,4396830.00,17.56,25.78
1972:Q2,5008176.00,1600620.00,3407556.00,660459.00,172035.00,50502.00,860783.00,781697.00,79086.00,7303.00,24271.00,0.00,0.00,47512.00,1663777.00,551272.00,4456904.00,17.19,25.26
1972:Q3,5145886.00,1649557.00,3496329.00,684343.00,173407.00,48996.00,880762.00,801771.00,78991.00,7617.00,24841.00,0.00,0.00,46533.00,1708821.00,566724.00,4579162.00,17.12,25.19
1972:Q4,5408203.00,1714193.00,3694010.00,708627.00,172445.00,50969.00,1006561.00,921384.00,85177.00,8727.00,26954.00,0.00,0.00,49496.00,1755409.00,585423.00,4822780.00,18.61,27.25
1973:Q1,5444428.00,1758650.00,3685778.00,728596.00,178799.00,48140.00,930053.00,853489.00,76564.00,8486.00,25565.00,0.00,0.00,42513.00,1800190.00,597546.00,4846882.00,17.08,25.23
1973:Q2,5500812.00,1819079.00,3681733.00,746387.00,180412.00,49631.00,856213.00,786769.00,69444.00,8169.00,23900.00,0.00,0.00,37375.00,1849090.00,616455.00,4884357.00,15.57,23.26
1973:Q3,5704300.00,1891192.00,3813108.00,758496.00,191245.00,48255.00,909600.00,833421.00,76179.00,9216.00,26195.00,0.00,0.00,40768.00,1905512.00,635549.00,5068751.00,15.95,23.85
1973:Q4,5681301.00,1943160.00,3738141.00,777359.00,193417.00,50804.00,761088.00,693870.00,67218.00,7924.00,23389.00,0.00,0.00,35905.00,1955473.00,651963.00,5029338.00,13.40,20.36
1974:Q1,5716425.00,1944362.00,3772063.00,794682.00,201472.00,49251.00,730203.00,664408.00,65795.00,8373.00,24216.00,0.00,0.00,33206.00,1996455.00,656014.00,5060411.00,12.77,19.36
1974:Q2,5717720.00,1962167.00,3755553.00,811359.00,201468.00,52085.00,651160.00,591895.00,59265.00,7823.00,22141.00,0.00,0.00,29301.00,2039482.00,676607.00,5041113.00,11.39,17.34
1974:Q3,5683701.00,2002013.00,3681688.00,820525.00,217150.00,52982.00,484388.00,440798.00,43590.00,5921.00,16570.00,0.00,0.00,21099.00,2106643.00,694827.00,4988874.00,8.52,13.16
1974:Q4,5842216.00,2064399.00,3777817.00,840814.00,226496.00,54027.00,493713.00,445034.00,48679.00,6146.00,18689.00,0.00,0.00,23844.00,2162766.00,707818.00,5134398.00,8.45,13.07
1975:Q1,6099467.00,2142379.00,3957088.00,857327.00,225763.00,47484.00,610208.00,547842.00,62366.00,7419.00,25731.00,0.00,0.00,29216.00,2216306.00,706942.00,5392525.00,10.00,15.42
1975:Q2,6348258.00,2216102.00,4132156.00,885773.00,224362.00,50693.00,699056.00,625664.00,73392.00,8536.00,30802.00,0.00,0.00,34054.00,2272272.00,720672.00,5627586.00,11.01,16.92
1975:Q3,6350144.00,2228730.00,4121414.00,902855.00,238529.00,50994.00,608782.00,544752.00,64030.00,7431.00,27970.00,0.00,0.00,28629.00,2320254.00,740457.00,5609687.00,9.59,14.77
1975:Q4,6539409.00,2286480.00,4252929.00,924544.00,250522.00,55203.00,654427.00,584599.00,69828.00,9276.00,30240.00,0.00,0.00,30312.00,2368233.00,763776.00,5775633.00,10.01,15.39
1976:Q1,6754130.00,2335010.00,4419120.00,948185.00,248799.00,56153.00,758240.00,677976.00,80264.00,10644.00,34626.00,0.00,0.00,34994.00,2407743.00,773207.00,5980923.00,11.23,17.16
1976:Q2,6955037.00,2420296.00,4534741.00,977066.00,253120.00,55980.00,777006.00,696689.00,80317.00,10834.00,34596.00,0.00,0.00,34887.00,2471569.00,799859.00,6155178.00,11.17,17.13
1976:Q3,7093531.00,2471441.00,4622090.00,999020.00,257937.00,56093.00,786229.00,707098.00,79131.00,11069.00,34586.00,0.00,0.00,33476.00,2522810.00,824919.00,6268612.00,11.08,17.01
1976:Q4,7286806.00,2543109.00,4743697.00,1026178.00,262109.00,60263.00,811698.00,731164.00,80534.00,12179.00,35140.00,0.00,0.00,33215.00,2583449.00,853021.00,6433785.00,11.14,17.11
1977:Q1,7407376.00,2630011.00,4777365.00,1060554.00,264159.00,55059.00,747401.00,673643.00,73758.00,11512.00,33238.00,0.00,0.00,29008.00,2650193.00,869833.00,6537543.00,10.09,15.64
1977:Q2,7626489.00,2742964.00,4883525.00,1084846.00,260958.00,56724.00,768317.00,691483.00,76834.00,11881.00,34491.00,0.00,0.00,30462.00,2712680.00,908466.00,6718023.00,10.07,15.73
1977:Q3,7802398.00,2839331.00,4963067.00,1118383.00,264828.00,55013.00,735376.00,661389.00,73987.00,11506.00,33733.00,0.00,0.00,28748.00,2789467.00,946550.00,6855848.00,9.43,14.82
1977:Q4,7997122.00,2947307.00,5049815.00,1142469.00,271842.00,60722.00,704789.00,630970.00,73819.00,10940.00,34611.00,0.00,0.00,28268.00,2869993.00,984299.00,7012823.00,8.81,13.96
1978:Q1,8188109.00,3042454.00,5145655.00,1173350.00,279779.00,58327.00,664056.00,593085.00,70971.00,10565.00,34181.00,0.00,0.00,26225.00,2970143.00,1007196.00,7180913.00,8.11,12.91
1978:Q2,8487392.00,3172608.00,5314784.00,1202905.00,280821.00,62616.00,709443.00,631131.00,78312.00,11524.00,38367.00,0.00,0.00,28421.00,3058999.00,1057457.00,7429935.00,8.36,13.35
1978:Q3,8782677.00,3288658.00,5494019.00,1235475.00,288345.00,66687.00,758829.00,671927.00,86902.00,12586.00,43231.00,0.00,0.00,31085.00,3144684.00,1104827.00,7677850.00,8.64,13.81
1978:Q4,8998372.00,3408005.00,5590367.00,1257951.00,300369.00,73592.00,721923.00,640129.00,81794.00,11466.00,42086.00,0.00,0.00,28242.00,3236532.00,1146972.00,7851400.00,8.02,12.91
1979:Q1,9335836.00,3561983.00,5773853.00,1280615.00,312416.00,69082.00,768879.00,678821.00,90058.00,12197.00,48762.00,0.00,0.00,29099.00,3342861.00,1173597.00,8162239.00,8.24,13.32
1979:Q2,9651195.00,3717561.00,5933634.00,1310051.00,322334.00,74717.00,783358.00,692151.00,91207.00,12337.00,49791.00,0.00,0.00,29079.00,3443174.00,1220253.00,8430942.00,8.12,13.20
1979:Q3,9984822.00,3845333.00,6139489.00,1351660.00,328668.00,79654.00,833141.00,736043.00,97098.00,13174.00,53555.00,0.00,0.00,30369.00,3546366.00,1269760.00,8715062.00,8.34,13.57
1979:Q4,10306390.00,3962029.00,6344361.00,1375876.00,367277.00,86010.00,864934.00,767889.00,97045.00,12811.00,55139.00,0.00,2828.00,26267.00,3650265.00,1314583.00,8991807.00,8.39,13.63
1980:Q1,10521246.00,4113215.00,6408031.00,1405586.00,373207.00,89737.00,796561.00,705845.00,90716.00,11954.00,48189.00,0.00,2965.00,27608.00,3742940.00,1342943.00,9178303.00,7.57,12.43
1980:Q2,10892696.00,4223790.00,6668906.00,1444047.00,367437.00,95007.00,909566.00,807631.00,101935.00,13310.00,54914.00,0.00,3106.00,30605.00,3852850.00,1362789.00,9529907.00,8.35,13.64
1980:Q3,11333902.00,4369674.00,6964228.00,1493209.00,373807.00,102933.00,1023164.00,909904.00,113260.00,14419.00,60584.00,0.00,3470.00,34787.00,3971115.00,1398505.00,9935397.00,9.03,14.69
1980:Q4,11714847.00,4451151.00,7263696.00,1539778.00,390063.00,109476.00,1133976.00,1010470.00,123506.00,17582.00,64395.00,0.00,3789.00,37740.00,4090402.00,1440572.00,10274275.00,9.68,15.61
1981:Q1,11919753.00,4514660.00,7405093.00,1582576.00,387945.00,104005.00,1139839.00,1014946.00,124893.00,17894.00,65064.00,0.00,3980.00,37955.00,4190728.00,1452620.00,10467133.00,9.56,15.39
1981:Q2,12228503.00,4715711.00,7512792.00,1616936.00,391046.00,108699.00,1115984.00,992933.00,123051.00,17863.00,63568.00,0.00,4011.00,37609.00,4280127.00,1489394.00,10739109.00,9.13,14.85
1981:Q3,12341919.00,4841960.00,7499959.00,1677852.00,408468.00,111927.00,947864.00,836812.00,111052.00,16392.00,58169.00,0.00,3646.00,32845.00,4353849.00,1519857.00,10822062.00,7.68,12.64
1981:Q4,12661733.00,4916756.00,7744977.00,1744317.00,418750.00,119766.00,1024146.00,905145.00,119001.00,16759.00,62777.00,0.00,3968.00,35497.00,4437998.00,1550692.00,11111041.00,8.09,13.22
1982:Q1,12761218.00,5030334.00,7730884.00,1773262.00,434677.00,119980.00,891541.00,775113.00,116428.00,15505.00,64699.00,0.00,3754.00,32470.00,4511424.00,1554941.00,11206277.00,6.99,11.53
1982:Q2,12894113.00,5075104.00,7819009.00,1806790.00,450017.00,125915.00,862036.00,745219.00,116817.00,14966.00,66169.00,0.00,3776.00,31906.00,4574250.00,1579816.00,11314297.00,6.69,11.02
1982:Q3,13124573.00,5096936.00,8027637.00,1864782.00,480668.00,122082.00,930818.00,796027.00,134791.00,16739.00,77133.00,0.00,4237.00,36682.00,4629287.00,1589863.00,11534710.00,7.09,11.60
1982:Q4,13488918.00,5148110.00,8340808.00,1924243.00,468336.00,134201.00,1117889.00,966318.00,151571.00,20262.00,81341.00,0.00,5075.00,44893.00,4696139.00,1624369.00,11864549.00,8.29,13.40
1983:Q1,13822973.00,5214003.00,8608970.00,1978275.00,482527.00,127671.00,1230916.00,1058391.00,172525.00,21955.00,92031.00,0.00,5684.00,52855.00,4789581.00,1616648.00,12206325.00,8.90,14.30
1983:Q2,14166817.00,5274275.00,8892542.00,2005103.00,513015.00,130213.00,1379869.00,1179666.00,200203.00,24360.00,104200.00,0.00,6365.00,65278.00,4864343.00,1666798.00,12500019.00,9.74,15.52
1983:Q3,14367585.00,5340978.00,9026607.00,2055065.00,557040.00,130445.00,1346197.00,1146214.00,199983.00,24327.00,101865.00,0.00,6449.00,67342.00,4937860.00,1725156.00,12642429.00,9.37,14.91
1983:Q4,14518799.00,5410790.00,9108009.00,2104006.00,553406.00,133886.00,1289253.00,1088573.00,200680.00,24771.00,100688.00,0.00,6554.00,68667.00,5027458.00,1788160.00,12730639.00,8.88,14.16
1984:Q1,14775881.00,5608263.00,9167618.00,2160739.00,556197.00,129801.00,1226688.00,1023778.00,202910.00,23606.00,106341.00,0.00,6587.00,66376.00,5094193.00,1822137.00,12953744.00,8.30,13.38
1984:Q2,15042235.00,5771742.00,9270493.00,2232964.00,610643.00,131162.00,1153744.00,959429.00,194315.00,22673.00,101137.00,0.00,6344.00,64161.00,5141980.00,1887385.00,13154850.00,7.67,12.45
1984:Q3,15416420.00,5923355.00,9493065.00,2279069.00,643691.00,135305.00,1223918.00,1008919.00,214999.00,24466.00,111438.00,0.00,6945.00,72150.00,5211082.00,1941817.00,13474603.00,7.94,12.89
1984:Q4,15736180.00,6067092.00,9669088.00,2381442.00,633626.00,130906.00,1234437.00,1009964.00,224473.00,23848.00,118096.00,0.00,7153.00,75376.00,5288677.00,2007932.00,13728248.00,7.84,12.77
1985:Q1,16200012.00,6228726.00,9971286.00,2421688.00,702850.00,147256.00,1331366.00,1069654.00,261712.00,25860.00,145691.00,0.00,7786.00,82375.00,5368126.00,2082856.00,14117156.00,8.22,13.35
1985:Q2,16600937.00,6407423.00,10193514.00,2467775.00,721236.00,157818.00,1399970.00,1131477.00,268493.00,27184.00,137841.00,0.00,8281.00,95187.00,5446715.00,2159299.00,14441638.00,8.43,13.73
1985:Q3,16866951.00,6595969.00,10270982.00,2511241.00,752566.00,151605.00,1312939.00,1050818.00,262121.00,25449.00,131000.00,0.00,8076.00,97596.00,5542632.00,2250661.00,14616290.00,7.78,12.78
1985:Q4,17583989.00,6784061.00,10799928.00,2644945.00,777698.00,165942.00,1551584.00,1226872.00,324712.00,33327.00,171689.00,0.00,9434.00,110262.00,5659758.00,2362188.00,15221801.00,8.82,14.37
1986:Q1,18114912.00,6911029.00,11203883.00,2702893.00,772900.00,167507.00,1757718.00,1390552.00,367166.00,36439.00,184041.00,0.00,11348.00,135338.00,5802865.00,2386674.00,15728238.00,9.70,15.69
1986:Q2,18547666.00,7079927.00,11467739.00,2760642.00,787678.00,161641.00,1834500.00,1452430.00,382070.00,38532.00,185750.00,0.00,11879.00,145909.00,5923278.00,2454187.00,16093479.00,9.89,16.00
1986:Q3,18771787.00,7257929.00,11513858.00,2827155.00,789176.00,162446.00,1671687.00,1317074.00,354613.00,35222.00,165791.00,0.00,11343.00,142257.00,6063394.00,2538893.00,16232894.00,8.91,14.52
1986:Q4,19412190.00,7422348.00,11989842.00,2920511.00,820897.00,171599.00,1866642.00,1495169.00,371473.00,38285.00,167486.00,0.00,11848.00,153854.00,6210193.00,2627366.00,16784824.00,9.62,15.57
1987:Q1,20078376.00,7585710.00,12492666.00,2901806.00,843852.00,172468.00,2219283.00,1768928.00,450355.00,47209.00,197539.00,0.00,14596.00,191011.00,6355257.00,2634844.00,17443532.00,11.05,17.76
1987:Q2,20457151.00,7755342.00,12701809.00,2946155.00,910442.00,170858.00,2242416.00,1756493.00,485923.00,49449.00,218473.00,0.00,15184.00,202817.00,6431937.00,2725924.00,17731227.00,10.96,17.65
1987:Q3,20950018.00,7919103.00,13030915.00,2991263.00,978023.00,171409.00,2357421.00,1837446.00,519974.00,53345.00,241144.00,0.00,15939.00,209546.00,6532800.00,2802776.00,18147242.00,11.25,18.09
1987:Q4,20848956.00,8040295.00,12808661.00,3081110.00,1001565.00,158917.00,1897044.00,1472855.00,424189.00,43188.00,206163.00,0.00,12527.00,162311.00,6670024.00,2851383.00,17997573.00,9.10,14.81
1988:Q1,21365297.00,8208166.00,13157131.00,3159647.00,1004330.00,160915.00,2024363.00,1573991.00,450372.00,45906.00,219749.00,0.00,13317.00,171400.00,6807875.00,2892852.00,18472445.00,9.48,15.39
1988:Q2,21853916.00,8425281.00,13428635.00,3178670.00,1044831.00,163831.00,2115366.00,1651625.00,463742.00,47150.00,225774.00,0.00,13801.00,177017.00,6925936.00,2979644.00,18874272.00,9.68,15.75
1988:Q3,22223852.00,8597051.00,13626801.00,3219050.00,1098745.00,164300.00,2106021.00,1661135.00,444886.00,48598.00,213536.00,5.00,13714.00,169033.00,7038685.00,3058591.00,19165261.00,9.48,15.45
1988:Q4,22785622.00,8763201.00,14022421.00,3285045.00,1204559.00,165390.00,2206841.00,1766266.00,440575.00,46288.00,212284.00,7.00,13978.00,168018.00,7160586.00,3136762.00,19648860.00,9.69,15.74
1989:Q1,23262865.00,8925252.00,14337613.00,3318095.00,1247704.00,167247.00,2312035.00,1843660.00,468375.00,48684.00,230730.00,18.00,14639.00,174304.00,7292532.00,3173479.00,20089386.00,9.94,16.13
1989:Q2,23754624.00,9092804.00,14661820.00,3334406.00,1256114.00,175460.00,2452868.00,1942620.00,510247.00,53059.00,247975.00,27.00,15530.00,193656.00,7442972.00,3259199.00,20495425.00,10.33,16.73
1989:Q3,24386469.00,9325873.00,15060596.00,3393472.00,1290345.00,169662.00,2651358.00,2098103.00,553255.00,58433.00,266760.00,42.00,16911.00,211109.00,7555759.00,3338894.00,21047575.00,10.87,17.60
1989:Q4,24834722.00,9464624.00,15370098.00,3447725.00,1297514.00,183580.00,2735053.00,2177525.00,557528.00,51354.00,277692.00,55.00,17105.00,211322.00,7706227.00,3421964.00,21412758.00,11.01,17.79
1990:Q1,25008205.00,9601705.00,15406500.00,3473837.00,1342307.00,182283.00,2582804.00,2054436.00,528368.00,48982.00,265048.00,89.00,16474.00,197775.00,7825270.00,3480742.00,21527463.00,10.33,16.76
1990:Q2,25314535.00,9664082.00,15650453.00,3460295.00,1387238.00,186507.00,2690800.00,2127841.00,562959.00,56069.00,273297.00,123.00,17416.00,216054.00,7925613.00,3554538.00,21759998.00,10.63,17.19
1990:Q3,25149123.00,9736619.00,15412504.00,3492292.00,1450244.00,192217.00,2248452.00,1762010.00,486443.00,48281.00,247424.00,142.00,14793.00,175803.00,8029299.00,3627712.00,21521411.00,8.94,14.59
1990:Q4,25664546.00,9746913.00,15917633.00,3526710.00,1535570.00,204085.00,2517624.00,1981360.00,536264.00,52855.00,273630.00,340.00,15975.00,193464.00,8133643.00,3692159.00,21972386.00,9.81,15.82
1991:Q1,26301588.00,9815784.00,16485804.00,3608001.00,1518891.00,203722.00,2907604.00,2319065.00,588539.00,46642.00,314482.00,449.00,18123.00,208843.00,8247587.00,3704249.00,22597339.00,11.05,17.64
1991:Q2,26389837.00,9866588.00,16523249.00,3528081.00,1566446.00,203332.00,2881074.00,2287419.00,593655.00,49337.00,313213.00,474.00,18088.00,212543.00,8344316.00,3775069.00,22614768.00,10.92,17.44
1991:Q3,26690523.00,9898910.00,16791613.00,3502057.00,1572751.00,215491.00,3074129.00,2428254.00,645875.00,53795.00,335496.00,751.00,19196.00,236637.00,8427185.00,3826321.00,22864203.00,11.52,18.31
1991:Q4,27347360.00,9957796.00,17389564.00,3517887.00,1563743.00,236591.00,3527700.00,2822437.00,705263.00,61203.00,368215.00,1045.00,20666.00,254134.00,8543642.00,3904177.00,23443183.00,12.90,20.29
1992:Q1,27428617.00,10056619.00,17371998.00,3412601.00,1627158.00,218125.00,3470135.00,2727671.00,742464.00,64689.00,365665.00,1385.00,20182.00,290543.00,8643979.00,3918367.00,23510250.00,12.65,19.98
1992:Q2,27561256.00,10099621.00,17461635.00,3400049.00,1611630.00,225013.00,3458417.00,2688502.00,769915.00,66452.00,381740.00,1696.00,20443.00,299584.00,8766526.00,3967192.00,23594064.00,12.55,19.81
1992:Q3,27904538.00,10188309.00,17716229.00,3347229.00,1629758.00,223370.00,3581875.00,2772559.00,809316.00,69498.00,400954.00,2001.00,20977.00,315886.00,8933997.00,4031401.00,23873138.00,12.84,20.22
1992:Q4,28582386.00,10274255.00,18308131.00,3360722.00,1669828.00,219884.00,4000989.00,3112850.00,888139.00,78771.00,429031.00,2415.00,22313.00,355609.00,9056709.00,4111764.00,24470622.00,14.00,21.85
1993:Q1,28929419.00,10296827.00,18632592.00,3303366.00,1697266.00,233392.00,4163640.00,3198127.00,965513.00,85561.00,469076.00,2929.00,23328.00,384619.00,9234928.00,4120465.00,24808954.00,14.39,22.35
1993:Q2,29264064.00,10410658.00,18853406.00,3291414.00,1693000.00,242792.00,4245275.00,3208966.00,1036309.00,91989.00,491359.00,3293.00,23701.00,425967.00,9380926.00,4191389.00,25072674.00,14.51,22.52
1993:Q3,29708172.00,10526216.00,19181956.00,3288847.00,1669417.00,237823.00,4451966.00,3324804.00,1127162.00,104237.00,513252.00,3779.00,23562.00,482332.00,9533903.00,4286445.00,25421726.00,14.99,23.21
1993:Q4,30241845.00,10651510.00,19590335.00,3286292.00,1737155.00,238383.00,4659785.00,3478889.00,1180896.00,113267.00,524866.00,4398.00,24596.00,513769.00,9668721.00,4384988.00,25856857.00,15.41,23.79
1994:Q1,30425028.00,10747237.00,19677791.00,3264727.00,1887155.00,240864.00,4497281.00,3316875.00,1180406.00,116403.00,515860.00,4792.00,24055.00,519296.00,9787764.00,4416722.00,26008306.00,14.78,22.85
1994:Q2,30689006.00,10874854.00,19814152.00,3213319.00,1995785.00,236972.00,4457781.00,3250488.00,1207293.00,122008.00,532243.00,5179.00,24289.00,523574.00,9910296.00,4500285.00,26188721.00,14.53,22.50
1994:Q3,31128086.00,10994724.00,20133362.00,3211765.00,2047081.00,235203.00,4611826.00,3310075.00,1301751.00,133492.00,567946.00,5832.00,25622.00,568859.00,10027486.00,4591663.00,26536423.00,14.82,22.91
1994:Q4,31502173.00,11089861.00,20412312.00,3245555.00,2236574.00,232997.00,4610739.00,3350509.00,1260230.00,135683.00,559852.00,6179.00,25405.00,533111.00,10086446.00,4712612.00,26789561.00,14.64,22.59
1995:Q1,32097820.00,11177547.00,20920273.00,3296976.00,2191485.00,236155.00,4964393.00,3601795.00,1362598.00,148553.00,606676.00,7171.00,27361.00,572837.00,10231263.00,4743331.00,27354489.00,15.47,23.73
1995:Q2,32743526.00,11275232.00,21468294.00,3360581.00,2142891.00,236336.00,5345372.00,3850083.00,1495289.00,169279.00,652046.00,8508.00,29822.00,635634.00,10383113.00,4837822.00,27905704.00,16.32,24.90
1995:Q3,33510551.00,11389826.00,22120725.00,3378795.00,2176439.00,236531.00,5796492.00,4148484.00,1648008.00,186479.00,719997.00,9946.00,32461.00,699125.00,10532468.00,4951058.00,28559493.00,17.30,26.20
1995:Q4,34264742.00,11497298.00,22767444.00,3426588.00,2165245.00,254742.00,6222275.00,4498259.00,1724016.00,193298.00,769984.00,11459.00,34288.00,714987.00,10698593.00,5046900.00,29217842.00,18.16,27.33
1996:Q1,34968787.00,11636795.00,23331992.00,3527960.00,2175448.00,263409.00,6548791.00,4680822.00,1867969.00,214731.00,811744.00,13121.00,35852.00,792521.00,10816385.00,5109221.00,29859566.00,18.73,28.07
1996:Q2,35493580.00,11739536.00,23754044.00,3508230.00,2259253.00,258588.00,6821076.00,4830299.00,1990777.00,234145.00,835993.00,14964.00,37046.00,868629.00,10906897.00,5211234.00,30282346.00,19.22,28.72
1996:Q3,35881823.00,11859069.00,24022754.00,3543625.00,2270930.00,255694.00,6934697.00,4847812.00,2086885.00,249978.00,872794.00,16362.00,37827.00,909924.00,11017808.00,5307513.00,30574309.00,19.33,28.87
1996:Q4,36323072.00,11985981.00,24337091.00,3564631.00,2282024.00,292317.00,6991023.00,4756067.00,2234956.00,274841.00,919105.00,18778.00,72014.00,950218.00,11207097.00,5409259.00,30913813.00,19.25,28.73
1997:Q1,36759443.00,12172829.00,24586614.00,3608276.00,2247446.00,281651.00,7021025.00,4755943.00,2265082.00,284099.00,916831.00,20177.00,76239.00,967736.00,11428216.00,5452467.00,31306975.00,19.10,28.56
1997:Q2,38305549.00,12311266.00,25994283.00,3614302.00,2198643.00,297645.00,8260611.00,5620269.00,2640342.00,340055.00,1062354.00,24842.00,86245.00,1126846.00,11623082.00,5552913.00,32752636.00,21.57,31.78
1997:Q3,39521174.00,12475749.00,27045425.00,3668832.00,2168812.00,298819.00,9074067.00,6117313.00,2956754.00,384323.00,1181588.00,27943.00,93488.00,1269412.00,11834895.00,5662792.00,33858382.00,22.96,33.55
1997:Q4,40087375.00,12688382.00,27398993.00,3730942.00,2160938.00,314609.00,9139255.00,6191067.00,2948188.00,387438.00,1165367.00,29946.00,97406.00,1268031.00,12053249.00,5763193.00,34324182.00,22.80,33.36
1998:Q1,41945824.00,12947864.00,28997960.00,3776127.00,2166802.00,337842.00,10390904.00,6992266.00,3398638.00,453851.00,1319674.00,35224.00,108355.00,1481534.00,12326286.00,5819282.00,36126542.00,24.77,35.83
1998:Q2,42633746.00,13194540.00,29439206.00,3764861.00,2237372.00,350182.00,10601279.00,7119830.00,3481448.00,471581.00,1315895.00,37848.00,113466.00,1542658.00,12485512.00,5961539.00,36672207.00,24.87,36.01
1998:Q3,41799634.00,13476276.00,28323358.00,3805970.00,2221930.00,387237.00,9230232.00,6193207.00,3037025.00,407912.00,1148771.00,34445.00,110212.00,1335685.00,12677990.00,6064970.00,35734664.00,22.08,32.59
1998:Q4,44325956.00,13777896.00,30548060.00,3938023.00,2179723.00,382066.00,11198198.00,7526071.00,3672127.00,507976.00,1402321.00,42960.00,125243.00,1593627.00,12850050.00,6203435.00,38122521.00,25.26,36.66
1999:Q1,45055182.00,14028532.00,31026650.00,3977913.00,2240241.00,379304.00,11444357.00,7641316.00,3803041.00,538667.00,1450313.00,46203.00,134484.00,1633374.00,12984835.00,6286458.00,38768723.00,25.40,36.89
1999:Q2,46417668.00,14290706.00,32126962.00,3912425.00,2288143.00,381753.00,12459507.00,8340309.00,4119199.00,598851.00,1543493.00,50782.00,147046.00,1779027.00,13085134.00,6433880.00,39983789.00,26.84,38.78
1999:Q3,46339323.00,14633454.00,31705869.00,3972441.00,2323858.00,402356.00,11770672.00,7855918.00,3914754.00,573139.00,1458368.00,48476.00,152008.00,1682763.00,13236542.00,6594416.00,39744907.00,25.40,37.12
1999:Q4,49648779.00,14967264.00,34681515.00,4122976.00,2397303.00,446425.00,14276770.00,9619135.00,4657635.00,728550.00,1644806.00,56909.00,170470.00,2056900.00,13438042.00,6761134.00,42887646.00,28.76,41.17
2000:Q1,51110116.00,15422166.00,35687950.00,4248827.00,2291907.00,505216.00,15045115.00,10026975.00,5018141.00,798449.00,1725355.00,60405.00,172392.00,2261540.00,13596885.00,6886618.00,44223498.00,29.44,42.16
2000:Q2,50818835.00,15889610.00,34929225.00,4238259.00,2268854.00,489586.00,14198243.00,9351262.00,4846981.00,768425.00,1697871.00,60060.00,168252.00,2152373.00,13734283.00,7034500.00,43784335.00,27.94,40.65
2000:Q3,51636631.00,16419111.00,35217520.00,4282946.00,2238928.00,509531.00,14098728.00,9226703.00,4872024.00,776482.00,1719206.00,60715.00,165583.00,2150038.00,14087387.00,7219798.00,44416834.00,27.30,40.03
2000:Q4,50877719.00,16915383.00,33962336.00,4454639.00,2257560.00,558446.00,12381138.00,7974639.00,4406499.00,700503.00,1608473.00,56576.00,157105.00,1883842.00,14310554.00,7358504.00,43519216.00,24.34,36.46
2001:Q1,50009332.00,17362913.00,32646419.00,4726477.00,2161592.00,547738.00,10731867.00,6848106.00,3883762.00,596510.00,1454403.00,49059.00,144993.00,1638797.00,14478746.00,7404205.00,42605128.00,21.46,32.87
2001:Q2,51448273.00,17747523.00,33700750.00,4742621.00,2132666.00,555238.00,11568703.00,7375086.00,4193617.00,644442.00,1541573.00,52733.00,145882.00,1808987.00,14701522.00,7605571.00,43842702.00,22.49,34.33
2001:Q3,50261181.00,18170744.00,32090437.00,4857733.00,2112332.00,648373.00,9554821.00,6014472.00,3540349.00,524449.00,1352456.00,43796.00,133852.00,1485796.00,14917178.00,7853491.00,42407690.00,19.01,29.77
2001:Q4,51943547.00,18432970.00,33510577.00,4974752.00,2058517.00,606233.00,10822546.00,6873677.00,3948869.00,604811.00,1451301.00,49091.00,137128.00,1706538.00,15048529.00,7985787.00,43957759.00,20.84,32.30
2002:Q1,52733023.00,18769213.00,33963810.00,5071502.00,2088764.00,593344.00,10922711.00,6904136.00,4018575.00,625813.00,1504316.00,50618.00,133462.00,1704366.00,15287488.00,8115721.00,44617301.00,20.71,32.16
2002:Q2,51886901.00,19178283.00,32708618.00,5014519.00,2092608.00,559110.00,9567071.00,5991183.00,3575888.00,544922.00,1336767.00,44660.00,122910.00,1526629.00,15475310.00,8304938.00,43581963.00,18.44,29.25
2002:Q3,50824585.00,19623525.00,31201060.00,5137105.00,1937910.00,555190.00,7829637.00,4875839.00,2953798.00,429411.00,1150507.00,35913.00,110663.00,1227304.00,15741219.00,8499304.00,42325281.00,15.41,25.09
2002:Q4,52226156.00,20035510.00,32190646.00,5232054.00,1996370.00,552809.00,8360948.00,5221556.00,3139392.00,471899.00,1215240.00,39036.00,109552.00,1303665.00,16048464.00,8765546.00,43460609.00,16.01,25.97
2003:Q1,52720921.00,20442838.00,32278083.00,5440203.00,1890996.00,566159.00,7968905.00,4865663.00,3103242.00,451006.00,1228482.00,37454.00,113760.00,1272540.00,16411820.00,8958759.00,43762162.00,15.12,24.69
2003:Q2,54852323.00,20854878.00,33997445.00,5466598.00,1778099.00,666635.00,9344595.00,5683287.00,3661308.00,536680.00,1422897.00,46052.00,126158.00,1529521.00,16741519.00,9336274.00,45516049.00,17.04,27.49
2003:Q3,56078492.00,21356177.00,34722315.00,5385880.00,1842224.00,653669.00,9853227.00,5998489.00,3854739.00,577267.00,1452152.00,51171.00,133748.00,1640401.00,16987315.00,9591582.00,46486910.00,17.57,28.38
2003:Q4,58640965.00,21933150.00,36707815.00,5475815.00,2142649.00,636199.00,11189993.00,6811929.00,4378064.00,666550.00,1624659.00,62138.00,145889.00,1878828.00,17263160.00,9842484.00,48798482.00,19.08,30.48
2004:Q1,61132700.00,22639493.00,38493207.00,5644747.00,2887447.00,676432.00,11537336.00,6956839.00,4580498.00,696759.00,1657632.00,66566.00,151560.00,2007981.00,17747245.00,10044316.00,51088384.00,18.87,29.97
2004:Q2,62553268.00,23450991.00,39102277.00,5679395.00,2928032.00,703466.00,11560974.00,6930756.00,4630218.00,713912.00,1676823.00,68678.00,155934.00,2014871.00,18230409.00,10365857.00,52187411.00,18.48,29.57
2004:Q3,63762423.00,24236328.00,39526095.00,5677449.00,2940332.00,694226.00,11372729.00,6761052.00,4611676.00,708216.00,1660869.00,68803.00,158749.00,2015039.00,18841358.00,10630304.00,53132119.00,17.84,28.77
2004:Q4,66803658.00,25065121.00,41738537.00,5838662.00,3095254.00,762103.00,12678910.00,7552843.00,5126067.00,794156.00,1844444.00,79884.00,168958.00,2238625.00,19363609.00,11019622.00,55784036.00,18.98,30.38
2005:Q1,68087373.00,25951664.00,42135709.00,5924774.00,3127936.00,752965.00,12612955.00,7551151.00,5061803.00,783490.00,1820002.00,80842.00,170340.00,2207129.00,19717079.00,11215350.00,56872023.00,18.52,29.93
2005:Q2,69939824.00,26903699.00,43036125.00,5995615.00,3172942.00,765916.00,12938658.00,7736431.00,5202227.00,818982.00,1887439.00,82908.00,174110.00,2238788.00,20162994.00,11540977.00,58398846.00,18.50,30.06
2005:Q3,72015280.00,27793843.00,44221437.00,6116975.00,3091132.00,761243.00,13626968.00,8135611.00,5491357.00,864322.00,1988634.00,88813.00,179971.00,2369617.00,20625119.00,11888652.00,60126628.00,18.92,30.82
2005:Q4,74075125.00,28684482.00,45390643.00,6252620.00,3376778.00,759197.00,13899195.00,8237253.00,5661942.00,892698.00,2076555.00,93102.00,184384.00,2415203.00,21102853.00,12178716.00,61896408.00,18.76,30.62
2006:Q1,76501316.00,29277630.00,47223686.00,6459797.00,3518186.00,851944.00,15032281.00,8977659.00,6054622.00,946621.00,2196773.00,101060.00,192510.00,2617658.00,21361478.00,12536378.00,63964938.00,19.65,31.83
2006:Q2,76713426.00,29442590.00,47270836.00,6548318.00,3609234.00,889113.00,14596040.00,8659413.00,5936628.00,925282.00,2163282.00,98868.00,194994.00,2554202.00,21628130.00,12878196.00,63835230.00,19.03,30.88
2006:Q3,77508917.00,29514539.00,47994378.00,6669837.00,3378187.00,895657.00,15080835.00,8915699.00,6165136.00,962425.00,2265093.00,105248.00,202169.00,2630201.00,21969862.00,13208019.00,64300897.00,19.46,31.42
2006:Q4,79667173.00,29583754.00,50083419.00,6894090.00,3342261.00,892267.00,16624694.00,10195742.00,6428952.00,1043421.00,2192031.00,116666.00,211742.00,2865092.00,22330107.00,13475345.00,66191828.00,20.87,33.19
2007:Q1,80900063.00,29566844.00,51333219.00,7095920.00,3439292.00,934908.00,17192410.00,10574919.00,6617491.00,1060409.00,2222266.00,119001.00,215286.00,3000529.00,22670689.00,13659953.00,67240109.00,21.25,33.49
2007:Q2,81672798.00,29126957.00,52545841.00,7150344.00,3489131.00,996676.00,17997192.00,10934570.00,7062622.00,1130315.00,2347436.00,129098.00,229698.00,3226075.00,22912499.00,13957591.00,67715207.00,22.04,34.25
2007:Q3,81878713.00,28655257.00,53223456.00,7270233.00,3826963.00,998407.00,18016933.00,10804434.00,7212499.00,1162724.00,2381526.00,130417.00,233325.00,3304507.00,23110920.00,14205585.00,67673128.00,22.00,33.85
2007:Q4,80912432.00,28078563.00,52833869.00,7552884.00,3951468.00,1109887.00,17024990.00,10046813.00,6978177.00,1118842.00,2304063.00,127761.00,227068.00,3200443.00,23194640.00,14413118.00,66499314.00,21.04,32.22
2008:Q1,78631029.00,27195909.00,51435120.00,7860133.00,3986915.00,1240127.00,15400153.00,9096020.00,6304133.00,1005218.00,2075779.00,109491.00,203151.00,2910494.00,22947792.00,14549202.00,64081826.00,19.59,29.94
2008:Q2,77023836.00,26156614.00,50867222.00,7690439.00,4396337.00,1226267.00,14871889.00,8622789.00,6249100.00,980652.00,2038347.00,109307.00,202491.00,2918303.00,22682290.00,14477455.00,62546381.00,19.31,29.24
2008:Q3,75031265.00,25420635.00,49610630.00,7863082.00,5038326.00,1243058.00,12885084.00,7495200.00,5389884.00,850018.00,1807405.00,94676.00,175412.00,2462373.00,22581080.00,14620684.00,60410580.00,17.17,25.97
2008:Q4,70517478.00,24403526.00,46113952.00,8169457.00,5093048.00,964406.00,9784639.00,5673299.00,4111340.00,649448.00,1450103.00,73242.00,136161.00,1802386.00,22102402.00,14326874.00,56190603.00,13.88,21.22
2009:Q1,68944381.00,23754274.00,45190107.00,8179525.00,5699792.00,894975.00,8590481.00,4886112.00,3704369.00,578574.00,1325867.00,63949.00,121716.00,1614263.00,21825334.00,14154712.00,54789669.00,12.46,19.01
2009:Q2,69851332.00,23460588.00,46390744.00,8117935.00,5264475.00,906693.00,10452189.00,6009982.00,4442207.00,689796.00,1537801.00,80373.00,144211.00,1990026.00,21649452.00,14131570.00,55719762.00,14.96,22.53
2009:Q3,71263938.00,23301010.00,47962928.00,7961054.00,5024783.00,935938.00,12384233.00,7184759.00,5199474.00,808679.00,1758398.00,96518.00,166228.00,2369651.00,21656920.00,14137429.00,57126509.00,17.38,25.82
2009:Q4,72079109.00,23414620.00,48664489.00,8084206.00,4921034.00,937746.00,12838062.00,7352763.00,5485300.00,848263.00,1842300.00,105253.00,174044.00,2515440.00,21883440.00,14126392.00,57952716.00,17.81,26.38
2010:Q1,73003364.00,23380778.00,49622586.00,7988759.00,4936375.00,941151.00,13472021.00,7683237.00,5788784.00,888901.00,1935534.00,112993.00,181969.00,2669387.00,22284280.00,13996348.00,59007016.00,18.45,27.15
2010:Q2,71973054.00,23421738.00,48551316.00,7910293.00,4763010.00,943977.00,12068209.00,6909590.00,5158619.00,785081.00,1748077.00,99833.00,160690.00,2364938.00,22865827.00,13945192.00,58027861.00,16.77,24.86
2010:Q3,73570095.00,23140700.00,50429395.00,7978910.00,4359746.00,953951.00,13684606.00,7910129.00,5774477.00,885384.00,1937216.00,111741.00,177763.00,2662373.00,23452182.00,13902986.00,59667109.00,18.60,27.14
2010:Q4,75963257.00,23071194.00,52892063.00,8059803.00,4835823.00,954871.00,15156197.00,8792751.00,6363446.00,991373.00,2139677.00,128539.00,194791.00,2909066.00,23885369.00,13863307.00,62099950.00,19.95,28.65
2011:Q1,77320674.00,23038824.00,54281850.00,8137387.00,4756229.00,960798.00,16149811.00,9397973.00,6751838.00,1052862.00,2250557.00,136471.00,200493.00,3111455.00,24277626.00,13819225.00,63501449.00,20.89,29.75
2011:Q2,77539661.00,23025705.00,54513956.00,8335212.00,4491711.00,1007904.00,16092568.00,9358628.00,6733940.00,1043957.00,2239858.00,137557.00,195934.00,3116634.00,24586561.00,13743052.00,63796609.00,20.75,29.52
2011:Q3,75333874.00,23152006.00,52181868.00,8481676.00,4397870.00,1018058.00,13328976.00,7747398.00,5581578.00,850590.00,1905076.00,111482.00,159490.00,2554940.00,24955288.00,13672643.00,61661230.00,17.69,25.54
2011:Q4,77080103.00,23306994.00,53773109.00,8691953.00,4296784.00,954776.00,14429880.00,8400109.00,6029771.00,940090.00,2065526.00,123981.00,168612.00,2731562.00,25399716.00,13690342.00,63389761.00,18.72,26.83
2012:Q1,79546880.00,23541259.00,56005621.00,8758404.00,4162520.00,949348.00,16304305.00,9513219.00,6791086.00,1048394.00,2297426.00,141845.00,186020.00,3117401.00,25831044.00,13675102.00,65871778.00,20.50,29.11
2012:Q2,79708775.00,24011973.00,55696802.00,8816992.00,4202593.00,961189.00,15546526.00,9074088.00,6472438.00,984273.00,2212052.00,135816.00,176028.00,2964269.00,26169502.00,13700664.00,66008111.00,19.50,27.91
2012:Q3,81712372.00,24475711.00,57236661.00,8868842.00,4141485.00,963115.00,16492924.00,9660734.00,6832189.00,1033716.00,2323337.00,143256.00,182881.00,3148999.00,26770295.00,13677514.00,68034857.00,20.18,28.82
2012:Q4,83005996.00,24898970.00,58107026.00,9219196.00,4109611.00,961289.00,16676973.00,9786300.00,6890673.00,1038685.00,2341817.00,138312.00,181064.00,3190795.00,27139957.00,13766310.00,69239686.00,20.09,28.70
2013:Q1,85925613.00,25452590.00,60473023.00,9262632.00,4080140.00,947474.00,18562701.00,11035928.00,7526773.00,1123273.00,2543539.00,157254.00,192012.00,3510695.00,27620076.00,13717309.00,72208303.00,21.60,30.70
2013:Q2,87441628.00,26109362.00,61332266.00,9246116.00,4255637.00,996862.00,18906006.00,11247360.00,7658646.00,1137530.00,2609713.00,163293.00,192343.00,3555767.00,27927645.00,13732649.00,73708979.00,21.62,30.83
2013:Q3,90028117.00,26740660.00,63287457.00,9364462.00,4313468.00,992431.00,20163111.00,11956336.00,8206775.00,1216459.00,2779099.00,174197.00,202452.00,3834568.00,28453985.00,13850400.00,76177717.00,22.40,31.86
2013:Q4,92820289.00,27244265.00,65576024.00,9595835.00,4311375.00,1016790.00,21757130.00,12847406.00,8909725.00,1320395.00,3009921.00,195006.00,215160.00,4169243.00,28894894.00,13916662.00,78903627.00,23.44,33.18
2014:Q1,94015744.00,27556685.00,66459059.00,9743755.00,4134522.00,1068589.00,22267276.00,13167466.00,9099810.00,1327659.00,3060424.00,200796.00,214158.00,4296773.00,29244917.00,13906951.00,80108792.00,23.68,33.51
2014:Q2,95798190.00,27863008.00,67935182.00,9760514.00,3939169.00,1062132.00,23491175.00,14020564.00,9470610.00,1371000.00,3175675.00,210512.00,216087.00,4497336.00,29682192.00,14073606.00,81724584.00,24.52,34.58
2014:Q3,96254222.00,28256147.00,67998075.00,9868472.00,3975983.00,1085816.00,23075790.00,13765219.00,9310571.00,1336011.00,3148656.00,213798.00,206970.00,4405136.00,29992014.00,14197593.00,82056629.00,23.97,33.94
2014:Q4,98172283.00,28718808.00,69453475.00,10138181.00,3979202.00,1062391.00,23905359.00,14357435.00,9547924.00,1369367.00,3262726.00,208154.00,207119.00,4500558.00,30368342.00,14288064.00,83884219.00,24.35,34.42
2015:Q1,100072806.00,29199536.00,70873270.00,10296959.00,3942795.00,1064896.00,24643990.00,14896316.00,9747674.00,1393636.00,3354421.00,215956.00,211022.00,4572639.00,30924630.00,14274362.00,85798443.00,24.63,34.77
2015:Q2,100846817.00,29624732.00,71222085.00,10269183.00,4129793.00,1033824.00,24606315.00,14839597.00,9766718.00,1386174.00,3364977.00,215617.00,209129.00,4590821.00,31182970.00,14412438.00,86434378.00,24.40,34.55
2015:Q3,99739254.00,30064834.00,69674420.00,10392395.00,4317323.00,1029671.00,22491271.00,13556684.00,8934587.00,1254767.00,3113703.00,197762.00,189153.00,4179202.00,31443761.00,14490400.00,85248854.00,22.55,32.28
2015:Q4,101918045.00,30496779.00,71421266.00,10724512.00,4422653.00,1000761.00,23515124.00,14189726.00,9325398.00,1313942.00,3254270.00,210236.00,197024.00,4349926.00,31758216.00,14630951.00,87287094.00,23.07,32.92
2016:Q1,102525491.00,30913761.00,71611730.00,10834788.00,4168856.00,1041628.00,23475081.00,14196310.00,9278771.00,1289723.00,3282223.00,208020.00,199794.00,4299011.00,32091377.00,14636140.00,87889352.00,22.90,32.78
2016:Q2,103510396.00,31334563.00,72175833.00,10837882.00,3738829.00,1041377.00,24018720.00,14616855.00,9401864.00,1293917.00,3338395.00,210689.00,200137.00,4358726.00,32539025.00,14802738.00,88707658.00,23.20,33.28
2016:Q3,105716681.00,31827157.00,73889524.00,11115920.00,3745684.00,1015183.00,25068006.00,15302263.00,9765743.00,1336129.00,3459211.00,220265.00,205630.00,4544508.00,32944731.00,14954579.00,90762102.00,23.71,33.93
2016:Q4,107909480.00,32431393.00,75478087.00,11391851.00,4245954.00,993397.00,25796406.00,15874190.00,9922217.00,1369061.00,3494723.00,230582.00,204496.00,4623355.00,33050480.00,15104070.00,92805410.00,23.91,34.18
