date,FA893065005.Q,FA893065105.Q,FA893065405.Q,FA893065505.Q,FA893065603.Q,FA893065005.Q,FA153165005.Q,FA143165005.Q,FA103165005.Q,FA113165005.Q,FA313165403.Q,FA643165005.Q,FA893065005.Q,FA153065005.Q,FA103065003.Q,FA113065005.Q,FA313065005.Q,FA213065005.Q,FA763065005.Q,FA753065005.Q,FA743065003.Q,FA473065100.Q,FA513065503.Q,FA543065005.Q,FA573065005.Q,FA223065043.Q,FA403065005.Q,FA413065005.Q,FA673065005.Q,FA613065000.Q,FA643065005.Q
1945:Q4,ND,ND,ND,ND,ND,ND,ND,ND,ND,ND,ND,ND,ND,ND,ND,ND,ND,ND,ND,ND,ND,ND,ND,ND,ND,ND,ND,ND,ND,ND,ND
1946:Q1,ND,ND,ND,ND,ND,ND,ND,ND,ND,ND,ND,ND,ND,ND,ND,ND,ND,ND,ND,ND,ND,ND,ND,ND,ND,ND,ND,ND,ND,ND,ND
1946:Q2,ND,ND,ND,ND,ND,ND,ND,ND,ND,ND,ND,ND,ND,ND,ND,ND,ND,ND,ND,ND,ND,ND,ND,ND,ND,ND,ND,ND,ND,ND,ND
1946:Q3,ND,ND,ND,ND,ND,ND,ND,ND,ND,ND,ND,ND,ND,ND,ND,ND,ND,ND,ND,ND,ND,ND,ND,ND,ND,ND,ND,ND,ND,ND,ND
1946:Q4,6179.00,4394.00,348.00,1300.00,137.00,6179.00,4492.00,1687.00,795.00,892.00,0.00,0.00,6179.00,1522.00,5.00,0.00,-346.00,25.00,4347.00,0.00,13.00,41.00,5.00,519.00,22.00,3.00,-76.00,0.00,0.00,99.00,0.00
1947:Q1,ND,ND,ND,ND,ND,ND,ND,ND,ND,ND,ND,ND,ND,ND,ND,ND,ND,ND,ND,ND,ND,ND,ND,ND,ND,ND,ND,ND,ND,ND,ND
1947:Q2,ND,ND,ND,ND,ND,ND,ND,ND,ND,ND,ND,ND,ND,ND,ND,ND,ND,ND,ND,ND,ND,ND,ND,ND,ND,ND,ND,ND,ND,ND,ND
1947:Q3,ND,ND,ND,ND,ND,ND,ND,ND,ND,ND,ND,ND,ND,ND,ND,ND,ND,ND,ND,ND,ND,ND,ND,ND,ND,ND,ND,ND,ND,ND,ND
1947:Q4,7166.00,5167.00,517.00,1315.00,167.00,7166.00,5259.00,1907.00,1177.00,730.00,0.00,0.00,7166.00,1359.00,6.00,0.00,-93.00,25.00,4243.00,0.00,17.00,68.00,8.00,1520.00,20.00,4.00,-72.00,0.00,0.00,61.00,0.00
1948:Q1,ND,ND,ND,ND,ND,ND,ND,ND,ND,ND,ND,ND,ND,ND,ND,ND,ND,ND,ND,ND,ND,ND,ND,ND,ND,ND,ND,ND,ND,ND,ND
1948:Q2,ND,ND,ND,ND,ND,ND,ND,ND,ND,ND,ND,ND,ND,ND,ND,ND,ND,ND,ND,ND,ND,ND,ND,ND,ND,ND,ND,ND,ND,ND,ND
1948:Q3,ND,ND,ND,ND,ND,ND,ND,ND,ND,ND,ND,ND,ND,ND,ND,ND,ND,ND,ND,ND,ND,ND,ND,ND,ND,ND,ND,ND,ND,ND,ND
1948:Q4,7370.00,5155.00,875.00,1116.00,224.00,7370.00,5370.00,2000.00,1025.00,975.00,0.00,0.00,7370.00,1198.00,14.00,0.00,46.00,54.00,3768.00,0.00,40.00,77.00,7.00,2158.00,20.00,10.00,-15.00,4.00,0.00,-11.00,0.00
1949:Q1,ND,ND,ND,ND,ND,ND,ND,ND,ND,ND,ND,ND,ND,ND,ND,ND,ND,ND,ND,ND,ND,ND,ND,ND,ND,ND,ND,ND,ND,ND,ND
1949:Q2,ND,ND,ND,ND,ND,ND,ND,ND,ND,ND,ND,ND,ND,ND,ND,ND,ND,ND,ND,ND,ND,ND,ND,ND,ND,ND,ND,ND,ND,ND,ND
1949:Q3,ND,ND,ND,ND,ND,ND,ND,ND,ND,ND,ND,ND,ND,ND,ND,ND,ND,ND,ND,ND,ND,ND,ND,ND,ND,ND,ND,ND,ND,ND,ND
1949:Q4,6459.00,4332.00,1167.00,669.00,291.00,6459.00,4577.00,1882.00,646.00,1236.00,0.00,0.00,6459.00,725.00,-6.00,0.00,465.00,81.00,2904.00,0.00,9.00,43.00,17.00,2073.00,20.00,17.00,33.00,3.00,0.00,75.00,0.00
1950:Q1,ND,ND,ND,ND,ND,ND,ND,ND,ND,ND,ND,ND,ND,ND,ND,ND,ND,ND,ND,ND,ND,ND,ND,ND,ND,ND,ND,ND,ND,ND,ND
1950:Q2,ND,ND,ND,ND,ND,ND,ND,ND,ND,ND,ND,ND,ND,ND,ND,ND,ND,ND,ND,ND,ND,ND,ND,ND,ND,ND,ND,ND,ND,ND,ND
1950:Q3,ND,ND,ND,ND,ND,ND,ND,ND,ND,ND,ND,ND,ND,ND,ND,ND,ND,ND,ND,ND,ND,ND,ND,ND,ND,ND,ND,ND,ND,ND,ND
1950:Q4,10179.00,7594.00,1472.00,621.00,492.00,10179.00,7894.00,2285.00,453.00,1832.00,0.00,0.00,10179.00,696.00,-1.00,0.00,317.00,52.00,5549.00,0.00,21.00,57.00,11.00,3196.00,20.00,23.00,47.00,25.00,0.00,166.00,0.00
1951:Q1,ND,ND,ND,ND,ND,ND,ND,ND,ND,ND,ND,ND,ND,ND,ND,ND,ND,ND,ND,ND,ND,ND,ND,ND,ND,ND,ND,ND,ND,ND,ND
1951:Q2,ND,ND,ND,ND,ND,ND,ND,ND,ND,ND,ND,ND,ND,ND,ND,ND,ND,ND,ND,ND,ND,ND,ND,ND,ND,ND,ND,ND,ND,ND,ND
1951:Q3,ND,ND,ND,ND,ND,ND,ND,ND,ND,ND,ND,ND,ND,ND,ND,ND,ND,ND,ND,ND,ND,ND,ND,ND,ND,ND,ND,ND,ND,ND,ND
1951:Q4,9367.00,6444.00,1341.00,1002.00,580.00,9367.00,6747.00,2620.00,595.00,2025.00,0.00,0.00,9367.00,934.00,3.00,0.00,530.00,69.00,4555.00,0.00,28.00,3.00,14.00,3212.00,18.00,30.00,58.00,11.00,0.00,-98.00,0.00
1952:Q1,8848.00,6584.00,712.00,900.00,652.00,8848.00,6784.00,2064.00,624.00,1440.00,0.00,0.00,8848.00,900.00,4.00,0.00,1384.00,112.00,3704.00,0.00,12.00,-192.00,8.00,2300.00,24.00,32.00,72.00,8.00,0.00,480.00,0.00
1952:Q2,8936.00,6384.00,868.00,856.00,828.00,8936.00,6688.00,2248.00,-504.00,2752.00,0.00,0.00,8936.00,692.00,4.00,0.00,144.00,100.00,5672.00,0.00,4.00,188.00,4.00,1840.00,28.00,36.00,72.00,8.00,0.00,144.00,0.00
1952:Q3,9012.00,6672.00,952.00,936.00,452.00,9012.00,6976.00,2036.00,-40.00,2076.00,0.00,0.00,9012.00,396.00,4.00,0.00,264.00,104.00,6160.00,0.00,4.00,-176.00,4.00,1852.00,32.00,36.00,88.00,12.00,0.00,232.00,0.00
1952:Q4,9312.00,7136.00,824.00,944.00,408.00,9312.00,7396.00,1916.00,852.00,1064.00,0.00,0.00,9312.00,676.00,4.00,0.00,728.00,96.00,5640.00,0.00,0.00,120.00,4.00,1756.00,32.00,40.00,92.00,12.00,0.00,112.00,0.00
1953:Q1,9624.00,7508.00,424.00,1052.00,640.00,9624.00,7816.00,1808.00,1168.00,640.00,0.00,0.00,9624.00,2092.00,4.00,0.00,740.00,84.00,4996.00,0.00,4.00,20.00,8.00,1960.00,40.00,44.00,92.00,8.00,0.00,-468.00,0.00
1953:Q2,10952.00,8356.00,716.00,1116.00,764.00,10952.00,8652.00,2300.00,-240.00,2540.00,0.00,0.00,10952.00,744.00,4.00,0.00,596.00,84.00,6880.00,0.00,8.00,132.00,16.00,2048.00,44.00,44.00,88.00,4.00,0.00,260.00,0.00
1953:Q3,9272.00,7188.00,672.00,1092.00,320.00,9272.00,7440.00,1832.00,260.00,1572.00,0.00,0.00,9272.00,48.00,0.00,0.00,352.00,80.00,6348.00,0.00,4.00,-168.00,20.00,1932.00,44.00,48.00,88.00,8.00,0.00,468.00,0.00
1953:Q4,9452.00,7016.00,748.00,1408.00,280.00,9452.00,7344.00,2108.00,1520.00,588.00,0.00,0.00,9452.00,1100.00,0.00,0.00,-128.00,84.00,6008.00,0.00,0.00,-12.00,20.00,2344.00,44.00,52.00,88.00,8.00,0.00,-156.00,0.00
1954:Q1,9028.00,6836.00,212.00,1264.00,716.00,9028.00,7204.00,1824.00,1108.00,716.00,0.00,0.00,9028.00,1592.00,0.00,0.00,-272.00,88.00,5368.00,0.00,0.00,-88.00,16.00,1980.00,44.00,56.00,124.00,4.00,0.00,116.00,0.00
1954:Q2,13908.00,10780.00,552.00,1776.00,800.00,13908.00,11172.00,2736.00,-532.00,3268.00,0.00,0.00,13908.00,1020.00,0.00,0.00,2176.00,96.00,7412.00,0.00,0.00,380.00,8.00,2460.00,40.00,60.00,124.00,4.00,0.00,128.00,0.00
1954:Q3,10300.00,7624.00,560.00,1832.00,284.00,10300.00,7924.00,2376.00,-276.00,2652.00,0.00,0.00,10300.00,632.00,0.00,0.00,-1932.00,92.00,8476.00,0.00,0.00,-164.00,0.00,2604.00,44.00,64.00,80.00,32.00,0.00,372.00,0.00
1954:Q4,15384.00,12172.00,852.00,2124.00,236.00,15384.00,12232.00,3152.00,1680.00,1472.00,0.00,0.00,15384.00,1308.00,4.00,0.00,436.00,84.00,9516.00,0.00,8.00,-32.00,-8.00,3572.00,56.00,64.00,76.00,32.00,0.00,268.00,0.00
1955:Q1,15956.00,12776.00,468.00,1808.00,904.00,15956.00,12892.00,3064.00,1196.00,1868.00,0.00,0.00,15956.00,2276.00,12.00,0.00,128.00,68.00,9056.00,0.00,28.00,396.00,4.00,3168.00,68.00,68.00,252.00,32.00,0.00,400.00,0.00
1955:Q2,17116.00,13356.00,828.00,1992.00,940.00,17116.00,12772.00,4344.00,772.00,3572.00,0.00,0.00,17116.00,912.00,16.00,0.00,376.00,56.00,11404.00,0.00,44.00,152.00,8.00,3000.00,76.00,68.00,292.00,36.00,0.00,676.00,0.00
1955:Q3,16100.00,12480.00,760.00,2224.00,636.00,16100.00,12348.00,3752.00,908.00,2844.00,0.00,0.00,16100.00,332.00,16.00,0.00,84.00,52.00,11152.00,0.00,44.00,-72.00,12.00,3036.00,88.00,72.00,264.00,40.00,0.00,980.00,0.00
1955:Q4,15800.00,11708.00,1244.00,2224.00,624.00,15800.00,11324.00,4476.00,3360.00,1116.00,0.00,0.00,15800.00,1688.00,12.00,0.00,200.00,60.00,8464.00,0.00,36.00,-8.00,12.00,4672.00,100.00,68.00,400.00,44.00,0.00,52.00,0.00
1956:Q1,15096.00,11036.00,668.00,2316.00,1076.00,15096.00,12124.00,2972.00,932.00,2040.00,0.00,0.00,15096.00,2740.00,8.00,0.00,12.00,64.00,7984.00,0.00,24.00,-8.00,16.00,3804.00,112.00,72.00,564.00,44.00,0.00,-340.00,0.00
1956:Q2,15772.00,11388.00,680.00,2512.00,1192.00,15772.00,11912.00,3860.00,412.00,3448.00,0.00,0.00,15772.00,1652.00,4.00,0.00,36.00,56.00,9104.00,0.00,16.00,508.00,12.00,3584.00,128.00,64.00,592.00,44.00,0.00,-28.00,0.00
1956:Q3,14136.00,10408.00,580.00,2468.00,680.00,14136.00,11280.00,2856.00,332.00,2524.00,0.00,0.00,14136.00,532.00,4.00,0.00,-12.00,76.00,9232.00,0.00,12.00,-208.00,8.00,3280.00,136.00,76.00,676.00,20.00,0.00,304.00,0.00
1956:Q4,13492.00,10404.00,368.00,2416.00,304.00,13492.00,10700.00,2792.00,2048.00,744.00,0.00,0.00,13492.00,1484.00,12.00,0.00,52.00,124.00,7008.00,0.00,20.00,-16.00,0.00,3508.00,136.00,96.00,1396.00,24.00,0.00,-352.00,0.00
1957:Q1,12888.00,9940.00,84.00,2072.00,792.00,12888.00,10008.00,2880.00,2008.00,872.00,0.00,0.00,12888.00,3132.00,16.00,0.00,204.00,164.00,5028.00,0.00,20.00,344.00,0.00,2760.00,132.00,120.00,1780.00,32.00,0.00,-844.00,0.00
1957:Q2,11252.00,8180.00,388.00,1892.00,792.00,11252.00,8360.00,2892.00,276.00,2616.00,0.00,0.00,11252.00,1552.00,20.00,0.00,168.00,208.00,6164.00,0.00,20.00,32.00,0.00,2008.00,128.00,140.00,1128.00,36.00,0.00,-352.00,0.00
1957:Q3,12332.00,8340.00,788.00,2736.00,468.00,12332.00,9140.00,3000.00,432.00,2568.00,192.00,0.00,12332.00,1292.00,20.00,0.00,304.00,228.00,7360.00,0.00,20.00,-144.00,0.00,2056.00,132.00,156.00,884.00,16.00,0.00,8.00,0.00
1957:Q4,12304.00,8056.00,928.00,3124.00,196.00,12304.00,8588.00,3524.00,2524.00,1000.00,192.00,0.00,12304.00,1848.00,16.00,0.00,448.00,208.00,6768.00,0.00,20.00,-236.00,0.00,2164.00,144.00,164.00,860.00,12.00,0.00,-112.00,0.00
1958:Q1,12476.00,8100.00,1656.00,2212.00,508.00,12476.00,9392.00,2580.00,1096.00,1484.00,504.00,0.00,12476.00,2956.00,16.00,0.00,272.00,208.00,5600.00,0.00,40.00,304.00,0.00,1828.00,144.00,176.00,468.00,8.00,0.00,456.00,0.00
1958:Q2,13564.00,7940.00,1968.00,2736.00,920.00,13564.00,9060.00,4004.00,892.00,3112.00,500.00,0.00,13564.00,2740.00,16.00,0.00,228.00,204.00,9484.00,0.00,52.00,-144.00,0.00,1344.00,144.00,188.00,-1156.00,8.00,0.00,456.00,0.00
1958:Q3,16056.00,10400.00,2012.00,2832.00,812.00,16056.00,10692.00,4996.00,1104.00,3892.00,368.00,0.00,16056.00,1696.00,16.00,0.00,212.00,212.00,11304.00,0.00,52.00,132.00,0.00,1636.00,160.00,200.00,-44.00,24.00,0.00,456.00,0.00
1958:Q4,19632.00,12772.00,2180.00,4072.00,608.00,19632.00,12540.00,6720.00,3896.00,2824.00,372.00,0.00,19632.00,3024.00,12.00,0.00,928.00,224.00,11820.00,0.00,28.00,-184.00,-4.00,2496.00,188.00,220.00,392.00,28.00,0.00,460.00,0.00
1959:Q1,18452.00,12980.00,2268.00,2212.00,992.00,18452.00,13956.00,4300.00,144.00,4156.00,196.00,0.00,18452.00,3104.00,-52.00,0.00,1696.00,244.00,9840.00,0.00,8.00,424.00,0.00,1596.00,216.00,224.00,676.00,20.00,0.00,456.00,0.00
1959:Q2,19832.00,12880.00,2188.00,3216.00,1548.00,19832.00,13528.00,6100.00,164.00,5936.00,204.00,0.00,19832.00,2108.00,-48.00,0.00,1696.00,268.00,13204.00,0.00,-8.00,24.00,-8.00,1552.00,240.00,220.00,788.00,24.00,0.00,-228.00,0.00
1959:Q3,19724.00,13692.00,2132.00,3084.00,816.00,19724.00,14100.00,5196.00,52.00,5144.00,428.00,0.00,19724.00,1076.00,-164.00,0.00,1192.00,264.00,12972.00,0.00,-12.00,196.00,-12.00,2256.00,260.00,256.00,1012.00,4.00,0.00,424.00,0.00
1959:Q4,18932.00,12588.00,1952.00,3780.00,612.00,18932.00,12552.00,5948.00,3208.00,2740.00,432.00,0.00,18932.00,2088.00,0.00,0.00,496.00,244.00,10940.00,0.00,-12.00,-112.00,-36.00,3136.00,272.00,324.00,1252.00,4.00,0.00,336.00,0.00
1960:Q1,17236.00,11876.00,1996.00,2684.00,680.00,17236.00,13636.00,3200.00,-152.00,3352.00,400.00,0.00,17236.00,3396.00,4.00,0.00,-304.00,208.00,7980.00,0.00,4.00,716.00,-4.00,2832.00,296.00,396.00,1576.00,4.00,0.00,132.00,0.00
1960:Q2,16332.00,10092.00,2012.00,3076.00,1152.00,16332.00,10624.00,5300.00,432.00,4868.00,408.00,0.00,16332.00,2468.00,4.00,0.00,176.00,172.00,9536.00,0.00,8.00,-100.00,0.00,2452.00,328.00,472.00,1172.00,8.00,0.00,-364.00,0.00
1960:Q3,18068.00,11700.00,2364.00,3452.00,552.00,18068.00,12252.00,5412.00,900.00,4512.00,404.00,0.00,18068.00,2060.00,4.00,0.00,392.00,176.00,11180.00,0.00,12.00,-128.00,8.00,2232.00,328.00,496.00,980.00,-8.00,0.00,336.00,0.00
1960:Q4,17488.00,11448.00,1972.00,3504.00,564.00,17488.00,11960.00,5120.00,2084.00,3036.00,408.00,0.00,17488.00,3172.00,0.00,0.00,516.00,212.00,9832.00,0.00,8.00,-84.00,8.00,2780.00,296.00,468.00,540.00,-12.00,0.00,-248.00,0.00
1961:Q1,17436.00,11128.00,2552.00,2856.00,900.00,17436.00,11612.00,5608.00,-324.00,5932.00,216.00,0.00,17436.00,4676.00,8.00,0.00,340.00,244.00,8856.00,0.00,20.00,564.00,16.00,2200.00,272.00,456.00,-204.00,0.00,0.00,-12.00,0.00
1961:Q2,18392.00,10612.00,2076.00,4208.00,1496.00,18392.00,11112.00,7064.00,1148.00,5916.00,216.00,0.00,18392.00,2624.00,8.00,0.00,368.00,276.00,12524.00,0.00,20.00,-268.00,12.00,2480.00,244.00,464.00,-664.00,-4.00,0.00,308.00,0.00
1961:Q3,21432.00,13196.00,3388.00,3648.00,1200.00,21432.00,13780.00,7424.00,940.00,6484.00,228.00,0.00,21432.00,2344.00,8.00,0.00,524.00,284.00,13644.00,0.00,28.00,356.00,4.00,1760.00,244.00,452.00,536.00,176.00,0.00,1072.00,0.00
1961:Q4,24980.00,15660.00,3328.00,5272.00,720.00,24980.00,16232.00,8520.00,3904.00,4616.00,228.00,0.00,24980.00,3392.00,12.00,0.00,564.00,264.00,13852.00,0.00,40.00,268.00,-8.00,3288.00,276.00,412.00,1264.00,184.00,0.00,1172.00,0.00
1962:Q1,19560.00,12072.00,2384.00,3884.00,1220.00,19560.00,12636.00,6604.00,1336.00,5268.00,320.00,0.00,19560.00,3568.00,20.00,0.00,204.00,260.00,12296.00,0.00,60.00,204.00,-4.00,1612.00,296.00,376.00,884.00,88.00,0.00,-304.00,0.00
1962:Q2,23072.00,13548.00,2876.00,4840.00,1808.00,23072.00,14212.00,8536.00,1664.00,6872.00,324.00,0.00,23072.00,1524.00,24.00,0.00,-20.00,260.00,17896.00,0.00,76.00,-160.00,-16.00,2052.00,316.00,336.00,-328.00,96.00,0.00,1016.00,0.00
1962:Q3,24380.00,15376.00,3328.00,4596.00,1080.00,24380.00,16020.00,8168.00,1984.00,6184.00,192.00,0.00,24380.00,1156.00,24.00,0.00,-4.00,252.00,18524.00,0.00,76.00,252.00,-24.00,2204.00,324.00,324.00,76.00,148.00,0.00,1048.00,0.00
1962:Q4,26864.00,16124.00,3852.00,5892.00,996.00,26864.00,16636.00,10024.00,4296.00,5728.00,204.00,0.00,26864.00,2440.00,16.00,0.00,108.00,232.00,17796.00,0.00,60.00,280.00,-40.00,4928.00,328.00,348.00,164.00,160.00,0.00,44.00,0.00
1963:Q1,22384.00,14544.00,2600.00,3768.00,1472.00,22384.00,15356.00,6928.00,1548.00,5380.00,100.00,0.00,22384.00,2716.00,8.00,0.00,-196.00,216.00,16876.00,0.00,48.00,400.00,-12.00,2500.00,324.00,356.00,-980.00,160.00,0.00,-32.00,0.00
1963:Q2,27160.00,16144.00,3280.00,5376.00,2360.00,27160.00,16572.00,10480.00,2308.00,8172.00,108.00,0.00,27160.00,2100.00,0.00,0.00,-1372.00,192.00,22380.00,0.00,36.00,-28.00,-12.00,3144.00,312.00,356.00,-1268.00,168.00,0.00,1152.00,0.00
1963:Q3,28732.00,18504.00,3168.00,5372.00,1688.00,28732.00,19008.00,9708.00,2536.00,7172.00,16.00,0.00,28732.00,480.00,0.00,0.00,-248.00,188.00,22208.00,0.00,32.00,296.00,-8.00,3572.00,336.00,368.00,-12.00,56.00,0.00,1464.00,0.00
1963:Q4,28996.00,18004.00,4120.00,5876.00,996.00,28996.00,18644.00,10328.00,4300.00,6028.00,24.00,0.00,28996.00,792.00,16.00,0.00,220.00,192.00,20316.00,0.00,52.00,352.00,-20.00,5352.00,404.00,400.00,108.00,64.00,0.00,748.00,0.00
1964:Q1,25072.00,17268.00,3648.00,2108.00,2048.00,25072.00,17852.00,7232.00,2360.00,4872.00,-12.00,0.00,25072.00,3000.00,20.00,0.00,48.00,224.00,17048.00,0.00,60.00,16.00,-4.00,3644.00,548.00,416.00,344.00,104.00,0.00,-396.00,0.00
1964:Q2,27388.00,16452.00,4636.00,3364.00,2936.00,27388.00,17076.00,10336.00,2080.00,8256.00,-24.00,0.00,27388.00,-88.00,28.00,0.00,-228.00,240.00,20748.00,0.00,72.00,-240.00,0.00,4136.00,596.00,424.00,360.00,120.00,0.00,1220.00,0.00
1964:Q3,29452.00,18004.00,4872.00,4704.00,1872.00,29452.00,18608.00,10772.00,3292.00,7480.00,72.00,0.00,29452.00,1516.00,28.00,0.00,-12.00,232.00,21284.00,0.00,76.00,228.00,0.00,4140.00,536.00,460.00,252.00,84.00,0.00,628.00,0.00
1964:Q4,29200.00,17192.00,5060.00,5324.00,1624.00,29200.00,17800.00,11316.00,5092.00,6224.00,84.00,0.00,29200.00,1852.00,20.00,0.00,-4.00,212.00,18928.00,0.00,72.00,-132.00,0.00,6512.00,552.00,532.00,460.00,88.00,0.00,108.00,0.00
1965:Q1,25552.00,16988.00,3224.00,3212.00,2128.00,25552.00,17700.00,7756.00,2948.00,4808.00,96.00,0.00,25552.00,1988.00,8.00,0.00,-136.00,200.00,15760.00,0.00,72.00,556.00,16.00,4660.00,564.00,604.00,812.00,208.00,0.00,240.00,0.00
1965:Q2,26988.00,15624.00,3664.00,4860.00,2840.00,26988.00,16372.00,10512.00,1712.00,8800.00,104.00,0.00,26988.00,-148.00,0.00,0.00,-452.00,192.00,19728.00,0.00,76.00,-12.00,24.00,4120.00,1024.00,672.00,800.00,216.00,0.00,748.00,0.00
1965:Q3,28876.00,18188.00,3772.00,4864.00,2052.00,28876.00,18912.00,10024.00,2120.00,7904.00,-60.00,0.00,28876.00,-540.00,0.00,0.00,124.00,180.00,21292.00,0.00,76.00,-320.00,28.00,4264.00,492.00,712.00,868.00,268.00,0.00,1432.00,0.00
1965:Q4,28488.00,17656.00,3880.00,4992.00,1960.00,28488.00,18344.00,10208.00,3848.00,6360.00,-64.00,0.00,28488.00,752.00,8.00,0.00,388.00,184.00,18024.00,0.00,68.00,-320.00,20.00,6400.00,348.00,716.00,1864.00,288.00,0.00,-252.00,0.00
1966:Q1,28504.00,17184.00,3896.00,5384.00,2040.00,28504.00,17896.00,10668.00,2308.00,8360.00,-60.00,0.00,28504.00,332.00,20.00,0.00,860.00,180.00,16016.00,0.00,64.00,984.00,-8.00,4876.00,492.00,760.00,3892.00,320.00,0.00,-284.00,0.00
1966:Q2,26348.00,13184.00,3552.00,7116.00,2496.00,26348.00,13904.00,12504.00,4524.00,7980.00,-60.00,0.00,26348.00,1752.00,28.00,0.00,848.00,188.00,14732.00,0.00,56.00,-200.00,0.00,5108.00,332.00,828.00,2640.00,336.00,0.00,-300.00,0.00
1966:Q3,22104.00,11672.00,2532.00,6084.00,1816.00,22104.00,12408.00,9756.00,3856.00,5900.00,-60.00,0.00,22104.00,2212.00,32.00,0.00,1172.00,172.00,11204.00,0.00,56.00,-484.00,0.00,4224.00,476.00,804.00,1940.00,536.00,0.00,-240.00,0.00
1966:Q4,17752.00,9772.00,2268.00,4604.00,1108.00,17752.00,10396.00,7424.00,3632.00,3792.00,-68.00,0.00,17752.00,2328.00,24.00,0.00,1268.00,160.00,7604.00,0.00,60.00,-268.00,12.00,4176.00,804.00,688.00,1740.00,588.00,0.00,-1432.00,0.00
1967:Q1,16684.00,9360.00,2772.00,3000.00,1552.00,16684.00,10132.00,6604.00,2288.00,4316.00,-52.00,0.00,16684.00,3656.00,4.00,0.00,648.00,136.00,5728.00,0.00,60.00,8.00,20.00,3440.00,320.00,660.00,1512.00,664.00,0.00,-172.00,0.00
1967:Q2,19936.00,9016.00,3332.00,5376.00,2212.00,19936.00,9208.00,10788.00,1476.00,9312.00,-60.00,0.00,19936.00,-80.00,-8.00,0.00,396.00,104.00,13296.00,0.00,64.00,-32.00,20.00,2628.00,-60.00,664.00,652.00,720.00,0.00,1572.00,0.00
1967:Q3,29004.00,17616.00,3788.00,5388.00,2212.00,29004.00,18408.00,10664.00,1180.00,9484.00,-68.00,0.00,29004.00,2240.00,-8.00,0.00,1252.00,108.00,19264.00,0.00,64.00,-12.00,20.00,2084.00,332.00,312.00,2212.00,644.00,0.00,492.00,0.00
1967:Q4,28892.00,17440.00,4268.00,5300.00,1884.00,28892.00,27648.00,1316.00,-6824.00,8140.00,-72.00,0.00,28892.00,2680.00,4.00,0.00,1408.00,112.00,17804.00,0.00,56.00,-164.00,16.00,3476.00,96.00,312.00,2732.00,668.00,0.00,-308.00,0.00
1968:Q1,26828.00,16580.00,2648.00,5176.00,2424.00,26828.00,8032.00,18708.00,13692.00,5016.00,-72.00,160.00,26828.00,4604.00,-24.00,0.00,1604.00,164.00,14324.00,0.00,20.00,-260.00,12.00,1828.00,32.00,580.00,3308.00,724.00,0.00,-692.00,604.00
1968:Q2,27708.00,15168.00,3060.00,6424.00,3056.00,27708.00,15816.00,11804.00,1004.00,10800.00,-72.00,160.00,27708.00,84.00,-8.00,0.00,1404.00,184.00,18484.00,0.00,24.00,-32.00,8.00,1792.00,-164.00,484.00,2552.00,760.00,0.00,1208.00,928.00
1968:Q3,30552.00,17908.00,3596.00,7252.00,1796.00,30552.00,18632.00,11656.00,2104.00,9552.00,-56.00,320.00,30552.00,3572.00,-4.00,0.00,1464.00,204.00,20460.00,0.00,24.00,-128.00,8.00,1944.00,84.00,24.00,1248.00,340.00,0.00,688.00,624.00
1968:Q4,32788.00,18616.00,4440.00,8368.00,1364.00,32788.00,19212.00,13480.00,3996.00,9484.00,-64.00,160.00,32788.00,1076.00,-12.00,0.00,1304.00,216.00,21192.00,0.00,24.00,-12.00,4.00,4272.00,-16.00,348.00,1540.00,328.00,0.00,1360.00,1164.00
1969:Q1,29524.00,18472.00,3780.00,5392.00,1880.00,29524.00,19212.00,9760.00,3252.00,6508.00,-76.00,628.00,29524.00,2556.00,92.00,0.00,984.00,192.00,17764.00,0.00,124.00,-68.00,8.00,1628.00,48.00,256.00,2852.00,360.00,0.00,2080.00,648.00
1969:Q2,30176.00,17072.00,4624.00,5700.00,2780.00,30176.00,17864.00,12368.00,-1748.00,14116.00,-100.00,44.00,30176.00,-2324.00,148.00,400.00,1100.00,236.00,20568.00,0.00,180.00,-308.00,4.00,1904.00,-40.00,196.00,2904.00,340.00,0.00,3736.00,1132.00
1969:Q3,31228.00,19032.00,4640.00,5916.00,1640.00,31228.00,19760.00,11476.00,-812.00,12288.00,-48.00,40.00,31228.00,1844.00,164.00,400.00,792.00,520.00,19716.00,0.00,196.00,-380.00,4.00,2040.00,260.00,300.00,5080.00,992.00,0.00,-1592.00,892.00
1969:Q4,31600.00,16240.00,6656.00,7732.00,972.00,31600.00,16836.00,14656.00,3492.00,11164.00,-100.00,208.00,31600.00,5352.00,140.00,400.00,1004.00,880.00,11996.00,0.00,172.00,-128.00,12.00,2636.00,328.00,100.00,6648.00,1020.00,0.00,-996.00,2036.00
1970:Q1,25716.00,14964.00,8768.00,-404.00,2388.00,25716.00,13328.00,12444.00,42464.00,-30020.00,-68.00,12.00,25716.00,2532.00,-168.00,400.00,348.00,1704.00,7944.00,0.00,120.00,-1300.00,32.00,2584.00,56.00,300.00,6672.00,1180.00,0.00,1920.00,1392.00
1970:Q2,23520.00,6640.00,6348.00,9212.00,1320.00,23520.00,5244.00,18312.00,3372.00,14940.00,-96.00,60.00,23520.00,-1552.00,32.00,400.00,520.00,436.00,9756.00,0.00,92.00,56.00,48.00,2216.00,-68.00,632.00,5284.00,856.00,0.00,3256.00,1556.00
1970:Q3,33812.00,12864.00,8456.00,11216.00,1276.00,33812.00,12496.00,21132.00,2796.00,18336.00,-104.00,288.00,33812.00,3760.00,24.00,400.00,192.00,664.00,17240.00,0.00,84.00,108.00,52.00,1420.00,-80.00,-76.00,6308.00,1676.00,0.00,408.00,1632.00
1970:Q4,37300.00,17868.00,8644.00,9784.00,1004.00,37300.00,17648.00,19580.00,3852.00,15728.00,-32.00,104.00,37300.00,848.00,24.00,400.00,148.00,864.00,20744.00,0.00,96.00,116.00,48.00,3172.00,-88.00,524.00,3264.00,2492.00,0.00,1640.00,3008.00
1971:Q1,38792.00,23948.00,8732.00,4788.00,1324.00,38792.00,22936.00,15768.00,4572.00,11196.00,-56.00,144.00,38792.00,2100.00,20.00,1100.00,-356.00,1224.00,23576.00,0.00,104.00,-16.00,0.00,632.00,-364.00,396.00,164.00,4808.00,0.00,3732.00,1672.00
1971:Q2,44556.00,20184.00,10960.00,9560.00,3852.00,44556.00,15560.00,28944.00,4612.00,24332.00,-84.00,136.00,44556.00,-6468.00,-80.00,1200.00,-160.00,624.00,36424.00,0.00,216.00,32.00,-20.00,-96.00,-664.00,604.00,1360.00,6460.00,0.00,2512.00,2612.00
1971:Q3,53292.00,29640.00,9388.00,12948.00,1316.00,53292.00,27724.00,25572.00,3684.00,21888.00,-72.00,68.00,53292.00,-6320.00,84.00,1200.00,-276.00,1308.00,43000.00,0.00,108.00,72.00,-28.00,968.00,-584.00,32.00,7488.00,3188.00,0.00,892.00,2160.00
1971:Q4,58900.00,33408.00,9804.00,14624.00,1064.00,58900.00,32332.00,26456.00,7000.00,19456.00,-76.00,188.00,58900.00,-1412.00,76.00,1200.00,-728.00,1160.00,39976.00,0.00,100.00,100.00,-40.00,2980.00,-440.00,440.00,5492.00,4588.00,0.00,2656.00,2752.00
1972:Q1,62248.00,36840.00,10344.00,12204.00,2860.00,62248.00,34664.00,27488.00,12308.00,15180.00,-100.00,196.00,62248.00,6220.00,-8.00,1200.00,344.00,1340.00,41956.00,0.00,8.00,32.00,-32.00,-392.00,-1304.00,84.00,3188.00,4104.00,0.00,1780.00,3728.00
1972:Q2,66472.00,31868.00,13464.00,17088.00,4052.00,66472.00,26416.00,39320.00,5692.00,33628.00,-72.00,808.00,66472.00,-4128.00,-152.00,1100.00,-180.00,1612.00,54004.00,0.00,-92.00,-40.00,-44.00,24.00,-796.00,-208.00,4016.00,4824.00,0.00,2196.00,4336.00
1972:Q3,72668.00,42460.00,11152.00,16072.00,2984.00,72668.00,36616.00,35688.00,7484.00,28204.00,-84.00,448.00,72668.00,-1620.00,288.00,1100.00,-444.00,1148.00,58336.00,0.00,308.00,492.00,-44.00,736.00,-1072.00,332.00,4464.00,4268.00,0.00,1568.00,2808.00
1972:Q4,86256.00,44712.00,16168.00,23352.00,2024.00,86256.00,41764.00,44148.00,11440.00,32708.00,-88.00,432.00,86256.00,3456.00,-180.00,1100.00,-2492.00,1448.00,57908.00,0.00,-188.00,128.00,-48.00,5440.00,-548.00,520.00,4352.00,6356.00,0.00,3104.00,5900.00
1973:Q1,73820.00,45696.00,7268.00,16340.00,4516.00,73820.00,44500.00,28916.00,9244.00,19672.00,-88.00,492.00,73820.00,7416.00,152.00,680.00,-644.00,1112.00,51700.00,80.00,-16.00,536.00,-20.00,872.00,-856.00,648.00,4812.00,3024.00,0.00,832.00,3492.00
1973:Q2,82636.00,40276.00,13456.00,23020.00,5884.00,82636.00,33188.00,48968.00,26244.00,22724.00,-72.00,552.00,82636.00,-4544.00,144.00,516.00,-4120.00,972.00,63348.00,-24.00,-20.00,172.00,-12.00,3264.00,-300.00,756.00,6716.00,5820.00,0.00,3204.00,6744.00
1973:Q3,79672.00,42920.00,12680.00,20108.00,3964.00,79672.00,37668.00,42048.00,43656.00,-1608.00,-64.00,20.00,79672.00,-5636.00,48.00,124.00,3840.00,1784.00,55144.00,64.00,240.00,752.00,-8.00,4820.00,-312.00,268.00,9148.00,1768.00,0.00,-188.00,7816.00
1973:Q4,74508.00,44152.00,8256.00,18684.00,3416.00,74508.00,44968.00,29464.00,43916.00,-14452.00,-60.00,136.00,74508.00,2256.00,48.00,-180.00,-1432.00,2932.00,39236.00,88.00,244.00,304.00,-20.00,8728.00,60.00,1012.00,7616.00,3932.00,0.00,5496.00,4188.00
1974:Q1,69332.00,42128.00,8656.00,14996.00,3552.00,69332.00,41580.00,27564.00,7892.00,19672.00,-80.00,268.00,69332.00,10624.00,292.00,276.00,-296.00,1812.00,35180.00,32.00,224.00,68.00,-8.00,3244.00,68.00,544.00,4516.00,6676.00,0.00,3104.00,2976.00
1974:Q2,69008.00,35360.00,7464.00,19688.00,6496.00,69008.00,34092.00,34968.00,2360.00,32608.00,-88.00,36.00,69008.00,-3176.00,296.00,208.00,3500.00,1856.00,47728.00,24.00,224.00,-312.00,-8.00,4180.00,-64.00,212.00,13084.00,1692.00,0.00,-188.00,-248.00
1974:Q3,57876.00,34680.00,6848.00,10672.00,5676.00,57876.00,39352.00,18536.00,-11176.00,29712.00,-124.00,112.00,57876.00,-20.00,584.00,48.00,1408.00,1772.00,32688.00,64.00,936.00,328.00,-4.00,4808.00,-36.00,372.00,13556.00,5880.00,0.00,-3324.00,-1184.00
1974:Q4,52516.00,29908.00,4532.00,13336.00,4740.00,52516.00,36640.00,15908.00,-3004.00,18912.00,-132.00,100.00,52516.00,6024.00,516.00,-100.00,6180.00,4440.00,18380.00,72.00,520.00,204.00,-16.00,7228.00,16.00,1116.00,10220.00,3684.00,0.00,-5180.00,-788.00
1975:Q1,46856.00,31204.00,-328.00,8528.00,7452.00,46856.00,32848.00,14032.00,-1828.00,15860.00,-16.00,-8.00,46856.00,18832.00,-2384.00,-460.00,1072.00,2196.00,15664.00,460.00,100.00,364.00,-24.00,4048.00,148.00,12.00,5748.00,11848.00,0.00,-1764.00,-9004.00
1975:Q2,54224.00,34540.00,596.00,12108.00,6980.00,54224.00,32156.00,22344.00,4484.00,17860.00,-168.00,-108.00,54224.00,2884.00,600.00,-328.00,8484.00,1792.00,35448.00,532.00,120.00,104.00,84.00,2884.00,-124.00,420.00,5724.00,4732.00,0.00,-128.00,-9004.00
1975:Q3,58608.00,41672.00,320.00,14400.00,2216.00,58608.00,42000.00,16848.00,6540.00,10308.00,-68.00,-172.00,58608.00,5268.00,600.00,-24.00,8032.00,1192.00,40552.00,-248.00,240.00,1000.00,76.00,1456.00,-48.00,260.00,4996.00,4728.00,0.00,1100.00,-10572.00
1975:Q4,66028.00,47804.00,-540.00,15688.00,3076.00,66028.00,53992.00,12136.00,4864.00,7272.00,-108.00,8.00,66028.00,7100.00,600.00,248.00,8448.00,1248.00,41552.00,-404.00,244.00,452.00,120.00,3348.00,68.00,-1332.00,4996.00,6904.00,0.00,-124.00,-7440.00
1976:Q1,81980.00,63528.00,5764.00,8912.00,3776.00,81980.00,59100.00,22724.00,-784.00,23508.00,-88.00,244.00,81980.00,13640.00,668.00,296.00,2764.00,-240.00,50616.00,-80.00,96.00,584.00,0.00,1036.00,0.00,4.00,2644.00,10564.00,0.00,1908.00,-2520.00
1976:Q2,74144.00,49804.00,5752.00,12536.00,6052.00,74144.00,47112.00,26632.00,9452.00,17180.00,-88.00,488.00,74144.00,-4336.00,664.00,544.00,-4548.00,1876.00,66020.00,-12.00,88.00,-76.00,96.00,1116.00,0.00,320.00,1996.00,11496.00,0.00,1420.00,-2520.00
1976:Q3,88712.00,62012.00,5208.00,15048.00,6444.00,88712.00,60144.00,28276.00,10564.00,17712.00,-128.00,420.00,88712.00,-3520.00,676.00,1116.00,3176.00,1544.00,68356.00,-136.00,-16.00,1064.00,-4.00,1984.00,-40.00,8.00,5144.00,11832.00,0.00,48.00,-2520.00
1976:Q4,93380.00,67324.00,3944.00,16148.00,5964.00,93380.00,66424.00,26208.00,8372.00,17836.00,-60.00,808.00,93380.00,2204.00,672.00,1640.00,288.00,1820.00,64028.00,-156.00,-12.00,456.00,116.00,5412.00,164.00,428.00,2068.00,14836.00,0.00,1936.00,-2520.00
1977:Q1,107060.00,81356.00,4988.00,12844.00,7872.00,107060.00,77864.00,29408.00,4616.00,24792.00,-132.00,-80.00,107060.00,17744.00,3172.00,676.00,868.00,620.00,63352.00,8.00,8.00,588.00,216.00,1156.00,24.00,-192.00,144.00,18900.00,0.00,1016.00,-1240.00
1977:Q2,125328.00,91500.00,10416.00,11580.00,11832.00,125328.00,81340.00,44476.00,11692.00,32784.00,-120.00,-368.00,125328.00,-5308.00,3204.00,948.00,4808.00,-884.00,98240.00,44.00,8.00,-532.00,164.00,4360.00,476.00,720.00,7176.00,10248.00,0.00,2896.00,-1240.00
1977:Q3,136792.00,98536.00,8356.00,21788.00,8112.00,136792.00,92980.00,44140.00,17164.00,26976.00,-100.00,-228.00,136792.00,-5004.00,3244.00,1608.00,5132.00,1148.00,99820.00,-84.00,156.00,916.00,108.00,4944.00,-212.00,-968.00,3764.00,17728.00,0.00,5732.00,-1240.00
1977:Q4,144188.00,99416.00,9776.00,28664.00,6332.00,144188.00,94552.00,49820.00,22472.00,27348.00,-100.00,-84.00,144188.00,2512.00,3240.00,2200.00,5920.00,1336.00,94380.00,-104.00,148.00,228.00,-44.00,10716.00,44.00,1676.00,3000.00,17564.00,0.00,2612.00,-1240.00
1978:Q1,136752.00,100080.00,10088.00,18584.00,8000.00,136752.00,99816.00,38256.00,13268.00,24988.00,-96.00,-1224.00,136752.00,22832.00,1932.00,1988.00,4436.00,2228.00,77288.00,48.00,-428.00,776.00,-36.00,4292.00,248.00,164.00,9504.00,10836.00,0.00,972.00,-328.00
1978:Q2,147644.00,101152.00,13780.00,21540.00,11172.00,147644.00,96676.00,50496.00,17492.00,33004.00,-108.00,580.00,147644.00,-212.00,1948.00,2228.00,3428.00,2336.00,102780.00,76.00,-440.00,-224.00,-40.00,7760.00,352.00,656.00,10776.00,12396.00,0.00,4156.00,-332.00
1978:Q3,160004.00,119024.00,9636.00,22132.00,9212.00,160004.00,111336.00,48140.00,12496.00,35644.00,-104.00,632.00,160004.00,988.00,1976.00,2840.00,7928.00,2120.00,100236.00,40.00,56.00,-764.00,4.00,9228.00,236.00,644.00,14472.00,12576.00,0.00,7884.00,-460.00
1978:Q4,163628.00,124636.00,9788.00,22356.00,6848.00,163628.00,120860.00,42236.00,6416.00,35820.00,-80.00,612.00,163628.00,6724.00,1972.00,3364.00,3492.00,3312.00,89440.00,28.00,60.00,-940.00,100.00,15992.00,60.00,716.00,14240.00,18608.00,0.00,6660.00,-200.00
1979:Q1,164192.00,121652.00,9804.00,18028.00,14708.00,164192.00,123344.00,40724.00,12792.00,27932.00,-104.00,228.00,164192.00,28000.00,3220.00,3424.00,7832.00,4400.00,66496.00,64.00,64.00,1008.00,228.00,8640.00,308.00,844.00,18632.00,19600.00,0.00,1560.00,-128.00
1979:Q2,166828.00,113608.00,9072.00,26144.00,18004.00,166828.00,105032.00,62012.00,1616.00,60396.00,-164.00,-52.00,166828.00,856.00,3256.00,3204.00,6840.00,5436.00,94428.00,68.00,80.00,-848.00,-80.00,10572.00,-192.00,880.00,13284.00,19516.00,0.00,9660.00,-132.00
1979:Q3,177680.00,123548.00,9972.00,30568.00,13592.00,177680.00,118596.00,59336.00,3060.00,56276.00,-100.00,-152.00,177680.00,2816.00,3288.00,2664.00,6304.00,6776.00,88388.00,1316.00,84.00,-20.00,120.00,12556.00,872.00,1220.00,10932.00,27212.00,0.00,13280.00,-128.00
1979:Q4,149380.00,104908.00,10524.00,24260.00,9688.00,149380.00,120812.00,28732.00,-9668.00,38400.00,-104.00,-60.00,149380.00,5628.00,3292.00,2256.00,5428.00,9224.00,60296.00,1564.00,96.00,2220.00,768.00,17252.00,684.00,1128.00,14904.00,25876.00,0.00,-1104.00,-132.00
1980:Q1,139228.00,98268.00,7916.00,17736.00,15308.00,139228.00,94832.00,44516.00,-8568.00,53084.00,-84.00,-36.00,139228.00,8948.00,8544.00,-888.00,9984.00,8104.00,39896.00,1568.00,-180.00,5784.00,496.00,15892.00,208.00,1800.00,20424.00,20704.00,0.00,-1856.00,-200.00
1980:Q2,96028.00,56484.00,5524.00,19808.00,14212.00,96028.00,63880.00,32324.00,-20492.00,52816.00,-128.00,-48.00,96028.00,2316.00,8544.00,-48.00,8356.00,10048.00,20016.00,1564.00,180.00,580.00,188.00,12676.00,288.00,964.00,13828.00,16248.00,0.00,480.00,-200.00
1980:Q3,139124.00,105264.00,7240.00,19676.00,6944.00,139124.00,99780.00,39504.00,-11576.00,51080.00,-116.00,-44.00,139124.00,5748.00,8640.00,2044.00,5016.00,11040.00,55188.00,1160.00,204.00,-1164.00,176.00,9992.00,832.00,1208.00,8204.00,22700.00,0.00,8336.00,-200.00
1980:Q4,150200.00,110188.00,9232.00,24316.00,6464.00,150200.00,104964.00,45360.00,1680.00,43680.00,-88.00,-36.00,150200.00,8500.00,8636.00,3756.00,6668.00,9936.00,64664.00,996.00,196.00,972.00,516.00,12076.00,372.00,1172.00,14152.00,17072.00,0.00,716.00,-200.00
1981:Q1,123524.00,76964.00,5688.00,30432.00,10440.00,123524.00,73124.00,50520.00,3108.00,47412.00,-120.00,0.00,123524.00,17984.00,8396.00,6756.00,5500.00,8788.00,38200.00,1520.00,444.00,-244.00,244.00,7344.00,736.00,1104.00,9068.00,13204.00,0.00,4560.00,-80.00
1981:Q2,147028.00,86844.00,4016.00,43832.00,12336.00,147028.00,86964.00,60164.00,23760.00,36404.00,-108.00,8.00,147028.00,20524.00,8488.00,7300.00,6152.00,8956.00,52600.00,1984.00,652.00,-1916.00,368.00,6968.00,492.00,1744.00,11212.00,14364.00,0.00,7220.00,-80.00
1981:Q3,114396.00,58632.00,4348.00,41704.00,9712.00,114396.00,60012.00,54472.00,21564.00,32908.00,-112.00,24.00,114396.00,5924.00,8584.00,8668.00,2932.00,7016.00,38616.00,1492.00,604.00,-1280.00,408.00,5508.00,28.00,2392.00,16980.00,14076.00,0.00,2528.00,-80.00
1981:Q4,102164.00,47772.00,5112.00,42800.00,6480.00,102164.00,51036.00,51176.00,-896.00,52072.00,-96.00,48.00,102164.00,14784.00,8580.00,9764.00,5172.00,5968.00,17128.00,1956.00,300.00,-396.00,368.00,6844.00,140.00,1276.00,13256.00,18464.00,0.00,-1364.00,-76.00
1982:Q1,104052.00,61048.00,5052.00,31064.00,6888.00,104052.00,57652.00,46416.00,-2524.00,48940.00,-104.00,88.00,104052.00,28524.00,2308.00,6116.00,2292.00,4536.00,5532.00,1356.00,32.00,-1344.00,260.00,4332.00,0.00,1884.00,10988.00,34568.00,0.00,2512.00,156.00
1982:Q2,90592.00,44940.00,4216.00,36112.00,5324.00,90592.00,38040.00,52544.00,-14228.00,66772.00,-128.00,136.00,90592.00,6976.00,2332.00,5516.00,4132.00,4084.00,-1488.00,1584.00,-220.00,-980.00,168.00,3368.00,5892.00,944.00,15212.00,37292.00,0.00,5620.00,160.00
1982:Q3,89152.00,40520.00,2816.00,42556.00,3260.00,89152.00,34008.00,55128.00,-16664.00,71792.00,-120.00,136.00,89152.00,4080.00,2360.00,4020.00,-216.00,5632.00,-9232.00,900.00,-320.00,-600.00,212.00,3220.00,3900.00,1764.00,18156.00,53120.00,0.00,1996.00,160.00
1982:Q4,119216.00,71440.00,9688.00,37232.00,856.00,119216.00,67468.00,51780.00,-5400.00,57180.00,-124.00,92.00,119216.00,32388.00,2360.00,2836.00,3248.00,6704.00,-31616.00,472.00,-292.00,-1076.00,396.00,6048.00,5636.00,424.00,12000.00,73152.00,0.00,6376.00,160.00
1983:Q1,151332.00,95456.00,4128.00,50832.00,916.00,151332.00,94136.00,57196.00,-14400.00,71596.00,-60.00,60.00,151332.00,13012.00,1772.00,2192.00,-1716.00,6428.00,30872.00,124.00,-288.00,1720.00,596.00,5360.00,5144.00,840.00,8764.00,71992.00,0.00,4640.00,-120.00
1983:Q2,175904.00,102072.00,14964.00,55540.00,3328.00,175904.00,100552.00,75444.00,18644.00,56800.00,-128.00,36.00,175904.00,-3684.00,1788.00,3060.00,3156.00,7480.00,69112.00,-204.00,-376.00,2520.00,820.00,5584.00,2612.00,464.00,11440.00,66176.00,0.00,6076.00,-120.00
1983:Q3,206612.00,128536.00,20092.00,55040.00,2944.00,206612.00,124040.00,82612.00,19812.00,62800.00,-56.00,16.00,206612.00,-17684.00,1812.00,5200.00,1448.00,7568.00,112936.00,-564.00,-340.00,1368.00,824.00,10524.00,3440.00,200.00,5696.00,73908.00,0.00,396.00,-120.00
1983:Q4,224300.00,138272.00,21780.00,61796.00,2452.00,224300.00,132148.00,92244.00,20952.00,71292.00,-80.00,-12.00,224300.00,9340.00,1808.00,6924.00,1992.00,10068.00,108072.00,1428.00,-196.00,1172.00,604.00,14572.00,-1780.00,2008.00,15692.00,53076.00,0.00,-360.00,-120.00
1984:Q1,235488.00,154060.00,24172.00,60260.00,-3004.00,235488.00,159444.00,75860.00,-5488.00,81348.00,-148.00,332.00,235488.00,29896.00,11344.00,9868.00,-1280.00,9664.00,108068.00,-3072.00,-40.00,4444.00,412.00,1208.00,-928.00,300.00,16112.00,44492.00,0.00,4112.00,888.00
1984:Q2,257984.00,139376.00,32016.00,85116.00,1476.00,257984.00,128204.00,129332.00,28504.00,100828.00,-96.00,544.00,257984.00,-7512.00,11340.00,9920.00,972.00,11132.00,167864.00,-632.00,92.00,3432.00,304.00,8920.00,-2092.00,836.00,9180.00,31124.00,0.00,12216.00,888.00
1984:Q3,225336.00,114792.00,21668.00,88364.00,512.00,225336.00,115828.00,109100.00,17372.00,91728.00,-112.00,520.00,225336.00,-10672.00,11468.00,10052.00,-4128.00,9636.00,141572.00,572.00,152.00,2016.00,360.00,7364.00,-1312.00,104.00,7272.00,48776.00,0.00,1220.00,884.00
1984:Q4,234848.00,135468.00,23084.00,80476.00,-4180.00,234848.00,134544.00,100100.00,5012.00,95088.00,-44.00,248.00,234848.00,-7204.00,11468.00,10184.00,6312.00,10508.00,105120.00,4836.00,120.00,2720.00,336.00,5308.00,2776.00,1176.00,14868.00,53796.00,8000.00,3872.00,652.00
1985:Q1,294010.00,202928.00,21604.00,68278.00,1200.00,294010.00,199988.00,94082.00,-2262.00,96344.00,-100.00,40.00,294010.00,90752.00,5492.00,6792.00,804.00,8224.00,82012.00,-652.00,140.00,868.00,820.00,14903.00,5224.00,256.00,21012.00,60184.00,2015.00,-5232.00,396.00
1985:Q2,239797.00,142852.00,25896.00,75621.00,-4572.00,239797.00,126976.00,112853.00,10485.00,102368.00,-80.00,48.00,239797.00,-11488.00,5552.00,5936.00,1988.00,8544.00,103600.00,-292.00,172.00,3308.00,712.00,14690.00,3052.00,104.00,11360.00,68228.00,7499.00,16260.00,572.00
1985:Q3,256265.00,176252.00,22696.00,68685.00,-11368.00,256265.00,217596.00,38661.00,-11763.00,50424.00,-52.00,60.00,256265.00,-31252.00,5612.00,3816.00,2320.00,10400.00,125440.00,364.00,176.00,4140.00,600.00,13387.00,-1772.00,-96.00,3068.00,88968.00,3550.00,26940.00,604.00
1985:Q4,250052.00,198368.00,43804.00,66468.00,-58588.00,250052.00,195132.00,54892.00,22804.00,32088.00,-44.00,72.00,250052.00,-30984.00,5612.00,2144.00,2252.00,12064.00,109336.00,1088.00,140.00,5892.00,568.00,17412.00,10620.00,-48.00,3004.00,98128.00,10808.00,-6088.00,8104.00
1986:Q1,250709.00,174568.00,28236.00,57769.00,-9864.00,250709.00,164428.00,85789.00,12181.00,73608.00,-44.00,536.00,250709.00,43108.00,-6768.00,-660.00,4.00,18448.00,57324.00,1724.00,128.00,10020.00,1136.00,20333.00,-616.00,364.00,-9276.00,106892.00,5712.00,1900.00,936.00
1986:Q2,269179.00,201048.00,31552.00,46555.00,-9976.00,269179.00,174488.00,93819.00,15199.00,78620.00,-36.00,908.00,269179.00,-25900.00,-6844.00,5092.00,992.00,11508.00,73360.00,1652.00,100.00,4992.00,880.00,22245.00,-3480.00,-812.00,-11868.00,137940.00,10746.00,47348.00,1228.00
1986:Q3,336074.00,257324.00,31904.00,56930.00,-10084.00,336074.00,246584.00,89594.00,21914.00,67680.00,-48.00,-56.00,336074.00,-17268.00,-6920.00,4672.00,208.00,8184.00,93556.00,1624.00,108.00,7668.00,928.00,24548.00,-1532.00,668.00,-9232.00,187296.00,10909.00,30244.00,412.00
1986:Q4,294074.00,182464.00,42224.00,79470.00,-10084.00,294074.00,230664.00,63790.00,14170.00,49620.00,-16.00,-364.00,294074.00,-14228.00,-6920.00,-6332.00,4888.00,9052.00,134004.00,6728.00,124.00,10276.00,1092.00,21054.00,-5416.00,744.00,-17460.00,222780.00,-54096.00,-9652.00,-2564.00
1987:Q1,331541.00,259476.00,14036.00,66193.00,-8164.00,331541.00,239480.00,91733.00,24909.00,66824.00,-36.00,364.00,331541.00,68052.00,1360.00,-6904.00,-1160.00,13724.00,72432.00,-1256.00,152.00,11372.00,384.00,14431.00,-4636.00,-868.00,-15056.00,175376.00,9562.00,-6384.00,960.00
1987:Q2,337118.00,261868.00,18996.00,64510.00,-8256.00,337118.00,256168.00,80942.00,44006.00,36936.00,-8.00,16.00,337118.00,-16404.00,1372.00,-10048.00,-188.00,11452.00,145032.00,5664.00,140.00,9980.00,1224.00,18678.00,-3152.00,-420.00,-14388.00,158828.00,15168.00,14280.00,-100.00
1987:Q3,280542.00,217596.00,17808.00,53486.00,-8348.00,280542.00,198704.00,81702.00,40486.00,41216.00,-12.00,148.00,280542.00,1504.00,1388.00,-8344.00,-21016.00,3896.00,145624.00,5832.00,196.00,9792.00,472.00,17791.00,-2332.00,720.00,-496.00,127768.00,25159.00,-28752.00,1340.00
1987:Q4,329387.00,222504.00,16572.00,98655.00,-8344.00,329387.00,217340.00,111299.00,66131.00,45168.00,-4.00,752.00,329387.00,-1828.00,1388.00,-1772.00,1208.00,5696.00,187072.00,10744.00,288.00,11044.00,504.00,23232.00,-2080.00,-308.00,-3324.00,89240.00,4335.00,1992.00,1956.00
1988:Q1,297909.00,191264.00,47808.00,63789.00,-4952.00,297909.00,201548.00,96413.00,27005.00,69408.00,0.00,-52.00,297909.00,37904.00,16616.00,9104.00,408.00,5356.00,128880.00,8152.00,432.00,7316.00,580.00,20059.00,5636.00,468.00,11304.00,33788.00,7258.00,3440.00,1208.00
1988:Q2,320889.00,246832.00,-9460.00,88473.00,-4956.00,320889.00,237960.00,82853.00,4029.00,78824.00,4.00,72.00,320889.00,-12240.00,16620.00,14124.00,-2752.00,2712.00,123744.00,7616.00,544.00,8948.00,520.00,17207.00,6620.00,756.00,9676.00,69896.00,7511.00,49228.00,160.00
1988:Q3,333778.00,227528.00,13228.00,98030.00,-5008.00,333778.00,218900.00,114982.00,37418.00,77564.00,-8.00,-96.00,333778.00,-9616.00,16616.00,13448.00,-3664.00,1016.00,172388.00,8368.00,612.00,7420.00,548.00,20508.00,10856.00,-204.00,-3692.00,103288.00,10886.00,-17168.00,2168.00
1988:Q4,340252.00,229100.00,21072.00,95088.00,-5008.00,340252.00,222208.00,116892.00,41060.00,75832.00,-16.00,1168.00,340252.00,-4080.00,16620.00,3072.00,1804.00,6716.00,143696.00,8432.00,636.00,9068.00,672.00,24178.00,10732.00,68.00,2704.00,96600.00,10346.00,5652.00,3336.00
1989:Q1,216317.00,156217.00,13219.00,48917.00,-2036.00,216317.00,164725.00,51404.00,22324.00,29080.00,-4.00,192.00,216317.00,1932.00,-13556.00,-4860.00,-55.00,6308.00,94174.00,6200.00,668.00,14019.00,820.00,19249.00,3856.00,-1884.00,-2948.00,100687.00,6952.00,-14177.00,-1068.00
1989:Q2,252580.00,208473.00,20659.00,25511.00,-2064.00,252580.00,212021.00,40482.00,7462.00,33020.00,-4.00,80.00,252580.00,9184.00,-13712.00,-14268.00,-3377.00,7488.00,88141.00,7764.00,712.00,6846.00,992.00,18318.00,6568.00,-56.00,6499.00,96094.00,6969.00,28683.00,-264.00
1989:Q3,296466.00,255121.00,3297.00,40132.00,-2084.00,296466.00,253109.00,42846.00,5706.00,37140.00,-4.00,516.00,296466.00,9420.00,-13856.00,-15896.00,21.00,5148.00,64356.00,9452.00,756.00,3451.00,972.00,22717.00,7228.00,708.00,10482.00,130118.00,-7588.00,69589.00,-612.00
1989:Q4,291502.00,285618.00,4746.00,3226.00,-2088.00,291502.00,298522.00,-7540.00,-34112.00,26572.00,0.00,520.00,291502.00,11451.00,-13860.00,-15776.00,485.00,6312.00,9829.00,9088.00,788.00,2828.00,760.00,25120.00,8860.00,16.00,10105.00,170148.00,42439.00,22245.00,664.00
1990:Q1,289936.00,231492.00,7638.00,51917.00,-1112.00,289936.00,215244.00,74168.00,66364.00,7804.00,4.00,520.00,289936.00,12993.00,-1604.00,-6504.00,29437.00,4912.00,47593.00,22288.00,852.00,5778.00,620.00,25946.00,64.00,-472.00,9207.00,142464.00,-15777.00,12447.00,-308.00
1990:Q2,231394.00,244384.00,-23937.00,12072.00,-1124.00,231394.00,224604.00,6283.00,10811.00,-4528.00,-12.00,520.00,231394.00,10226.00,-1624.00,-3464.00,42974.00,4936.00,-46029.00,11136.00,940.00,4066.00,548.00,14768.00,3476.00,248.00,-9330.00,156133.00,18914.00,23600.00,-124.00
1990:Q3,211333.00,186692.00,9299.00,16481.00,-1140.00,211333.00,198664.00,11753.00,16265.00,-4512.00,-4.00,920.00,211333.00,10951.00,-1640.00,-2600.00,54558.00,4704.00,-55156.00,11124.00,932.00,7393.00,388.00,6155.00,1740.00,272.00,6964.00,137338.00,18743.00,9558.00,-92.00
1990:Q4,176322.00,169765.00,2084.00,5609.00,-1136.00,176322.00,190585.00,-14783.00,2801.00,-17584.00,0.00,520.00,176322.00,9508.00,-1640.00,-3808.00,15326.00,6464.00,-94948.00,16832.00,824.00,5895.00,144.00,7719.00,1148.00,3000.00,15765.00,165313.00,31716.00,-821.00,-2116.00
1991:Q1,214275.00,177104.00,6129.00,31222.00,-180.00,214275.00,206388.00,7603.00,24783.00,-17180.00,4.00,280.00,214275.00,4502.00,6116.00,-5884.00,38641.00,5440.00,-26804.00,14380.00,760.00,707.00,-104.00,4526.00,-6040.00,2004.00,12081.00,121782.00,21220.00,22154.00,-1208.00
1991:Q2,230644.00,213749.00,4985.00,12093.00,-184.00,230644.00,230461.00,-141.00,-1305.00,1164.00,-4.00,328.00,230644.00,7403.00,6184.00,-5300.00,34681.00,2152.00,-58056.00,10276.00,748.00,6632.00,-372.00,4979.00,-8044.00,-960.00,11322.00,142708.00,56625.00,19782.00,-116.00
1991:Q3,-2568.00,74809.00,-30187.00,-47006.00,-184.00,-2568.00,89977.00,-92929.00,-28237.00,-64692.00,0.00,384.00,-2568.00,2584.00,6248.00,-5288.00,10064.00,3368.00,-162510.00,3392.00,640.00,7770.00,-504.00,-5778.00,-5548.00,1412.00,1321.00,149316.00,53579.00,-62030.00,-604.00
1991:Q4,148170.00,191541.00,5806.00,-48993.00,-184.00,148170.00,206201.00,-58891.00,-30575.00,-28316.00,0.00,860.00,148170.00,-6908.00,6252.00,-3640.00,-21673.00,3072.00,-47541.00,7012.00,444.00,1559.00,-516.00,-37135.00,-7068.00,844.00,21398.00,132707.00,42384.00,57918.00,-940.00
1992:Q1,155997.00,193750.00,-720.00,-37462.00,428.00,155997.00,203326.00,-48189.00,-22877.00,-25312.00,0.00,860.00,155997.00,-5837.00,1060.00,-2660.00,16798.00,-36.00,-35717.00,-364.00,624.00,-6663.00,-492.00,-6550.00,-3932.00,-2852.00,32214.00,92953.00,50722.00,27392.00,-664.00
1992:Q2,65508.00,108694.00,-15386.00,-28224.00,424.00,65508.00,121490.00,-56059.00,-26667.00,-29392.00,-8.00,84.00,65508.00,-6232.00,1056.00,-2360.00,-18926.00,724.00,-93447.00,732.00,712.00,13495.00,-484.00,-22181.00,-4676.00,3572.00,17722.00,157039.00,53356.00,-37190.00,2596.00
1992:Q3,119520.00,179328.00,-13960.00,-46280.00,432.00,119520.00,191308.00,-72228.00,-36644.00,-35584.00,0.00,440.00,119520.00,-6366.00,1072.00,356.00,-28761.00,-552.00,-48659.00,-3496.00,840.00,-1367.00,-616.00,-20894.00,-2608.00,-3040.00,26353.00,98639.00,75991.00,32943.00,-316.00
1992:Q4,99503.00,187690.00,-22626.00,-65993.00,432.00,99503.00,202550.00,-103911.00,-74179.00,-29732.00,0.00,864.00,99503.00,-8742.00,1068.00,1244.00,-16860.00,-312.00,-47289.00,-7648.00,1048.00,6231.00,-896.00,-20423.00,-3504.00,588.00,51984.00,113600.00,39203.00,-12437.00,2648.00
1993:Q1,45016.00,83439.00,-8415.00,-30555.00,548.00,45016.00,108407.00,-64770.00,-38970.00,-25800.00,0.00,1380.00,45016.00,-8015.00,-7648.00,-6640.00,-17674.00,-8.00,-6953.00,-5480.00,1168.00,2320.00,-1204.00,-13226.00,432.00,-3232.00,22971.00,113074.00,25715.00,-50784.00,200.00
1993:Q2,148801.00,200588.00,-11370.00,-40970.00,552.00,148801.00,208088.00,-60640.00,-38236.00,-22404.00,0.00,1352.00,148801.00,-8261.00,-7732.00,-2076.00,-22091.00,-12164.00,38574.00,-4944.00,1400.00,1535.00,-1584.00,-14095.00,-1296.00,-4556.00,72796.00,10834.00,43972.00,57692.00,796.00
1993:Q3,152668.00,178896.00,-5212.00,-21572.00,556.00,152668.00,180068.00,-33564.00,-12256.00,-21308.00,-4.00,6168.00,152668.00,-8406.00,-7816.00,-1444.00,-12881.00,-4744.00,17224.00,-4792.00,1348.00,884.00,-1600.00,-17502.00,1976.00,2196.00,37298.00,113468.00,43800.00,-7324.00,984.00
1993:Q4,118868.00,163236.00,6312.00,-51240.00,560.00,118868.00,171904.00,-58488.00,-39584.00,-18904.00,-4.00,5456.00,118868.00,-8375.00,-7816.00,-3116.00,-9126.00,-4660.00,43415.00,-10964.00,1084.00,3037.00,-1280.00,-27677.00,-7360.00,-2104.00,32047.00,101498.00,32157.00,-12128.00,236.00
1994:Q1,144007.00,174582.00,-564.00,-31466.00,1456.00,144007.00,168838.00,-34654.00,-19254.00,-15400.00,0.00,9824.00,144007.00,-8001.00,4016.00,-4084.00,-22040.00,-1900.00,-36487.00,-6096.00,844.00,6683.00,-676.00,-12568.00,-1748.00,432.00,25169.00,191423.00,49562.00,-47113.00,6592.00
1994:Q2,173291.00,170548.00,4373.00,-3106.00,1476.00,173291.00,160192.00,699.00,855.00,-156.00,0.00,12400.00,173291.00,-8525.00,4056.00,7224.00,-6570.00,224.00,67781.00,-4088.00,1856.00,2083.00,-676.00,-11356.00,64.00,1216.00,6330.00,128414.00,13473.00,-34812.00,6596.00
1994:Q3,173168.00,163133.00,-666.00,9209.00,1492.00,173168.00,145089.00,16079.00,12311.00,3768.00,0.00,12000.00,173168.00,-8627.00,4104.00,1024.00,-4693.00,5124.00,83012.00,-4360.00,1200.00,4727.00,-680.00,-1959.00,-8.00,332.00,-6368.00,85163.00,17780.00,-8067.00,5464.00
1994:Q4,166514.00,200664.00,-1050.00,-34592.00,1492.00,166514.00,188748.00,-27138.00,-20622.00,-6516.00,0.00,4904.00,166514.00,-8692.00,4104.00,3636.00,-22770.00,5440.00,149194.00,-4652.00,2352.00,7478.00,-676.00,-6513.00,-19064.00,700.00,-10891.00,56125.00,-291.00,10845.00,188.00
1995:Q1,184473.00,159661.00,-2501.00,25529.00,1784.00,184473.00,150937.00,30172.00,11388.00,18784.00,0.00,3364.00,184473.00,-8220.00,1544.00,-3112.00,-8706.00,5120.00,124785.00,-5740.00,520.00,8789.00,-980.00,973.00,784.00,792.00,125.00,56238.00,13677.00,-3905.00,1788.00
1995:Q2,194304.00,177116.00,8432.00,6948.00,1808.00,194304.00,162880.00,23576.00,-4420.00,27996.00,0.00,7848.00,194304.00,-8351.00,1564.00,-1412.00,-17229.00,4476.00,96571.00,-4672.00,1036.00,-2075.00,-976.00,-3383.00,788.00,644.00,4713.00,68902.00,16303.00,35617.00,1788.00
1995:Q3,216036.00,185427.00,4448.00,24337.00,1824.00,216036.00,164059.00,47489.00,11761.00,35728.00,0.00,4488.00,216036.00,-8367.00,1580.00,-2260.00,-12867.00,512.00,77272.00,-3316.00,260.00,3904.00,-1024.00,15824.00,784.00,752.00,14481.00,102842.00,12951.00,10924.00,1784.00
1995:Q4,147695.00,147646.00,13968.00,-15747.00,1828.00,147695.00,136058.00,6037.00,-27371.00,33408.00,0.00,5600.00,147695.00,-7194.00,1584.00,-1428.00,-15243.00,3100.00,30452.00,-6824.00,1856.00,5225.00,-936.00,-23954.00,788.00,768.00,5928.00,165321.00,24494.00,-34045.00,-2196.00
1996:Q1,310078.00,270890.00,3444.00,33061.00,2684.00,310078.00,257462.00,47009.00,16069.00,30940.00,0.00,5608.00,310078.00,-7708.00,-3552.00,-1592.00,-7600.00,2012.00,83148.00,-7676.00,1460.00,9911.00,-980.00,295.00,780.00,752.00,-15814.00,146555.00,41842.00,70437.00,-2192.00
1996:Q2,287365.00,235866.00,12932.00,35883.00,2684.00,287365.00,214318.00,65203.00,15435.00,49768.00,-4.00,7848.00,287365.00,-8108.00,-3552.00,-2240.00,-3888.00,2200.00,84243.00,-3576.00,300.00,8426.00,-16.00,-4179.00,780.00,792.00,-1269.00,157248.00,40498.00,21901.00,-2196.00
1996:Q3,224697.00,195014.00,9720.00,17247.00,2716.00,224697.00,167406.00,47931.00,8643.00,39288.00,-4.00,9364.00,224697.00,-8288.00,-3592.00,-756.00,-9548.00,4280.00,96563.00,-328.00,516.00,5562.00,-112.00,-8756.00,792.00,808.00,-3967.00,129690.00,35983.00,-12634.00,-1516.00
1996:Q4,246745.00,191183.00,22944.00,29905.00,2712.00,246745.00,194527.00,43617.00,2869.00,40748.00,-8.00,8608.00,246745.00,-8260.00,-3588.00,-856.00,-7824.00,6780.00,92473.00,-20.00,-12.00,12345.00,-580.00,-7264.00,512.00,832.00,-4390.00,130415.00,26145.00,5228.00,4808.00
1997:Q1,294282.00,252057.00,1080.00,37108.00,4036.00,294282.00,242109.00,35584.00,8624.00,26960.00,-8.00,16596.00,294282.00,-8044.00,25540.00,-2792.00,-8944.00,2644.00,98132.00,-5832.00,40.00,8805.00,312.00,-1218.00,1052.00,848.00,-12847.00,130343.00,46650.00,14832.00,4760.00
1997:Q2,281010.00,195112.00,16128.00,65690.00,4080.00,281010.00,186052.00,78746.00,22306.00,56440.00,0.00,16212.00,281010.00,-7332.00,25824.00,-1088.00,-2460.00,4324.00,153996.00,-9952.00,-24.00,7668.00,-468.00,-327.00,1100.00,856.00,-8970.00,82054.00,38285.00,-11821.00,9344.00
1997:Q3,409246.00,318586.00,8724.00,77813.00,4124.00,409246.00,291794.00,110769.00,61041.00,49728.00,0.00,6684.00,409246.00,-6924.00,26108.00,-1516.00,-4620.00,3696.00,119229.00,-2664.00,860.00,12868.00,-32.00,-1009.00,1220.00,888.00,-2937.00,96982.00,81642.00,78844.00,6612.00
1997:Q4,266630.00,172589.00,21680.00,68232.00,4128.00,266630.00,157705.00,88784.00,18128.00,70656.00,0.00,20140.00,266630.00,-8396.00,26108.00,-1176.00,-2120.00,4056.00,64587.00,-6056.00,1324.00,10311.00,-552.00,-3122.00,-184.00,900.00,6086.00,148965.00,84578.00,-74235.00,15556.00
1998:Q1,473825.00,373902.00,26428.00,68971.00,4524.00,473825.00,330586.00,134139.00,-13269.00,147408.00,0.00,9100.00,473825.00,-8972.00,-12808.00,7556.00,-1152.00,4120.00,188068.00,-8560.00,1468.00,10341.00,-108.00,5240.00,124.00,4264.00,8188.00,104333.00,128019.00,32388.00,11316.00
1998:Q2,421637.00,316781.00,28780.00,71504.00,4572.00,421637.00,278389.00,123396.00,-24124.00,147520.00,0.00,19852.00,421637.00,-9224.00,-12948.00,7556.00,-1344.00,4048.00,6584.00,-3724.00,1708.00,10662.00,-172.00,1448.00,180.00,8032.00,-1472.00,239675.00,150524.00,7001.00,13104.00
1998:Q3,432963.00,301289.00,33616.00,93433.00,4624.00,432963.00,251617.00,141725.00,-6075.00,147800.00,0.00,39620.00,432963.00,-8712.00,-13088.00,7560.00,-1256.00,-980.00,44697.00,-744.00,1628.00,7784.00,-1028.00,2043.00,568.00,3272.00,-227.00,239002.00,114174.00,35517.00,2752.00
1998:Q4,606583.00,434187.00,48288.00,119484.00,4624.00,606583.00,385371.00,190628.00,42436.00,148192.00,0.00,30584.00,606583.00,6476.00,-13092.00,7552.00,376.00,17016.00,192799.00,-9776.00,1120.00,12685.00,204.00,18273.00,-1700.00,3644.00,23814.00,187691.00,119043.00,54138.00,-13680.00
1999:Q1,615889.00,462342.00,38116.00,111380.00,4052.00,615889.00,422642.00,173124.00,43636.00,129488.00,0.00,20124.00,615889.00,7276.00,-25676.00,-1744.00,-1380.00,4480.00,78754.00,-8136.00,-556.00,11335.00,-192.00,22346.00,1812.00,1532.00,-11746.00,394648.00,109194.00,37542.00,-3600.00
1999:Q2,505259.00,388003.00,25708.00,87457.00,4092.00,505259.00,343183.00,174337.00,52401.00,121936.00,0.00,-12260.00,505259.00,5876.00,-25964.00,-2368.00,-384.00,1620.00,118695.00,-4860.00,3840.00,13987.00,108.00,19033.00,1816.00,4700.00,-4734.00,274462.00,74432.00,26873.00,-1872.00
1999:Q3,617341.00,466178.00,42424.00,104599.00,4140.00,617341.00,413526.00,194447.00,48379.00,146068.00,0.00,9368.00,617341.00,7128.00,-26248.00,-2368.00,1540.00,1376.00,289042.00,-1104.00,2112.00,15756.00,208.00,9982.00,1812.00,-452.00,-1051.00,230747.00,55977.00,33308.00,-424.00
1999:Q4,557606.00,393629.00,55136.00,104700.00,4140.00,557606.00,350689.00,195268.00,40256.00,155012.00,0.00,11648.00,557606.00,6292.00,-26248.00,-2368.00,-88.00,10312.00,254465.00,-3724.00,1600.00,13991.00,-280.00,11659.00,1812.00,7328.00,-2298.00,198390.00,42689.00,39933.00,4140.00
2000:Q1,548385.00,395348.00,27212.00,128293.00,-2468.00,548385.00,370656.00,169161.00,42693.00,126468.00,0.00,8568.00,548385.00,1004.00,2308.00,-652.00,-3772.00,1540.00,313036.00,2848.00,1860.00,15824.00,2520.00,1542.00,852.00,-5548.00,16997.00,133026.00,40071.00,40416.00,-15488.00
2000:Q2,577720.00,431542.00,33708.00,114938.00,-2468.00,577720.00,395442.00,175746.00,30394.00,145352.00,0.00,6532.00,577720.00,872.00,2308.00,-656.00,92.00,-3004.00,299936.00,2208.00,3504.00,15368.00,-2796.00,10447.00,356.00,1764.00,29350.00,153111.00,34031.00,32880.00,-2052.00
2000:Q3,559119.00,450113.00,21304.00,90198.00,-2496.00,559119.00,415821.00,145706.00,22186.00,123520.00,0.00,-2408.00,559119.00,672.00,2308.00,-652.00,-1312.00,604.00,186565.00,-800.00,2676.00,9171.00,-680.00,9035.00,176.00,-11840.00,17798.00,229843.00,81531.00,38453.00,-4428.00
2000:Q4,547890.00,423079.00,35100.00,92206.00,-2496.00,547890.00,397211.00,144470.00,1566.00,142904.00,0.00,6208.00,547890.00,728.00,2308.00,-652.00,1552.00,-4220.00,66451.00,496.00,-608.00,10937.00,-160.00,-328.00,-448.00,1364.00,24728.00,282876.00,106290.00,58631.00,-2056.00
2001:Q1,472185.00,503320.00,19176.00,-54075.00,3764.00,472185.00,464292.00,6541.00,-96739.00,103280.00,0.00,1352.00,472185.00,6224.00,3060.00,3368.00,-2360.00,-2348.00,240669.00,-68.00,2456.00,13706.00,24.00,2218.00,-6756.00,-1040.00,24530.00,161149.00,-60781.00,88598.00,-464.00
2001:Q2,749965.00,619651.00,45300.00,81206.00,3808.00,749965.00,584875.00,155778.00,35562.00,120216.00,0.00,9312.00,749965.00,5676.00,3092.00,3356.00,-544.00,4552.00,135005.00,-1488.00,4292.00,13766.00,120.00,7602.00,-652.00,-5436.00,31657.00,432414.00,93436.00,26638.00,-3520.00
2001:Q3,814307.00,618561.00,37696.00,154202.00,3848.00,814307.00,583409.00,239942.00,107266.00,132676.00,0.00,-9044.00,814307.00,5896.00,3128.00,3364.00,-3396.00,-8536.00,70896.00,4600.00,1408.00,23596.00,160.00,8870.00,-532.00,1764.00,24819.00,495632.00,147460.00,32803.00,2376.00
2001:Q4,697391.00,470748.00,64276.00,158519.00,3848.00,697391.00,440850.00,249325.00,111253.00,138072.00,0.00,7216.00,697391.00,4892.00,3128.00,3364.00,1840.00,3024.00,196714.00,-88.00,4920.00,11812.00,660.00,9042.00,-796.00,160.00,51887.00,264961.00,205537.00,-66879.00,3212.00
2002:Q1,801114.00,695549.00,24864.00,73912.00,6788.00,801114.00,665201.00,128012.00,6636.00,121376.00,0.00,7900.00,801114.00,7188.00,2884.00,-632.00,-120.00,-5976.00,10523.00,1540.00,812.00,26047.00,0.00,7484.00,2384.00,-236.00,38270.00,522545.00,140212.00,49576.00,-1388.00
2002:Q2,768106.00,616579.00,40368.00,104295.00,6864.00,768106.00,581547.00,163523.00,36467.00,127056.00,0.00,23036.00,768106.00,5284.00,2916.00,-628.00,-1052.00,-6408.00,180062.00,1364.00,1384.00,13250.00,84.00,5813.00,-104.00,-636.00,40953.00,354574.00,133410.00,28497.00,9344.00
2002:Q3,962031.00,809416.00,29060.00,116619.00,6936.00,962031.00,761048.00,195367.00,68475.00,126892.00,0.00,5616.00,962031.00,7292.00,2948.00,-624.00,-1800.00,-8936.00,452372.00,1692.00,3792.00,9342.00,4.00,4136.00,264.00,644.00,61265.00,168398.00,139723.00,107478.00,14040.00
2002:Q4,1100837.00,903108.00,66080.00,124709.00,6940.00,1100837.00,855012.00,237573.00,110689.00,126884.00,0.00,8252.00,1100837.00,7096.00,2948.00,-636.00,5052.00,-24.00,511636.00,-108.00,684.00,16585.00,328.00,10570.00,-196.00,684.00,98720.00,261758.00,63411.00,103613.00,18716.00
2003:Q1,845590.00,703616.00,44796.00,109246.00,-12068.00,845590.00,722888.00,127350.00,62982.00,64368.00,0.00,-4648.00,845590.00,4040.00,2168.00,116.00,-9400.00,-320.00,258256.00,44.00,4116.00,20408.00,20.00,11145.00,-280.00,796.00,103902.00,287936.00,136762.00,32322.00,-6440.00
2003:Q2,1034190.00,851792.00,73000.00,121602.00,-12204.00,1034190.00,922676.00,104138.00,40058.00,64080.00,0.00,7376.00,1034190.00,3760.00,2188.00,120.00,220.00,15352.00,346053.00,2172.00,3284.00,10740.00,-236.00,10341.00,-680.00,5996.00,130174.00,278825.00,109117.00,88353.00,28412.00
2003:Q3,1092318.00,889069.00,64612.00,150974.00,-12336.00,1092318.00,954769.00,124334.00,60314.00,64020.00,0.00,13216.00,1092318.00,3408.00,2216.00,120.00,-1700.00,-3088.00,326403.00,18584.00,4812.00,27105.00,-32.00,11270.00,140.00,-5372.00,139730.00,310483.00,184620.00,45551.00,28068.00
2003:Q4,994110.00,812739.00,96956.00,96751.00,-12336.00,994110.00,911987.00,62487.00,-1589.00,64076.00,0.00,19636.00,994110.00,4096.00,2216.00,112.00,984.00,7352.00,207036.00,-26748.00,4232.00,25539.00,680.00,11164.00,468.00,-4216.00,33166.00,464244.00,238450.00,-7517.00,32852.00
2004:Q1,1105789.00,856146.00,41580.00,195667.00,12396.00,1105789.00,736922.00,346463.00,153183.00,193280.00,0.00,22404.00,1105789.00,8524.00,14760.00,4552.00,8024.00,6536.00,537780.00,1120.00,3844.00,21566.00,236.00,10852.00,-268.00,-5376.00,7373.00,-9974.00,385127.00,83341.00,27772.00
2004:Q2,1329899.00,1098270.00,70348.00,148881.00,12400.00,1329899.00,1019530.00,285765.00,56181.00,229584.00,0.00,24604.00,1329899.00,8684.00,14756.00,4556.00,-5988.00,24888.00,499257.00,-10876.00,7136.00,31737.00,296.00,4804.00,-180.00,-5200.00,5086.00,90117.00,434706.00,182137.00,43984.00
2004:Q3,1264298.00,995184.00,48160.00,208422.00,12532.00,1264298.00,912768.00,335702.00,105938.00,229764.00,0.00,15828.00,1264298.00,8168.00,14924.00,4548.00,724.00,9264.00,502536.00,2172.00,7408.00,24699.00,456.00,14346.00,268.00,-2380.00,4201.00,51062.00,560244.00,65954.00,-4296.00
2004:Q4,1404062.00,1137796.00,53732.00,199998.00,12536.00,1404062.00,1087408.00,277482.00,47670.00,229812.00,0.00,39172.00,1404062.00,10404.00,14920.00,4552.00,3648.00,16996.00,543611.00,5040.00,7552.00,24938.00,320.00,19263.00,-696.00,-8624.00,13360.00,31863.00,473735.00,91752.00,151428.00
2005:Q1,1114048.00,885240.00,43156.00,176660.00,8992.00,1114048.00,832644.00,261108.00,83992.00,177116.00,0.00,20296.00,1114048.00,11180.00,1628.00,5344.00,1060.00,9780.00,396621.00,3780.00,8716.00,28029.00,172.00,12397.00,-348.00,-5604.00,-43575.00,83250.00,552843.00,18066.00,30708.00
2005:Q2,1508058.00,1192178.00,62804.00,243987.00,9088.00,1508058.00,1116474.00,367019.00,189751.00,177268.00,0.00,24564.00,1508058.00,9160.00,1648.00,5348.00,612.00,8184.00,519711.00,2620.00,2540.00,24994.00,244.00,8422.00,-84.00,-7800.00,-40581.00,163650.00,697030.00,64208.00,48152.00
2005:Q3,1533825.00,1225130.00,58772.00,240731.00,9192.00,1533825.00,1153822.00,364899.00,187147.00,177752.00,0.00,15104.00,1533825.00,5020.00,1668.00,5348.00,3844.00,28180.00,526296.00,12632.00,7716.00,27108.00,504.00,7598.00,-112.00,10312.00,-44589.00,145453.00,730353.00,27913.00,38580.00
2005:Q4,1586117.00,1212788.00,78396.00,285745.00,9188.00,1586117.00,1142976.00,446665.00,268677.00,177988.00,0.00,-3524.00,1586117.00,-860.00,1664.00,5344.00,4028.00,15940.00,358013.00,-3104.00,-4420.00,29652.00,288.00,20004.00,-324.00,-3176.00,-32148.00,265507.00,782442.00,151456.00,-4188.00
2006:Q1,1594656.00,1274588.00,47836.00,268996.00,3236.00,1594656.00,1191392.00,386688.00,103640.00,283048.00,0.00,16576.00,1594656.00,-11604.00,-8316.00,-1540.00,1764.00,3908.00,433140.00,2684.00,2584.00,28980.00,56.00,18367.00,-220.00,-1440.00,-1766.00,327590.00,679780.00,81592.00,39096.00
2006:Q2,1575529.00,1322623.00,29024.00,220610.00,3272.00,1575529.00,1245735.00,314122.00,30782.00,283340.00,0.00,15672.00,1575529.00,-20104.00,-8412.00,-1544.00,6888.00,15524.00,498690.00,6584.00,12672.00,30561.00,436.00,24272.00,-348.00,708.00,27259.00,267167.00,643402.00,62387.00,9388.00
2006:Q3,1318043.00,1020030.00,35328.00,259381.00,3304.00,1318043.00,956990.00,355661.00,72389.00,283272.00,0.00,5392.00,1318043.00,-27160.00,-8504.00,-1548.00,3612.00,27028.00,328109.00,564.00,-3512.00,28177.00,228.00,12710.00,-324.00,4100.00,21767.00,268373.00,611206.00,51777.00,1440.00
2006:Q4,1052628.00,702563.00,56332.00,290426.00,3308.00,1052628.00,666343.00,397594.00,114194.00,283400.00,0.00,-11308.00,1052628.00,-18500.00,-8500.00,-1544.00,2560.00,18636.00,178542.00,6476.00,4832.00,17938.00,2168.00,17963.00,-320.00,4232.00,26236.00,307414.00,570019.00,15925.00,-91448.00
2007:Q1,1157787.00,887722.00,67416.00,198076.00,4572.00,1157787.00,836002.00,337888.00,29768.00,308120.00,0.00,-16104.00,1157787.00,-16124.00,-18192.00,7444.00,3256.00,25800.00,56555.00,10976.00,-700.00,19657.00,424.00,16243.00,2220.00,4308.00,-9030.00,479273.00,554217.00,-28064.00,49524.00
2007:Q2,1259884.00,882229.00,68788.00,304247.00,4620.00,1259884.00,850305.00,396779.00,88439.00,308340.00,0.00,12800.00,1259884.00,-18636.00,-18392.00,7440.00,3224.00,17116.00,305251.00,9284.00,4396.00,27054.00,1992.00,19725.00,2216.00,4412.00,40143.00,485977.00,448922.00,-43503.00,-36736.00
2007:Q3,1218547.00,790782.00,87988.00,335105.00,4672.00,1218547.00,773634.00,432133.00,123217.00,308916.00,0.00,12780.00,1218547.00,-13616.00,-18596.00,7444.00,-76.00,18140.00,378388.00,20916.00,4312.00,29187.00,988.00,13611.00,2216.00,-400.00,54463.00,660981.00,94109.00,-4217.00,-29304.00
2007:Q4,873426.00,526418.00,122680.00,219656.00,4672.00,873426.00,525718.00,338472.00,29028.00,309444.00,0.00,9236.00,873426.00,-11492.00,-18592.00,7444.00,1928.00,14624.00,268042.00,15096.00,-1800.00,35130.00,1884.00,39908.00,2216.00,-428.00,58101.00,877833.00,-281884.00,-98820.00,-35764.00
2008:Q1,637982.00,357638.00,64140.00,194341.00,21864.00,637982.00,366314.00,251245.00,59421.00,191824.00,0.00,20424.00,637982.00,-9108.00,-7684.00,-2976.00,2044.00,7668.00,239140.00,3440.00,2776.00,37984.00,364.00,24019.00,-8012.00,-332.00,32038.00,579217.00,-192514.00,-13638.00,-56444.00
2008:Q2,335085.00,81479.00,65820.00,165922.00,21864.00,335085.00,140203.00,197486.00,3934.00,193552.00,0.00,-2604.00,335085.00,27768.00,-7680.00,-2964.00,11872.00,-5420.00,-40753.00,4776.00,364.00,36996.00,592.00,18897.00,-8004.00,-452.00,64630.00,631311.00,-290323.00,-85010.00,-21516.00
2008:Q3,111105.00,-28623.00,27290.00,90331.00,22108.00,111105.00,43713.00,61501.00,-132847.00,194348.00,0.00,5892.00,111105.00,33212.00,-7768.00,-2972.00,12112.00,-16404.00,-79341.00,2696.00,1216.00,30521.00,-1388.00,11239.00,-8008.00,-5384.00,9415.00,502065.00,-263498.00,-85751.00,-20856.00
2008:Q4,-41637.00,-177201.00,38431.00,74898.00,22236.00,-41637.00,-79833.00,34793.00,-160175.00,194968.00,0.00,3404.00,-41637.00,10428.00,-7768.00,-2976.00,27828.00,-4608.00,-122807.00,9768.00,2860.00,23411.00,1192.00,10881.00,-8012.00,-5116.00,142825.00,317103.00,-277061.00,-72229.00,-87356.00
2009:Q1,142569.00,123998.00,13660.00,-6233.00,11144.00,142569.00,146058.00,-27157.00,-40637.00,13480.00,0.00,23668.00,142569.00,19356.00,-4044.00,-1204.00,3620.00,-9816.00,54999.00,288.00,284.00,11614.00,144.00,-10939.00,-2448.00,-5012.00,25794.00,368982.00,-182630.00,-40434.00,-85984.00
2009:Q2,25338.00,56619.00,22432.00,-64984.00,11272.00,25338.00,89835.00,-85756.00,-93748.00,7992.00,0.00,21260.00,25338.00,18684.00,-4092.00,-1208.00,21780.00,14052.00,-138015.00,-4516.00,256.00,3638.00,144.00,-16307.00,-2448.00,-5088.00,-28507.00,527373.00,-314985.00,-37426.00,-7996.00
2009:Q3,-139954.00,-57930.00,12132.00,-105548.00,11392.00,-139954.00,1354.00,-141748.00,-151028.00,9280.00,0.00,440.00,-139954.00,17492.00,-4136.00,-1208.00,31076.00,24340.00,-411343.00,-10384.00,480.00,4371.00,-968.00,-17055.00,-2448.00,-180.00,15137.00,522371.00,-234429.00,-54567.00,-18504.00
2009:Q4,-93874.00,51717.00,-17940.00,-139043.00,11392.00,-93874.00,67441.00,-162975.00,-173143.00,10168.00,0.00,1660.00,-93874.00,18004.00,-4132.00,-1208.00,-6232.00,13580.00,-217853.00,-10808.00,-2292.00,1789.00,-1376.00,-20999.00,-2444.00,-172.00,-2980.00,414590.00,-204444.00,-58745.00,-8152.00
2010:Q1,-458048.00,-356138.00,-21819.00,-88080.00,7988.00,-458048.00,-364238.00,-87791.00,-80863.00,-6928.00,0.00,-6020.00,-458048.00,13016.00,-1544.00,4172.00,-5240.00,7320.00,-267798.00,272.00,-2832.00,2669.00,-716.00,-14350.00,2776.00,-204.00,-145842.00,167788.00,-172661.00,-66987.00,22112.00
2010:Q2,-209096.00,-26088.00,-11014.00,-180074.00,8080.00,-209096.00,-35096.00,-170124.00,-163404.00,-6720.00,0.00,-3876.00,-209096.00,6668.00,-1560.00,4164.00,5188.00,4236.00,-171360.00,-6668.00,-20268.00,1900.00,-20.00,-15443.00,2776.00,-152.00,-262.00,255166.00,-197077.00,-54636.00,-21748.00
2010:Q3,-262466.00,-122386.00,11581.00,-159824.00,8164.00,-262466.00,-155206.00,-122135.00,-115011.00,-7124.00,0.00,14876.00,-262466.00,8092.00,-1576.00,4164.00,-21640.00,24928.00,-68270.00,-3592.00,-1624.00,-582.00,-132.00,-5470.00,2776.00,-372.00,-120874.00,172316.00,-199562.00,-46252.00,-4796.00
2010:Q4,-167134.00,-56252.00,7484.00,-126534.00,8168.00,-167134.00,-83304.00,-82158.00,-73450.00,-8708.00,0.00,-1672.00,-167134.00,-6076.00,-1572.00,4172.00,16.00,20456.00,-89244.00,172.00,-1076.00,-443.00,-376.00,811.00,2772.00,-496.00,-17042.00,181658.00,-211000.00,-49030.00,-836.00
2011:Q1,-185512.00,-86535.00,-13308.00,-98589.00,12920.00,-185512.00,-55347.00,-152349.00,-121949.00,-30400.00,0.00,22184.00,-185512.00,6156.00,-552.00,-5808.00,2804.00,-356.00,-357641.00,-6076.00,-3916.00,5310.00,-204.00,8170.00,-4612.00,-596.00,103063.00,217457.00,-162038.00,-34911.00,48240.00
2011:Q2,-177914.00,-67980.00,-4108.00,-118890.00,13064.00,-177914.00,-39780.00,-160418.00,-130258.00,-30160.00,0.00,22284.00,-177914.00,3784.00,-556.00,-5804.00,6660.00,3336.00,-112321.00,-3232.00,-3680.00,2472.00,1024.00,17270.00,-4612.00,-696.00,-58889.00,186743.00,-189048.00,-28969.00,8604.00
2011:Q3,-198220.00,-102042.00,5164.00,-114550.00,13208.00,-198220.00,-81254.00,-120902.00,-89694.00,-31208.00,0.00,3936.00,-198220.00,10240.00,-560.00,-5808.00,-8.00,3184.00,3403.00,2560.00,-2200.00,1771.00,1044.00,17070.00,-4612.00,-416.00,-166594.00,137310.00,-140976.00,-45520.00,-8108.00
2011:Q4,-122038.00,-89443.00,11684.00,-57487.00,13208.00,-122038.00,-71671.00,-55779.00,-23835.00,-31944.00,0.00,5412.00,-122038.00,4192.00,-560.00,-5804.00,3736.00,-2476.00,45212.00,-3624.00,152.00,8551.00,1304.00,17487.00,-4612.00,-612.00,-119512.00,118770.00,-167989.00,-14259.00,-1992.00
2012:Q1,-129756.00,-73481.00,11628.00,-74071.00,6168.00,-129756.00,-48529.00,-85879.00,-188323.00,102444.00,0.00,4652.00,-129756.00,-12184.00,-1876.00,-2412.00,6256.00,-1956.00,-46600.00,-6360.00,-1920.00,11255.00,976.00,23262.00,1196.00,-644.00,-26543.00,127369.00,-172369.00,-25226.00,-1980.00
2012:Q2,-99666.00,-63382.00,26224.00,-68672.00,6164.00,-99666.00,-43694.00,-55008.00,-156836.00,101828.00,0.00,-964.00,-99666.00,-14404.00,-1876.00,-2416.00,2484.00,6408.00,19097.00,-64.00,-2072.00,8777.00,840.00,14767.00,1192.00,-524.00,-132113.00,179261.00,-159279.00,-31096.00,11352.00
2012:Q3,-91827.00,-94942.00,34896.00,-38017.00,6236.00,-91827.00,-77858.00,-24433.00,-125881.00,101448.00,0.00,10464.00,-91827.00,-12196.00,-1896.00,-2416.00,1984.00,13952.00,24697.00,120.00,-1696.00,5199.00,504.00,6173.00,1200.00,-1336.00,-75043.00,92770.00,-129994.00,-20921.00,7072.00
2012:Q4,20065.00,-77846.00,51608.00,40072.00,6232.00,20065.00,-55086.00,69936.00,-30156.00,100092.00,0.00,5216.00,20065.00,-12732.00,-1896.00,-2408.00,-4200.00,6880.00,57698.00,-1204.00,11688.00,8166.00,460.00,3486.00,1196.00,-1416.00,-51865.00,123972.00,-109970.00,-25592.00,17804.00
2013:Q1,-21437.00,-45923.00,19176.00,-6330.00,11640.00,-21437.00,-21599.00,-20446.00,-101862.00,81416.00,0.00,20608.00,-21437.00,-1348.00,1532.00,1000.00,7164.00,6496.00,-69739.00,-4856.00,-2344.00,8434.00,844.00,8686.00,-700.00,-1508.00,-6913.00,127780.00,-65384.00,-25121.00,-5460.00
2013:Q2,117611.00,-26911.00,30676.00,102078.00,11768.00,117611.00,-16895.00,74702.00,-6514.00,81216.00,0.00,59804.00,117611.00,-2660.00,1552.00,996.00,-452.00,-8040.00,-46350.00,-396.00,-2684.00,15752.00,2856.00,17278.00,-696.00,-1564.00,111747.00,128978.00,-667940.00,-8854.00,578088.00
2013:Q3,150520.00,70252.00,39848.00,28524.00,11896.00,150520.00,72932.00,119676.00,39320.00,80356.00,0.00,-42088.00,150520.00,-2172.00,1564.00,996.00,3716.00,-928.00,-25000.00,1024.00,-8340.00,25576.00,1812.00,27636.00,-700.00,468.00,143047.00,140548.00,-136340.00,-23991.00,1604.00
2013:Q4,141566.00,12246.00,49604.00,67820.00,11896.00,141566.00,21518.00,78916.00,-712.00,79628.00,0.00,41132.00,141566.00,-920.00,1568.00,996.00,5464.00,-1288.00,34853.00,1904.00,3436.00,24734.00,3712.00,21480.00,-696.00,412.00,42115.00,125834.00,-119692.00,-29742.00,27396.00
2014:Q1,101047.00,-2847.00,40940.00,51513.00,11440.00,101047.00,-239.00,89905.00,-97875.00,187780.00,0.00,11380.00,101047.00,6204.00,1920.00,-380.00,1928.00,8316.00,96299.00,7772.00,-1780.00,26154.00,1272.00,18120.00,1660.00,412.00,-67765.00,89460.00,-161931.00,-16887.00,90272.00
2014:Q2,186370.00,30417.00,51552.00,92834.00,11568.00,186370.00,26677.00,153146.00,-34258.00,187404.00,0.00,6548.00,186370.00,-4996.00,1940.00,-376.00,2340.00,15108.00,153706.00,7832.00,-808.00,25721.00,2104.00,18942.00,1660.00,328.00,-25334.00,50421.00,-48801.00,-12553.00,-864.00
2014:Q3,210098.00,22954.00,63908.00,111540.00,11696.00,210098.00,19034.00,200924.00,13396.00,187528.00,0.00,-9860.00,210098.00,-4236.00,1964.00,-380.00,2936.00,-6964.00,83035.00,5112.00,-3336.00,28250.00,2268.00,19903.00,1660.00,780.00,33765.00,63886.00,-26643.00,-8393.00,16492.00
2014:Q4,302993.00,111104.00,76404.00,103789.00,11696.00,302993.00,110880.00,163097.00,-25347.00,188444.00,0.00,29016.00,302993.00,-4920.00,1964.00,-376.00,-308.00,5240.00,138384.00,8324.00,-2312.00,27284.00,2408.00,29351.00,1660.00,752.00,76346.00,96201.00,-54062.00,3225.00,-26168.00
2015:Q1,227832.00,35313.00,85584.00,95100.00,11836.00,227832.00,36317.00,175148.00,23984.00,151164.00,0.00,16368.00,227832.00,3272.00,1944.00,2084.00,3464.00,17384.00,188622.00,-580.00,-10364.00,27548.00,1892.00,29385.00,-5432.00,736.00,23865.00,14936.00,-26821.00,-18054.00,-26048.00
2015:Q2,462048.00,203730.00,94984.00,151366.00,11968.00,462048.00,192590.00,256158.00,42678.00,213480.00,0.00,13300.00,462048.00,-9932.00,1948.00,2532.00,-452.00,2864.00,180907.00,14192.00,-2856.00,37960.00,2028.00,38951.00,-2648.00,776.00,125966.00,120205.00,-17553.00,-36939.00,4100.00
2015:Q3,383774.00,150905.00,86220.00,134553.00,12096.00,383774.00,139957.00,229465.00,32869.00,196596.00,0.00,14352.00,383774.00,-8012.00,1948.00,1808.00,-4016.00,16240.00,206268.00,22664.00,-928.00,32821.00,2256.00,31566.00,-1652.00,-1928.00,76929.00,176455.00,-96081.00,-27349.00,-45216.00
2015:Q4,440353.00,181473.00,111400.00,135381.00,12100.00,440353.00,172249.00,296069.00,58373.00,237696.00,0.00,-27964.00,440353.00,-15772.00,1944.00,3072.00,-1852.00,16032.00,276394.00,18780.00,-948.00,32303.00,3388.00,59934.00,-1284.00,-1312.00,31896.00,196197.00,-96941.00,-30917.00,-50560.00
2016:Q1,381570.00,166941.00,103025.00,96089.00,15516.00,381570.00,161749.00,197085.00,6653.00,190432.00,0.00,22736.00,381570.00,2036.00,1948.00,2672.00,3604.00,5304.00,220926.00,18940.00,32.00,2338.00,2800.00,31118.00,404.00,-5128.00,63172.00,136405.00,-128989.00,-15977.00,39964.00
2016:Q2,501531.00,260775.00,95189.00,130055.00,15512.00,501531.00,248287.00,271172.00,51608.00,219564.00,0.00,-17928.00,501531.00,-3128.00,1948.00,2212.00,-188.00,5776.00,313504.00,17892.00,-1488.00,52523.00,2976.00,36214.00,-140.00,44.00,49960.00,158725.00,-114725.00,-12865.00,-7708.00
2016:Q3,612568.00,318118.00,108798.00,169965.00,15688.00,612568.00,295586.00,342562.00,68646.00,273916.00,0.00,-25580.00,612568.00,-3096.00,1944.00,2532.00,636.00,14192.00,268907.00,17436.00,-488.00,43900.00,4100.00,26680.00,-396.00,-6248.00,97740.00,131839.00,-11924.00,-17289.00,42104.00
2016:Q4,584054.00,320004.00,117218.00,131148.00,15684.00,584054.00,309504.00,277634.00,47874.00,229760.00,0.00,-3084.00,584054.00,707.00,1948.00,2124.00,8692.00,5736.00,182103.00,9104.00,-984.00,49744.00,3872.00,20889.00,244.00,-1540.00,238903.00,202430.00,-80483.00,-17813.00,-41620.00
