date,FU504090005.Q,FU503034003.Q,FU502051003.Q,FU504022005.Q,FU503069105.Q,FU503063005.Q,FU503069805.Q,FU503064105.Q,FU503094505.Q,FU753194503.Q,FU663194505.Q,FU504190005.Q,FU504122005.Q,FU503169105.Q,FU503163005.Q,FU504123005.Q,FU713068505.Q,FU503169205.Q,FU503164105.Q,FU503192003.Q,FU503190005.Q,FU663097005.Q,FU503194305.Q,FU503193005.Q
1945:Q4,ND,ND,ND,ND,ND,ND,ND,ND,ND,ND,ND,ND,ND,ND,ND,ND,ND,ND,ND,ND,ND,ND,ND,ND
1946:Q1,ND,ND,ND,ND,ND,ND,ND,ND,ND,ND,ND,ND,ND,ND,ND,ND,ND,ND,ND,ND,ND,ND,ND,ND
1946:Q2,ND,ND,ND,ND,ND,ND,ND,ND,ND,ND,ND,ND,ND,ND,ND,ND,ND,ND,ND,ND,ND,ND,ND,ND
1946:Q3,ND,ND,ND,ND,ND,ND,ND,ND,ND,ND,ND,ND,ND,ND,ND,ND,ND,ND,ND,ND,ND,ND,ND,ND
1946:Q4,94.00,0.00,0.00,94.00,94.00,0.00,0.00,0.00,0.00,0.00,0.00,94.00,0.00,0.00,0.00,0.00,0.00,0.00,0.00,0.00,94.00,0.00,0.00,94.00
1947:Q1,ND,ND,ND,ND,ND,ND,ND,ND,ND,ND,ND,ND,ND,ND,ND,ND,ND,ND,ND,ND,ND,ND,ND,ND
1947:Q2,ND,ND,ND,ND,ND,ND,ND,ND,ND,ND,ND,ND,ND,ND,ND,ND,ND,ND,ND,ND,ND,ND,ND,ND
1947:Q3,ND,ND,ND,ND,ND,ND,ND,ND,ND,ND,ND,ND,ND,ND,ND,ND,ND,ND,ND,ND,ND,ND,ND,ND
1947:Q4,19.00,0.00,0.00,19.00,19.00,0.00,0.00,0.00,0.00,0.00,0.00,19.00,0.00,0.00,0.00,0.00,0.00,0.00,0.00,0.00,19.00,0.00,0.00,19.00
1948:Q1,ND,ND,ND,ND,ND,ND,ND,ND,ND,ND,ND,ND,ND,ND,ND,ND,ND,ND,ND,ND,ND,ND,ND,ND
1948:Q2,ND,ND,ND,ND,ND,ND,ND,ND,ND,ND,ND,ND,ND,ND,ND,ND,ND,ND,ND,ND,ND,ND,ND,ND
1948:Q3,ND,ND,ND,ND,ND,ND,ND,ND,ND,ND,ND,ND,ND,ND,ND,ND,ND,ND,ND,ND,ND,ND,ND,ND
1948:Q4,130.00,0.00,0.00,130.00,130.00,0.00,0.00,0.00,0.00,0.00,0.00,130.00,0.00,0.00,0.00,0.00,0.00,0.00,0.00,0.00,130.00,0.00,0.00,130.00
1949:Q1,ND,ND,ND,ND,ND,ND,ND,ND,ND,ND,ND,ND,ND,ND,ND,ND,ND,ND,ND,ND,ND,ND,ND,ND
1949:Q2,ND,ND,ND,ND,ND,ND,ND,ND,ND,ND,ND,ND,ND,ND,ND,ND,ND,ND,ND,ND,ND,ND,ND,ND
1949:Q3,ND,ND,ND,ND,ND,ND,ND,ND,ND,ND,ND,ND,ND,ND,ND,ND,ND,ND,ND,ND,ND,ND,ND,ND
1949:Q4,77.00,0.00,0.00,77.00,77.00,0.00,0.00,0.00,0.00,0.00,0.00,77.00,0.00,0.00,0.00,0.00,0.00,0.00,0.00,0.00,77.00,0.00,0.00,77.00
1950:Q1,ND,ND,ND,ND,ND,ND,ND,ND,ND,ND,ND,ND,ND,ND,ND,ND,ND,ND,ND,ND,ND,ND,ND,ND
1950:Q2,ND,ND,ND,ND,ND,ND,ND,ND,ND,ND,ND,ND,ND,ND,ND,ND,ND,ND,ND,ND,ND,ND,ND,ND
1950:Q3,ND,ND,ND,ND,ND,ND,ND,ND,ND,ND,ND,ND,ND,ND,ND,ND,ND,ND,ND,ND,ND,ND,ND,ND
1950:Q4,146.00,0.00,0.00,146.00,146.00,0.00,0.00,0.00,0.00,0.00,0.00,146.00,0.00,0.00,0.00,0.00,0.00,0.00,0.00,0.00,146.00,0.00,0.00,146.00
1951:Q1,ND,ND,ND,ND,ND,ND,ND,ND,ND,ND,ND,ND,ND,ND,ND,ND,ND,ND,ND,ND,ND,ND,ND,ND
1951:Q2,ND,ND,ND,ND,ND,ND,ND,ND,ND,ND,ND,ND,ND,ND,ND,ND,ND,ND,ND,ND,ND,ND,ND,ND
1951:Q3,ND,ND,ND,ND,ND,ND,ND,ND,ND,ND,ND,ND,ND,ND,ND,ND,ND,ND,ND,ND,ND,ND,ND,ND
1951:Q4,371.00,0.00,0.00,371.00,371.00,0.00,0.00,0.00,0.00,0.00,0.00,371.00,0.00,0.00,0.00,0.00,0.00,0.00,0.00,0.00,371.00,0.00,0.00,371.00
1952:Q1,192.00,0.00,0.00,192.00,192.00,0.00,0.00,0.00,0.00,0.00,0.00,192.00,0.00,0.00,0.00,0.00,0.00,0.00,0.00,0.00,192.00,0.00,0.00,192.00
1952:Q2,-96.00,0.00,0.00,-96.00,-96.00,0.00,0.00,0.00,0.00,0.00,0.00,-96.00,0.00,0.00,0.00,0.00,0.00,0.00,0.00,0.00,-96.00,0.00,0.00,-96.00
1952:Q3,149.00,0.00,0.00,149.00,149.00,0.00,0.00,0.00,0.00,0.00,0.00,149.00,0.00,0.00,0.00,0.00,0.00,0.00,0.00,0.00,149.00,0.00,0.00,149.00
1952:Q4,-1.00,0.00,0.00,-1.00,-1.00,0.00,0.00,0.00,0.00,0.00,0.00,-1.00,0.00,0.00,0.00,0.00,0.00,0.00,0.00,0.00,-1.00,0.00,0.00,-1.00
1953:Q1,234.00,0.00,0.00,234.00,234.00,0.00,0.00,0.00,0.00,0.00,0.00,234.00,0.00,0.00,0.00,0.00,0.00,0.00,0.00,0.00,234.00,0.00,0.00,234.00
1953:Q2,-67.00,0.00,0.00,-67.00,-67.00,0.00,0.00,0.00,0.00,0.00,0.00,-67.00,0.00,0.00,0.00,0.00,0.00,0.00,0.00,0.00,-67.00,0.00,0.00,-67.00
1953:Q3,174.00,0.00,0.00,174.00,174.00,0.00,0.00,0.00,0.00,0.00,0.00,174.00,0.00,0.00,0.00,0.00,0.00,0.00,0.00,0.00,174.00,0.00,0.00,174.00
1953:Q4,-73.00,0.00,0.00,-73.00,-73.00,0.00,0.00,0.00,0.00,0.00,0.00,-73.00,0.00,0.00,0.00,0.00,0.00,0.00,0.00,0.00,-73.00,0.00,0.00,-73.00
1954:Q1,124.00,0.00,0.00,124.00,124.00,0.00,0.00,0.00,0.00,0.00,0.00,124.00,0.00,0.00,0.00,0.00,0.00,0.00,0.00,0.00,124.00,0.00,0.00,124.00
1954:Q2,-130.00,0.00,0.00,-130.00,-130.00,0.00,0.00,0.00,0.00,0.00,0.00,-130.00,0.00,0.00,0.00,0.00,0.00,0.00,0.00,0.00,-130.00,0.00,0.00,-130.00
1954:Q3,4.00,0.00,0.00,4.00,4.00,0.00,0.00,0.00,0.00,0.00,0.00,4.00,0.00,0.00,0.00,0.00,0.00,0.00,0.00,0.00,4.00,0.00,0.00,4.00
1954:Q4,-223.00,0.00,0.00,-223.00,-223.00,0.00,0.00,0.00,0.00,0.00,0.00,-223.00,0.00,0.00,0.00,0.00,0.00,0.00,0.00,0.00,-223.00,0.00,0.00,-223.00
1955:Q1,307.00,0.00,0.00,307.00,307.00,0.00,0.00,0.00,0.00,0.00,0.00,307.00,0.00,0.00,0.00,0.00,0.00,0.00,0.00,0.00,307.00,0.00,0.00,307.00
1955:Q2,92.00,0.00,0.00,92.00,92.00,0.00,0.00,0.00,0.00,0.00,0.00,92.00,0.00,0.00,0.00,0.00,0.00,0.00,0.00,0.00,92.00,0.00,0.00,92.00
1955:Q3,59.00,0.00,0.00,59.00,59.00,0.00,0.00,0.00,0.00,0.00,0.00,59.00,0.00,0.00,0.00,0.00,0.00,0.00,0.00,0.00,59.00,0.00,0.00,59.00
1955:Q4,-162.00,0.00,0.00,-162.00,-162.00,0.00,0.00,0.00,0.00,0.00,0.00,-162.00,0.00,0.00,0.00,0.00,0.00,0.00,0.00,0.00,-162.00,0.00,0.00,-162.00
1956:Q1,522.00,0.00,0.00,522.00,522.00,0.00,0.00,0.00,0.00,0.00,0.00,522.00,0.00,0.00,0.00,0.00,0.00,0.00,0.00,0.00,522.00,0.00,0.00,522.00
1956:Q2,-187.00,0.00,0.00,-187.00,-187.00,0.00,0.00,0.00,0.00,0.00,0.00,-187.00,0.00,0.00,0.00,0.00,0.00,0.00,0.00,0.00,-187.00,0.00,0.00,-187.00
1956:Q3,-59.00,0.00,0.00,-59.00,-59.00,0.00,0.00,0.00,0.00,0.00,0.00,-59.00,0.00,0.00,0.00,0.00,0.00,0.00,0.00,0.00,-59.00,0.00,0.00,-59.00
1956:Q4,-193.00,0.00,0.00,-193.00,-193.00,0.00,0.00,0.00,0.00,0.00,0.00,-193.00,0.00,0.00,0.00,0.00,0.00,0.00,0.00,0.00,-193.00,0.00,0.00,-193.00
1957:Q1,428.00,0.00,0.00,428.00,428.00,0.00,0.00,0.00,0.00,0.00,0.00,428.00,0.00,0.00,0.00,0.00,0.00,0.00,0.00,0.00,428.00,0.00,0.00,428.00
1957:Q2,-213.00,0.00,0.00,-213.00,-213.00,0.00,0.00,0.00,0.00,0.00,0.00,-213.00,0.00,0.00,0.00,0.00,0.00,0.00,0.00,0.00,-213.00,0.00,0.00,-213.00
1957:Q3,89.00,0.00,0.00,89.00,89.00,0.00,0.00,0.00,0.00,0.00,0.00,89.00,0.00,0.00,0.00,0.00,0.00,0.00,0.00,0.00,89.00,0.00,0.00,89.00
1957:Q4,6.00,0.00,0.00,6.00,6.00,0.00,0.00,0.00,0.00,0.00,0.00,6.00,0.00,0.00,0.00,0.00,0.00,0.00,0.00,0.00,6.00,0.00,0.00,6.00
1958:Q1,294.00,0.00,0.00,294.00,294.00,0.00,0.00,0.00,0.00,0.00,0.00,294.00,0.00,0.00,0.00,0.00,0.00,0.00,0.00,0.00,294.00,0.00,0.00,294.00
1958:Q2,85.00,0.00,0.00,85.00,85.00,0.00,0.00,0.00,0.00,0.00,0.00,85.00,0.00,0.00,0.00,0.00,0.00,0.00,0.00,0.00,85.00,0.00,0.00,85.00
1958:Q3,18.00,0.00,0.00,18.00,18.00,0.00,0.00,0.00,0.00,0.00,0.00,18.00,0.00,0.00,0.00,0.00,0.00,0.00,0.00,0.00,18.00,0.00,0.00,18.00
1958:Q4,-302.00,0.00,0.00,-302.00,-302.00,0.00,0.00,0.00,0.00,0.00,0.00,-302.00,0.00,0.00,0.00,0.00,0.00,0.00,0.00,0.00,-302.00,0.00,0.00,-302.00
1959:Q1,130.00,0.00,0.00,130.00,130.00,0.00,0.00,0.00,0.00,0.00,0.00,130.00,0.00,0.00,0.00,0.00,0.00,0.00,0.00,0.00,130.00,0.00,0.00,130.00
1959:Q2,18.00,0.00,0.00,18.00,18.00,0.00,0.00,0.00,0.00,0.00,0.00,18.00,0.00,0.00,0.00,0.00,0.00,0.00,0.00,0.00,18.00,0.00,0.00,18.00
1959:Q3,217.00,0.00,0.00,217.00,217.00,0.00,0.00,0.00,0.00,0.00,0.00,217.00,0.00,0.00,0.00,0.00,0.00,0.00,0.00,0.00,217.00,0.00,0.00,217.00
1959:Q4,-491.00,0.00,0.00,-491.00,-491.00,0.00,0.00,0.00,0.00,0.00,0.00,-491.00,0.00,0.00,0.00,0.00,0.00,0.00,0.00,0.00,-491.00,0.00,0.00,-491.00
1960:Q1,1161.00,0.00,0.00,1161.00,1161.00,0.00,0.00,0.00,0.00,0.00,0.00,1161.00,0.00,0.00,0.00,0.00,0.00,0.00,0.00,0.00,1161.00,0.00,0.00,1161.00
1960:Q2,48.00,0.00,0.00,48.00,48.00,0.00,0.00,0.00,0.00,0.00,0.00,48.00,0.00,0.00,0.00,0.00,0.00,0.00,0.00,0.00,48.00,0.00,0.00,48.00
1960:Q3,83.00,0.00,0.00,83.00,83.00,0.00,0.00,0.00,0.00,0.00,0.00,83.00,0.00,0.00,0.00,0.00,0.00,0.00,0.00,0.00,83.00,0.00,0.00,83.00
1960:Q4,-324.00,0.00,0.00,-324.00,-324.00,0.00,0.00,0.00,0.00,0.00,0.00,-324.00,0.00,0.00,0.00,0.00,0.00,0.00,0.00,0.00,-324.00,0.00,0.00,-324.00
1961:Q1,561.00,0.00,0.00,561.00,561.00,0.00,0.00,0.00,0.00,0.00,0.00,561.00,0.00,0.00,0.00,0.00,0.00,0.00,0.00,0.00,561.00,0.00,0.00,561.00
1961:Q2,-126.00,0.00,0.00,-126.00,-126.00,0.00,0.00,0.00,0.00,0.00,0.00,-126.00,0.00,0.00,0.00,0.00,0.00,0.00,0.00,0.00,-126.00,0.00,0.00,-126.00
1961:Q3,5.00,0.00,0.00,5.00,5.00,0.00,0.00,0.00,0.00,0.00,0.00,5.00,0.00,0.00,0.00,0.00,0.00,0.00,0.00,0.00,5.00,0.00,0.00,5.00
1961:Q4,-805.00,0.00,0.00,-805.00,-805.00,0.00,0.00,0.00,0.00,0.00,0.00,-805.00,0.00,0.00,0.00,0.00,0.00,0.00,0.00,0.00,-805.00,0.00,0.00,-805.00
1962:Q1,1044.00,0.00,0.00,1044.00,1044.00,0.00,0.00,0.00,0.00,0.00,0.00,1044.00,0.00,0.00,0.00,0.00,0.00,0.00,0.00,0.00,1044.00,0.00,0.00,1044.00
1962:Q2,-47.00,0.00,0.00,-47.00,-47.00,0.00,0.00,0.00,0.00,0.00,0.00,-47.00,0.00,0.00,0.00,0.00,0.00,0.00,0.00,0.00,-47.00,0.00,0.00,-47.00
1962:Q3,255.00,0.00,0.00,255.00,255.00,0.00,0.00,0.00,0.00,0.00,0.00,255.00,0.00,0.00,0.00,0.00,0.00,0.00,0.00,0.00,255.00,0.00,0.00,255.00
1962:Q4,-332.00,0.00,0.00,-332.00,-332.00,0.00,0.00,0.00,0.00,0.00,0.00,-332.00,0.00,0.00,0.00,0.00,0.00,0.00,0.00,0.00,-332.00,0.00,0.00,-332.00
1963:Q1,883.00,0.00,0.00,883.00,883.00,0.00,0.00,0.00,0.00,0.00,0.00,883.00,0.00,0.00,0.00,0.00,0.00,0.00,0.00,0.00,883.00,0.00,0.00,883.00
1963:Q2,485.00,0.00,0.00,485.00,485.00,0.00,0.00,0.00,0.00,0.00,0.00,485.00,0.00,0.00,0.00,0.00,0.00,0.00,0.00,0.00,485.00,0.00,0.00,485.00
1963:Q3,390.00,0.00,0.00,390.00,390.00,0.00,0.00,0.00,0.00,0.00,0.00,390.00,0.00,0.00,0.00,0.00,0.00,0.00,0.00,0.00,390.00,0.00,0.00,390.00
1963:Q4,-538.00,0.00,0.00,-538.00,-538.00,0.00,0.00,0.00,0.00,0.00,0.00,-538.00,0.00,0.00,0.00,0.00,0.00,0.00,0.00,0.00,-538.00,0.00,0.00,-538.00
1964:Q1,437.00,0.00,0.00,437.00,437.00,0.00,0.00,0.00,0.00,0.00,0.00,437.00,0.00,0.00,0.00,0.00,0.00,0.00,0.00,0.00,437.00,0.00,0.00,437.00
1964:Q2,798.00,0.00,0.00,798.00,798.00,0.00,0.00,0.00,0.00,0.00,0.00,798.00,0.00,0.00,0.00,0.00,0.00,0.00,0.00,0.00,798.00,0.00,0.00,798.00
1964:Q3,-433.00,0.00,0.00,-433.00,-433.00,0.00,0.00,0.00,0.00,0.00,0.00,-433.00,0.00,0.00,0.00,0.00,0.00,0.00,0.00,0.00,-433.00,0.00,0.00,-433.00
1964:Q4,150.00,0.00,0.00,150.00,150.00,0.00,0.00,0.00,0.00,0.00,0.00,150.00,0.00,0.00,0.00,0.00,0.00,0.00,0.00,0.00,150.00,0.00,0.00,150.00
1965:Q1,1163.00,0.00,0.00,1163.00,1163.00,0.00,0.00,0.00,0.00,0.00,0.00,1163.00,0.00,0.00,0.00,0.00,0.00,0.00,0.00,0.00,1163.00,0.00,0.00,1163.00
1965:Q2,497.00,0.00,0.00,497.00,497.00,0.00,0.00,0.00,0.00,0.00,0.00,497.00,0.00,0.00,0.00,0.00,0.00,0.00,0.00,0.00,497.00,0.00,0.00,497.00
1965:Q3,-255.00,0.00,0.00,-255.00,-255.00,0.00,0.00,0.00,0.00,0.00,0.00,-255.00,0.00,0.00,0.00,0.00,0.00,0.00,0.00,0.00,-255.00,0.00,0.00,-255.00
1965:Q4,-319.00,0.00,0.00,-319.00,-319.00,0.00,0.00,0.00,0.00,0.00,0.00,-319.00,0.00,0.00,0.00,0.00,0.00,0.00,0.00,0.00,-319.00,0.00,0.00,-319.00
1966:Q1,705.00,0.00,0.00,705.00,705.00,0.00,0.00,0.00,0.00,0.00,0.00,705.00,0.00,0.00,0.00,0.00,0.00,0.00,0.00,0.00,705.00,0.00,0.00,705.00
1966:Q2,66.00,0.00,0.00,66.00,66.00,0.00,0.00,0.00,0.00,0.00,0.00,66.00,0.00,0.00,0.00,0.00,0.00,0.00,0.00,0.00,66.00,0.00,0.00,66.00
1966:Q3,945.00,0.00,0.00,945.00,945.00,0.00,0.00,0.00,0.00,0.00,0.00,945.00,0.00,0.00,0.00,0.00,0.00,0.00,0.00,0.00,945.00,0.00,0.00,945.00
1966:Q4,805.00,0.00,0.00,805.00,805.00,0.00,0.00,0.00,0.00,0.00,0.00,805.00,0.00,0.00,0.00,0.00,0.00,0.00,0.00,0.00,805.00,0.00,0.00,805.00
1967:Q1,1526.00,0.00,0.00,1526.00,1526.00,0.00,0.00,0.00,0.00,0.00,0.00,1526.00,0.00,0.00,0.00,0.00,0.00,0.00,0.00,0.00,1526.00,0.00,0.00,1526.00
1967:Q2,20.00,0.00,0.00,20.00,20.00,0.00,0.00,0.00,0.00,0.00,0.00,20.00,0.00,0.00,0.00,0.00,0.00,0.00,0.00,0.00,20.00,0.00,0.00,20.00
1967:Q3,-801.00,0.00,0.00,-801.00,-801.00,0.00,0.00,0.00,0.00,0.00,0.00,-801.00,0.00,0.00,0.00,0.00,0.00,0.00,0.00,0.00,-801.00,0.00,0.00,-801.00
1967:Q4,1151.00,0.00,0.00,1151.00,1151.00,0.00,0.00,0.00,0.00,0.00,0.00,1151.00,0.00,0.00,0.00,0.00,0.00,0.00,0.00,0.00,1151.00,0.00,0.00,1151.00
1968:Q1,995.00,0.00,0.00,995.00,995.00,0.00,0.00,0.00,0.00,0.00,0.00,995.00,0.00,0.00,0.00,0.00,0.00,0.00,0.00,0.00,995.00,0.00,0.00,995.00
1968:Q2,-30.00,0.00,0.00,-30.00,-30.00,0.00,0.00,0.00,0.00,0.00,0.00,-30.00,0.00,0.00,0.00,0.00,0.00,0.00,0.00,0.00,-30.00,0.00,0.00,-30.00
1968:Q3,457.00,0.00,0.00,457.00,457.00,0.00,0.00,0.00,0.00,0.00,0.00,457.00,0.00,0.00,0.00,0.00,0.00,0.00,0.00,0.00,457.00,0.00,0.00,457.00
1968:Q4,811.00,0.00,0.00,811.00,811.00,0.00,0.00,0.00,0.00,0.00,0.00,811.00,0.00,0.00,0.00,0.00,0.00,0.00,0.00,0.00,811.00,0.00,0.00,811.00
1969:Q1,1079.00,0.00,0.00,1079.00,1079.00,0.00,0.00,0.00,0.00,0.00,0.00,1079.00,0.00,0.00,0.00,0.00,0.00,0.00,0.00,0.00,1079.00,0.00,0.00,1079.00
1969:Q2,1542.00,0.00,0.00,1542.00,1542.00,0.00,0.00,0.00,0.00,0.00,0.00,1542.00,0.00,0.00,0.00,0.00,0.00,0.00,0.00,0.00,1542.00,0.00,0.00,1542.00
1969:Q3,2535.00,0.00,0.00,2535.00,2535.00,0.00,0.00,0.00,0.00,0.00,0.00,2535.00,0.00,0.00,0.00,0.00,0.00,0.00,0.00,0.00,2535.00,0.00,0.00,2535.00
1969:Q4,1773.00,0.00,0.00,1773.00,1773.00,0.00,0.00,0.00,0.00,0.00,0.00,1773.00,0.00,0.00,0.00,0.00,0.00,0.00,0.00,0.00,1773.00,0.00,0.00,1773.00
1970:Q1,4366.00,0.00,0.00,4366.00,4366.00,0.00,0.00,0.00,0.00,0.00,0.00,4366.00,0.00,0.00,0.00,0.00,0.00,0.00,0.00,0.00,4366.00,0.00,0.00,4366.00
1970:Q2,1382.00,0.00,0.00,1382.00,1382.00,0.00,0.00,0.00,0.00,0.00,0.00,1382.00,0.00,0.00,0.00,0.00,0.00,0.00,0.00,0.00,1382.00,0.00,0.00,1382.00
1970:Q3,-6542.00,0.00,0.00,-6542.00,-6542.00,0.00,0.00,0.00,0.00,0.00,0.00,-6542.00,0.00,0.00,0.00,0.00,0.00,0.00,0.00,0.00,-6542.00,0.00,0.00,-6542.00
1970:Q4,-1357.00,0.00,0.00,-1357.00,-1357.00,0.00,0.00,0.00,0.00,0.00,0.00,-1357.00,0.00,0.00,0.00,0.00,0.00,0.00,0.00,0.00,-1357.00,0.00,0.00,-1357.00
1971:Q1,-1825.00,0.00,0.00,-1825.00,-1825.00,0.00,0.00,0.00,0.00,0.00,0.00,-1825.00,0.00,0.00,0.00,0.00,0.00,0.00,0.00,0.00,-1825.00,0.00,0.00,-1825.00
1971:Q2,-1165.00,0.00,0.00,-1165.00,-1165.00,0.00,0.00,0.00,0.00,0.00,0.00,-1165.00,0.00,0.00,0.00,0.00,0.00,0.00,0.00,0.00,-1165.00,0.00,0.00,-1165.00
1971:Q3,-354.00,0.00,0.00,-354.00,-354.00,0.00,0.00,0.00,0.00,0.00,0.00,-354.00,0.00,0.00,0.00,0.00,0.00,0.00,0.00,0.00,-354.00,0.00,0.00,-354.00
1971:Q4,446.00,0.00,0.00,446.00,446.00,0.00,0.00,0.00,0.00,0.00,0.00,446.00,0.00,0.00,0.00,0.00,0.00,0.00,0.00,0.00,446.00,0.00,0.00,446.00
1972:Q1,-647.00,0.00,0.00,-647.00,-647.00,0.00,0.00,0.00,0.00,0.00,0.00,-647.00,0.00,0.00,0.00,0.00,0.00,0.00,0.00,0.00,-647.00,0.00,0.00,-647.00
1972:Q2,-1069.00,0.00,0.00,-1069.00,-1069.00,0.00,0.00,0.00,0.00,0.00,0.00,-1069.00,0.00,0.00,0.00,0.00,0.00,0.00,0.00,0.00,-1069.00,0.00,0.00,-1069.00
1972:Q3,-2549.00,0.00,0.00,-2549.00,-2549.00,0.00,0.00,0.00,0.00,0.00,0.00,-2549.00,0.00,0.00,0.00,0.00,0.00,0.00,0.00,0.00,-2549.00,0.00,0.00,-2549.00
1972:Q4,-299.00,0.00,0.00,-299.00,-299.00,0.00,0.00,0.00,0.00,0.00,0.00,-299.00,0.00,0.00,0.00,0.00,0.00,0.00,0.00,0.00,-299.00,0.00,0.00,-299.00
1973:Q1,-1796.00,0.00,0.00,-1796.00,-1796.00,0.00,0.00,0.00,0.00,0.00,0.00,-1796.00,0.00,0.00,0.00,0.00,0.00,0.00,0.00,0.00,-1796.00,0.00,0.00,-1796.00
1973:Q2,2010.00,0.00,0.00,2010.00,2010.00,0.00,0.00,0.00,0.00,0.00,0.00,2010.00,0.00,0.00,0.00,0.00,0.00,0.00,0.00,0.00,2010.00,0.00,0.00,2010.00
1973:Q3,919.00,0.00,0.00,919.00,919.00,0.00,0.00,0.00,0.00,0.00,0.00,919.00,0.00,0.00,0.00,0.00,0.00,0.00,0.00,0.00,919.00,0.00,0.00,919.00
1973:Q4,4143.00,0.00,0.00,4143.00,4143.00,0.00,0.00,0.00,0.00,0.00,0.00,4143.00,0.00,0.00,0.00,0.00,0.00,0.00,0.00,0.00,4143.00,0.00,0.00,4143.00
1974:Q1,643.00,0.00,0.00,643.00,643.00,0.00,0.00,0.00,0.00,0.00,0.00,643.00,0.00,0.00,0.00,0.00,0.00,0.00,0.00,0.00,643.00,0.00,0.00,643.00
1974:Q2,3131.00,0.00,0.00,3131.00,3131.00,0.00,0.00,0.00,0.00,0.00,0.00,3131.00,0.00,0.00,0.00,0.00,0.00,0.00,0.00,0.00,3131.00,0.00,0.00,3131.00
1974:Q3,4160.00,0.00,0.00,4160.00,4160.00,0.00,0.00,0.00,0.00,0.00,0.00,4160.00,0.00,0.00,0.00,0.00,0.00,0.00,0.00,0.00,4160.00,0.00,0.00,4160.00
1974:Q4,-2297.00,0.00,0.00,-2297.00,-2297.00,0.00,0.00,0.00,0.00,0.00,0.00,-2297.00,0.00,0.00,0.00,0.00,0.00,0.00,0.00,0.00,-2297.00,0.00,0.00,-2297.00
1975:Q1,-3945.00,0.00,0.00,-3945.00,-3945.00,0.00,0.00,0.00,0.00,0.00,0.00,-3945.00,0.00,0.00,0.00,0.00,0.00,0.00,0.00,0.00,-3945.00,0.00,0.00,-3945.00
1975:Q2,-4107.00,0.00,0.00,-4107.00,-4107.00,0.00,0.00,0.00,0.00,0.00,0.00,-4107.00,0.00,0.00,0.00,0.00,0.00,0.00,0.00,0.00,-4107.00,0.00,0.00,-4107.00
1975:Q3,-4791.00,0.00,0.00,-4791.00,-4791.00,0.00,0.00,0.00,0.00,0.00,0.00,-4791.00,0.00,0.00,0.00,0.00,0.00,0.00,0.00,0.00,-4791.00,0.00,0.00,-4791.00
1975:Q4,-1904.00,0.00,0.00,-1904.00,-1904.00,0.00,0.00,0.00,0.00,0.00,0.00,-1904.00,0.00,0.00,0.00,0.00,0.00,0.00,0.00,0.00,-1904.00,0.00,0.00,-1904.00
1976:Q1,587.00,155.00,0.00,432.00,432.00,0.00,0.00,0.00,0.00,0.00,0.00,587.00,0.00,0.00,0.00,0.00,0.00,0.00,0.00,0.00,587.00,310.00,0.00,277.00
1976:Q2,495.00,-66.00,0.00,561.00,561.00,0.00,0.00,0.00,0.00,0.00,0.00,495.00,0.00,0.00,0.00,0.00,0.00,0.00,0.00,0.00,495.00,-132.00,0.00,627.00
1976:Q3,-2446.00,10.00,0.00,-2456.00,-2456.00,0.00,0.00,0.00,0.00,0.00,0.00,-2446.00,0.00,0.00,0.00,0.00,0.00,0.00,0.00,0.00,-2446.00,20.00,0.00,-2466.00
1976:Q4,-1439.00,206.00,0.00,-1645.00,-1645.00,0.00,0.00,0.00,0.00,0.00,0.00,-1439.00,0.00,0.00,0.00,0.00,0.00,0.00,0.00,0.00,-1439.00,412.00,0.00,-1851.00
1977:Q1,7459.00,161.00,0.00,7298.00,7298.00,0.00,0.00,0.00,0.00,0.00,0.00,7459.00,0.00,0.00,0.00,0.00,0.00,0.00,0.00,0.00,7459.00,321.00,0.00,7138.00
1977:Q2,4234.00,-196.00,0.00,4430.00,4430.00,0.00,0.00,0.00,0.00,0.00,0.00,4234.00,0.00,0.00,0.00,0.00,0.00,0.00,0.00,0.00,4234.00,-391.00,0.00,4625.00
1977:Q3,373.00,-48.00,0.00,421.00,421.00,0.00,0.00,0.00,0.00,0.00,0.00,373.00,0.00,0.00,0.00,0.00,0.00,0.00,0.00,0.00,373.00,-97.00,0.00,470.00
1977:Q4,3014.00,24.00,0.00,2990.00,2990.00,0.00,0.00,0.00,0.00,0.00,0.00,3014.00,0.00,0.00,0.00,0.00,0.00,0.00,0.00,0.00,3014.00,48.00,0.00,2966.00
1978:Q1,551.00,35.00,0.00,516.00,516.00,0.00,0.00,0.00,0.00,0.00,0.00,551.00,0.00,0.00,0.00,0.00,0.00,0.00,0.00,0.00,551.00,70.00,0.00,481.00
1978:Q2,6821.00,-101.00,0.00,6922.00,6922.00,0.00,0.00,0.00,0.00,0.00,0.00,6821.00,0.00,0.00,0.00,0.00,0.00,0.00,0.00,0.00,6821.00,-201.00,0.00,7022.00
1978:Q3,-523.00,79.00,0.00,-602.00,-602.00,0.00,0.00,0.00,0.00,0.00,0.00,-523.00,0.00,0.00,0.00,0.00,0.00,0.00,0.00,0.00,-523.00,157.00,0.00,-680.00
1978:Q4,8915.00,249.00,0.00,8666.00,8666.00,0.00,0.00,0.00,0.00,0.00,0.00,8915.00,0.00,0.00,0.00,0.00,0.00,0.00,0.00,0.00,8915.00,499.00,0.00,8416.00
1979:Q1,4068.00,-230.00,0.00,4298.00,4298.00,0.00,0.00,0.00,0.00,0.00,0.00,4068.00,0.00,0.00,0.00,0.00,0.00,0.00,0.00,0.00,4068.00,-461.00,0.00,4529.00
1979:Q2,3152.00,24.00,0.00,3128.00,3128.00,0.00,0.00,0.00,0.00,0.00,0.00,3152.00,0.00,0.00,0.00,0.00,0.00,0.00,0.00,0.00,3152.00,49.00,0.00,3103.00
1979:Q3,3698.00,87.00,0.00,3611.00,3611.00,0.00,0.00,0.00,0.00,0.00,0.00,3698.00,0.00,0.00,0.00,0.00,0.00,0.00,0.00,0.00,3698.00,173.00,0.00,3525.00
1979:Q4,-1089.00,184.00,0.00,-1273.00,-1273.00,0.00,0.00,0.00,0.00,0.00,0.00,-1089.00,0.00,0.00,0.00,0.00,0.00,0.00,0.00,0.00,-1089.00,369.00,0.00,-1458.00
1980:Q1,4490.00,-213.00,0.00,4703.00,4703.00,0.00,0.00,0.00,0.00,0.00,0.00,4490.00,0.00,0.00,0.00,0.00,0.00,0.00,0.00,0.00,4490.00,-426.00,0.00,4916.00
1980:Q2,1220.00,27.00,0.00,-7982.00,-7982.00,0.00,0.00,0.00,9175.00,500.00,8675.00,1220.00,600.00,600.00,0.00,0.00,0.00,0.00,0.00,0.00,620.00,53.00,0.00,567.00
1980:Q3,-641.00,510.00,0.00,-1870.00,-1870.00,0.00,0.00,0.00,719.00,539.00,180.00,-641.00,719.00,719.00,0.00,0.00,0.00,0.00,0.00,0.00,-1360.00,1020.00,0.00,-2380.00
1980:Q4,1135.00,-332.00,0.00,2362.00,2362.00,0.00,0.00,0.00,-895.00,-671.00,-224.00,1135.00,-895.00,-895.00,0.00,0.00,0.00,0.00,0.00,0.00,2030.00,-663.00,0.00,2693.00
1981:Q1,-2532.00,-147.00,0.00,-3950.00,-3950.00,0.00,0.00,0.00,1565.00,674.00,891.00,-2532.00,1565.00,1565.00,0.00,0.00,0.00,0.00,0.00,0.00,-4097.00,-333.00,0.00,-3764.00
1981:Q2,1419.00,142.00,0.00,998.00,998.00,0.00,0.00,0.00,279.00,-1791.00,2070.00,1419.00,279.00,279.00,0.00,0.00,0.00,0.00,0.00,0.00,1140.00,243.00,0.00,897.00
1981:Q3,4228.00,0.00,0.00,1326.00,1326.00,0.00,0.00,0.00,2902.00,177.00,2725.00,4228.00,2902.00,2902.00,0.00,0.00,0.00,0.00,0.00,0.00,1326.00,-464.00,0.00,1790.00
1981:Q4,-13181.00,562.00,0.00,-3287.00,-3287.00,0.00,0.00,0.00,-10456.00,-342.00,-10114.00,-13181.00,-456.00,-456.00,0.00,0.00,0.00,0.00,0.00,0.00,-12725.00,1508.00,0.00,-14233.00
1982:Q1,6823.00,-4.00,0.00,5712.00,5712.00,0.00,0.00,0.00,1115.00,836.00,279.00,6823.00,1115.00,1115.00,0.00,0.00,0.00,0.00,0.00,0.00,5708.00,-107.00,0.00,5815.00
1982:Q2,11973.00,596.00,0.00,9247.00,9247.00,0.00,0.00,0.00,2130.00,1597.00,533.00,11973.00,2130.00,2130.00,0.00,0.00,0.00,0.00,0.00,0.00,9843.00,1091.00,0.00,8752.00
1982:Q3,-3240.00,358.00,0.00,-5895.00,-5895.00,0.00,0.00,0.00,2297.00,1723.00,574.00,-3240.00,2297.00,2297.00,0.00,0.00,0.00,0.00,0.00,0.00,-5537.00,616.00,0.00,-6153.00
1982:Q4,-6315.00,-652.00,0.00,-3501.00,-3501.00,0.00,0.00,0.00,-2162.00,-2262.00,100.00,-6315.00,-2162.00,-2162.00,0.00,0.00,0.00,0.00,0.00,0.00,-4153.00,-1404.00,0.00,-2749.00
1983:Q1,9942.00,862.00,0.00,9975.00,9975.00,0.00,0.00,0.00,-895.00,-794.00,-101.00,9942.00,-895.00,-1059.00,164.00,0.00,0.00,0.00,0.00,0.00,10837.00,1723.00,0.00,9114.00
1983:Q2,-513.00,-336.00,0.00,-1170.00,-1170.00,0.00,0.00,0.00,993.00,593.00,400.00,-513.00,993.00,791.00,202.00,0.00,0.00,0.00,0.00,0.00,-1506.00,-672.00,0.00,-834.00
1983:Q3,-525.00,334.00,0.00,-669.00,-669.00,0.00,0.00,0.00,-190.00,-257.00,67.00,-525.00,-190.00,-342.00,152.00,0.00,0.00,0.00,0.00,0.00,-335.00,-915.00,0.00,580.00
1983:Q4,14138.00,598.00,0.00,10255.00,10255.00,0.00,0.00,0.00,3285.00,2648.00,637.00,14138.00,3285.00,3530.00,-245.00,0.00,0.00,0.00,0.00,0.00,10853.00,2779.00,0.00,8074.00
1984:Q1,-769.00,279.00,0.00,-1727.00,-1727.00,0.00,0.00,0.00,679.00,-90.00,769.00,-769.00,679.00,-120.00,799.00,0.00,0.00,0.00,0.00,0.00,-1448.00,557.00,0.00,-2005.00
1984:Q2,11400.00,-1214.00,0.00,18564.00,18564.00,0.00,0.00,0.00,-5950.00,-4381.00,-1569.00,11400.00,-5950.00,-5841.00,-109.00,0.00,0.00,0.00,0.00,0.00,17350.00,-2427.00,0.00,19777.00
1984:Q3,271.00,954.00,0.00,-7831.00,-7831.00,0.00,0.00,0.00,7148.00,5255.00,1893.00,271.00,7148.00,7006.00,142.00,0.00,0.00,0.00,0.00,0.00,-6877.00,1907.00,0.00,-8784.00
1984:Q4,-2831.00,75.00,0.00,-2192.00,-2192.00,0.00,0.00,0.00,-714.00,-449.00,-265.00,-2831.00,-714.00,-598.00,-116.00,0.00,0.00,0.00,0.00,0.00,-2117.00,149.00,0.00,-2266.00
1985:Q1,19223.00,-641.00,0.00,16810.00,16810.00,0.00,0.00,0.00,3054.00,1770.00,1284.00,19223.00,3054.00,2360.00,694.00,0.00,0.00,0.00,0.00,0.00,16169.00,-1282.00,0.00,17451.00
1985:Q2,-2506.00,803.00,0.00,-3589.00,-3589.00,0.00,0.00,0.00,280.00,-337.00,617.00,-2506.00,280.00,-449.00,729.00,0.00,0.00,0.00,0.00,0.00,-2786.00,1605.00,0.00,-4391.00
1985:Q3,24733.00,-604.00,0.00,20058.00,20058.00,0.00,0.00,0.00,5279.00,-589.00,5868.00,24733.00,5279.00,4548.00,731.00,0.00,0.00,0.00,0.00,0.00,19454.00,-1208.00,0.00,20662.00
1985:Q4,20132.00,1187.00,0.00,16846.00,16846.00,0.00,0.00,0.00,2099.00,1362.00,737.00,20132.00,2099.00,2109.00,-10.00,0.00,0.00,0.00,0.00,0.00,18033.00,2373.00,0.00,15660.00
1986:Q1,-5779.00,428.00,0.00,-10433.00,-10433.00,0.00,0.00,0.00,4226.00,2913.00,1313.00,-5779.00,4271.00,3474.00,797.00,0.00,0.00,0.00,0.00,-45.00,-10005.00,856.00,0.00,-10861.00
1986:Q2,10431.00,2088.00,0.00,5311.00,5311.00,0.00,0.00,0.00,3032.00,-6731.00,9763.00,10431.00,4600.00,3546.00,1054.00,0.00,0.00,0.00,0.00,-1568.00,7399.00,4175.00,0.00,3224.00
1986:Q3,7372.00,-299.00,0.00,6899.00,6899.00,0.00,0.00,0.00,772.00,5616.00,-4844.00,7372.00,2360.00,1506.00,854.00,0.00,0.00,0.00,0.00,-1588.00,6600.00,-598.00,0.00,7198.00
1986:Q4,2169.00,355.00,0.00,2312.00,2312.00,0.00,0.00,0.00,-498.00,2373.00,-2871.00,2169.00,749.00,2024.00,-1275.00,0.00,0.00,0.00,0.00,-1247.00,2667.00,709.00,0.00,1958.00
1987:Q1,5411.00,1886.00,0.00,2651.00,2651.00,0.00,0.00,0.00,874.00,520.00,354.00,5411.00,3469.00,2644.00,825.00,0.00,0.00,0.00,0.00,-2595.00,4537.00,3772.00,0.00,765.00
1987:Q2,22520.00,1796.00,0.00,16498.00,16498.00,0.00,0.00,0.00,4226.00,3559.00,667.00,22520.00,7907.00,7800.00,107.00,0.00,0.00,0.00,0.00,-3681.00,18294.00,3592.00,0.00,14702.00
1987:Q3,-9630.00,744.00,0.00,-10414.00,-10414.00,0.00,0.00,0.00,40.00,1926.00,-1886.00,-9630.00,-2.00,-145.00,143.00,0.00,0.00,0.00,0.00,42.00,-9670.00,1488.00,0.00,-11158.00
1987:Q4,2100.00,-2221.00,0.00,-121.00,-121.00,0.00,0.00,0.00,4442.00,1218.00,3224.00,2100.00,-1683.00,-3292.00,1609.00,0.00,0.00,0.00,0.00,6125.00,-2342.00,-5726.00,0.00,3384.00
1988:Q1,10213.00,1126.00,0.00,827.00,827.00,0.00,0.00,0.00,8260.00,4648.00,3612.00,10213.00,16017.00,15507.00,510.00,0.00,0.00,0.00,0.00,-7757.00,1953.00,2251.00,0.00,-298.00
1988:Q2,31559.00,2680.00,0.00,23089.00,23089.00,0.00,0.00,0.00,5790.00,4225.00,1565.00,31559.00,11063.00,11872.00,-809.00,0.00,0.00,0.00,0.00,-5273.00,25769.00,5359.00,0.00,20410.00
1988:Q3,11177.00,-3220.00,0.00,9428.00,9428.00,0.00,0.00,0.00,4969.00,2657.00,2312.00,11177.00,9275.00,8704.00,571.00,0.00,0.00,0.00,0.00,-4306.00,6208.00,-6440.00,0.00,12648.00
1988:Q4,20580.00,3433.00,0.00,16612.00,16612.00,0.00,0.00,0.00,535.00,1268.00,-733.00,20580.00,1682.00,3018.00,-1336.00,0.00,0.00,0.00,0.00,-1147.00,20045.00,6866.00,0.00,13179.00
1989:Q1,9262.00,-1406.00,0.00,4443.00,4443.00,0.00,0.00,0.00,6225.00,3887.00,2338.00,9262.00,9921.00,9728.00,193.00,0.00,0.00,0.00,0.00,-3696.00,3037.00,-2811.00,0.00,5848.00
1989:Q2,7176.00,2967.00,0.00,4736.00,4736.00,0.00,0.00,0.00,-527.00,-1400.00,873.00,7176.00,1481.00,1262.00,219.00,0.00,0.00,0.00,0.00,-2008.00,7703.00,5934.00,0.00,1769.00
1989:Q3,-3904.00,-1101.00,0.00,-1002.00,-1002.00,0.00,0.00,0.00,-1801.00,-2206.00,405.00,-3904.00,-1386.00,-2748.00,1362.00,0.00,0.00,0.00,0.00,-415.00,-2103.00,-2202.00,0.00,99.00
1989:Q4,-3054.00,7584.00,0.00,-9199.00,-9199.00,0.00,0.00,0.00,-1439.00,2330.00,-3769.00,-3054.00,2477.00,5577.00,-3100.00,0.00,0.00,0.00,0.00,-3916.00,-1615.00,15167.00,0.00,-16782.00
1990:Q1,4803.00,3010.00,0.00,3113.00,3113.00,0.00,0.00,0.00,-1320.00,-2832.00,1512.00,4803.00,-1261.00,-3280.00,2019.00,0.00,0.00,0.00,0.00,-59.00,6123.00,6019.00,0.00,104.00
1990:Q2,12327.00,3967.00,0.00,7717.00,7717.00,0.00,0.00,0.00,643.00,-2400.00,3043.00,12327.00,1221.00,-1883.00,3104.00,0.00,0.00,0.00,0.00,-578.00,11684.00,7934.00,0.00,3750.00
1990:Q3,6701.00,6936.00,0.00,-3955.00,-3955.00,0.00,0.00,0.00,3720.00,5833.00,-2113.00,6701.00,11807.00,13735.00,-1928.00,0.00,0.00,0.00,0.00,-8087.00,2981.00,13871.00,0.00,-10890.00
1990:Q4,-6124.00,2159.00,0.00,-8839.00,-8839.00,0.00,0.00,0.00,556.00,-2443.00,2999.00,-6124.00,5065.00,5396.00,-331.00,0.00,0.00,0.00,0.00,-4509.00,-6680.00,4318.00,0.00,-10998.00
1991:Q1,-14696.00,1059.00,0.00,-16195.00,-16195.00,0.00,0.00,0.00,440.00,-986.00,1426.00,-14696.00,3608.00,2340.00,1268.00,0.00,0.00,0.00,0.00,-3168.00,-15136.00,618.00,0.00,-15754.00
1991:Q2,-18613.00,5985.00,0.00,-22389.00,-22389.00,0.00,0.00,0.00,-2209.00,-4098.00,1889.00,-18613.00,-5323.00,-8290.00,2967.00,0.00,0.00,0.00,0.00,3114.00,-16404.00,7473.00,0.00,-23877.00
1991:Q3,2328.00,7484.00,0.00,-10520.00,-10520.00,0.00,0.00,0.00,5364.00,1836.00,3528.00,2328.00,-1090.00,-2292.00,1202.00,0.00,0.00,0.00,0.00,6454.00,-3036.00,10526.00,0.00,-13562.00
1991:Q4,17168.00,2930.00,0.00,7621.00,7621.00,0.00,0.00,0.00,6617.00,2763.00,3854.00,17168.00,-1181.00,-2693.00,1512.00,0.00,0.00,0.00,0.00,7798.00,10551.00,12917.00,0.00,-2366.00
1992:Q1,12958.00,8581.00,0.00,-1283.00,-1283.00,0.00,0.00,0.00,5660.00,455.00,5205.00,12958.00,7802.00,4093.00,3709.00,0.00,0.00,0.00,0.00,-2142.00,7298.00,15055.00,0.00,-7757.00
1992:Q2,7062.00,-3664.00,0.00,3769.00,3769.00,0.00,0.00,0.00,6957.00,3860.00,3097.00,7062.00,9220.00,8033.00,1187.00,0.00,0.00,0.00,0.00,-2263.00,105.00,-8660.00,0.00,8765.00
1992:Q3,26004.00,18097.00,0.00,1467.00,1467.00,0.00,0.00,0.00,6440.00,158.00,6282.00,26004.00,2985.00,-648.00,3633.00,0.00,0.00,0.00,0.00,3455.00,19564.00,34936.00,0.00,-15372.00
1992:Q4,16132.00,3812.00,0.00,8330.00,8330.00,0.00,0.00,0.00,3990.00,-602.00,4592.00,16132.00,-3829.00,-6991.00,3162.00,0.00,0.00,0.00,0.00,7819.00,12142.00,9266.00,0.00,2876.00
1993:Q1,-23570.00,232.00,0.00,-20904.00,-21904.00,1000.00,0.00,0.00,-2898.00,-9105.00,6207.00,-23570.00,-3610.00,-11791.00,8181.00,0.00,0.00,0.00,0.00,712.00,-20672.00,6150.00,0.00,-26822.00
1993:Q2,1498.00,1725.00,0.00,-2421.00,-3421.00,1000.00,0.00,0.00,2194.00,-3940.00,6134.00,1498.00,4940.00,2711.00,2229.00,0.00,0.00,0.00,0.00,-2746.00,-696.00,3807.00,0.00,-4503.00
1993:Q3,35432.00,9292.00,0.00,16890.00,15890.00,1000.00,0.00,0.00,9250.00,6011.00,3239.00,35432.00,625.00,-2515.00,3140.00,0.00,0.00,0.00,0.00,8625.00,26182.00,14427.00,0.00,11755.00
1993:Q4,14088.00,3648.00,0.00,8371.00,7371.00,1000.00,0.00,0.00,2069.00,471.00,1598.00,14088.00,4361.00,4311.00,50.00,0.00,0.00,0.00,0.00,-2292.00,12019.00,19187.00,0.00,-7168.00
1994:Q1,9946.00,8675.00,0.00,-7804.00,-8804.00,1000.00,0.00,0.00,9075.00,-911.00,9986.00,9946.00,12723.00,32.00,12691.00,0.00,0.00,0.00,0.00,-3648.00,871.00,9752.00,0.00,-8881.00
1994:Q2,-7790.00,1535.00,0.00,-12346.00,-19346.00,7000.00,0.00,0.00,3021.00,2930.00,91.00,-7790.00,1223.00,-3079.00,4302.00,0.00,0.00,0.00,0.00,1798.00,-10811.00,15388.00,0.00,-26199.00
1994:Q3,21543.00,15919.00,0.00,5840.00,5340.00,500.00,0.00,0.00,-216.00,-5164.00,4948.00,21543.00,7746.00,1262.00,6484.00,0.00,0.00,0.00,0.00,-7962.00,21759.00,11497.00,0.00,10262.00
1994:Q4,-5385.00,-13059.00,0.00,3961.00,2461.00,1500.00,0.00,0.00,3713.00,2676.00,1037.00,-5385.00,1366.00,4822.00,-3456.00,0.00,0.00,0.00,0.00,2347.00,-9098.00,-12074.00,0.00,2976.00
1995:Q1,15418.00,3717.00,0.00,-2849.00,-2849.00,0.00,0.00,0.00,14550.00,6154.00,8396.00,15418.00,20123.00,6950.00,13173.00,0.00,0.00,0.00,0.00,-5573.00,868.00,11842.00,0.00,-10974.00
1995:Q2,-6184.00,-3396.00,0.00,-7600.00,-9600.00,2000.00,0.00,0.00,4812.00,2025.00,2787.00,-6184.00,9632.00,4104.00,5528.00,0.00,0.00,0.00,0.00,-4820.00,-10996.00,-18823.00,0.00,7827.00
1995:Q3,11557.00,-874.00,0.00,6031.00,2031.00,4000.00,0.00,0.00,6400.00,-922.00,7322.00,11557.00,10667.00,6559.00,4108.00,0.00,0.00,0.00,0.00,-4267.00,5157.00,-2762.00,0.00,7919.00
1995:Q4,-7850.00,1801.00,0.00,-8618.00,-12368.00,3750.00,218.00,0.00,-1251.00,-595.00,-656.00,-7850.00,-5483.00,-7071.00,1588.00,0.00,0.00,0.00,0.00,4450.00,-6817.00,4249.00,0.00,-11066.00
1996:Q1,54058.00,18071.00,0.00,21805.00,18274.00,3531.00,366.00,0.00,13816.00,1959.00,11857.00,54058.00,12649.00,-5137.00,17786.00,0.00,0.00,0.00,0.00,1533.00,39876.00,26398.00,0.00,13478.00
1996:Q2,18947.00,10826.00,0.00,-3553.00,-7272.00,3719.00,366.00,0.00,11308.00,158.00,11150.00,18947.00,20728.00,17329.00,3399.00,0.00,0.00,0.00,0.00,-9054.00,7273.00,6888.00,0.00,385.00
1996:Q3,38468.00,12411.00,0.00,12061.00,7748.00,4313.00,368.00,0.00,13628.00,6580.00,7048.00,38468.00,8796.00,5560.00,3236.00,0.00,0.00,0.00,0.00,5200.00,24472.00,15788.00,0.00,8684.00
1996:Q4,32466.00,24288.00,0.00,-17498.00,-18733.00,1235.00,-812.00,0.00,26488.00,5037.00,21451.00,32466.00,21590.00,16790.00,4800.00,0.00,0.00,0.00,0.00,5263.00,5613.00,10814.00,0.00,-5201.00
1997:Q1,53855.00,9802.00,0.00,14728.00,16717.00,-1989.00,266.00,0.00,29059.00,14890.00,14169.00,53855.00,35670.00,24248.00,11422.00,0.00,0.00,0.00,0.00,-6353.00,24538.00,15292.00,0.00,9246.00
1997:Q2,5598.00,8052.00,0.00,631.00,-385.00,1016.00,266.00,0.00,-3351.00,-5070.00,1719.00,5598.00,1198.00,1926.00,-728.00,0.00,0.00,0.00,0.00,-4292.00,8692.00,45897.00,0.00,-37205.00
1997:Q3,44901.00,6953.00,0.00,17730.00,18161.00,-431.00,265.00,0.00,19953.00,8607.00,11346.00,44901.00,32925.00,20053.00,12872.00,0.00,0.00,0.00,0.00,-7147.00,19123.00,-2997.00,0.00,22120.00
1997:Q4,40487.00,12902.00,0.00,23626.00,25643.00,-2017.00,265.00,0.00,3694.00,-4092.00,7786.00,40487.00,10149.00,3151.00,6998.00,0.00,0.00,0.00,0.00,-3811.00,34149.00,-982.00,0.00,35131.00
1998:Q1,57347.00,15734.00,0.00,9836.00,13363.00,-3527.00,179.00,0.00,31598.00,8729.00,22869.00,57347.00,37695.00,19768.00,17927.00,0.00,0.00,0.00,0.00,-4436.00,24088.00,20829.00,0.00,3259.00
1998:Q2,39933.00,24748.00,0.00,18815.00,11885.00,6930.00,293.00,0.00,-3923.00,-8237.00,4314.00,39933.00,-1253.00,-7423.00,6170.00,0.00,0.00,0.00,0.00,3552.00,37634.00,28448.00,0.00,9186.00
1998:Q3,47116.00,33255.00,0.00,-3744.00,-6202.00,2458.00,184.00,0.00,17421.00,10173.00,7248.00,47116.00,7211.00,-49.00,7260.00,0.00,0.00,0.00,0.00,12822.00,27083.00,35070.00,0.00,-7987.00
1998:Q4,11007.00,21925.00,0.00,-13254.00,-11860.00,-1394.00,191.00,0.00,2145.00,1091.00,1054.00,11007.00,-3685.00,-6318.00,2633.00,0.00,0.00,0.00,0.00,9697.00,4995.00,-14366.00,0.00,19361.00
1999:Q1,67388.00,17405.00,0.00,12296.00,20140.00,-7844.00,296.00,0.00,37391.00,-769.00,38160.00,67388.00,44520.00,8480.00,36040.00,0.00,0.00,0.00,0.00,17298.00,5570.00,-43306.00,0.00,48876.00
1999:Q2,55682.00,16645.00,0.00,33497.00,26038.00,7459.00,948.00,0.00,4592.00,-1317.00,5909.00,55682.00,-9598.00,-20676.00,11078.00,0.00,0.00,0.00,0.00,24532.00,40748.00,15396.00,0.00,25352.00
1999:Q3,28184.00,21223.00,0.00,-9767.00,-2405.00,-7362.00,736.00,0.00,15992.00,14006.00,1986.00,28184.00,12081.00,13460.00,-1379.00,0.00,0.00,0.00,0.00,15721.00,382.00,21890.00,0.00,-21508.00
1999:Q4,129275.00,36136.00,0.00,82183.00,78259.00,3924.00,525.00,0.00,10431.00,-9448.00,19879.00,129275.00,44590.00,32948.00,11642.00,0.00,0.00,0.00,0.00,-6516.00,91201.00,22300.00,0.00,68901.00
2000:Q1,24447.00,339.00,0.00,3918.00,13906.00,-9988.00,1120.00,0.00,19070.00,21536.00,-2466.00,24447.00,3314.00,7706.00,-4392.00,0.00,0.00,0.00,0.00,13976.00,7157.00,24352.00,0.00,-17195.00
2000:Q2,66644.00,-5385.00,0.00,64347.00,57001.00,7346.00,1118.00,0.00,6564.00,-25.00,6589.00,66644.00,8513.00,2566.00,5947.00,0.00,0.00,0.00,0.00,225.00,57906.00,23583.00,0.00,34323.00
2000:Q3,-14173.00,17208.00,0.00,-33882.00,-26672.00,-7210.00,865.00,0.00,1636.00,5379.00,-3743.00,-14173.00,-7747.00,-5339.00,-2408.00,0.00,0.00,0.00,0.00,229.00,-6655.00,3107.00,0.00,-9762.00
2000:Q4,28307.00,16338.00,0.00,-8209.00,-9209.00,1000.00,752.00,0.00,19426.00,18748.00,678.00,28307.00,-5673.00,-8468.00,2795.00,0.00,0.00,0.00,0.00,620.00,33360.00,37608.00,0.00,-4248.00
2001:Q1,99908.00,61646.00,0.00,-12119.00,-31800.00,19681.00,-35.00,0.00,50416.00,3647.00,46769.00,99908.00,19922.00,8514.00,11408.00,0.00,0.00,0.00,0.00,924.00,79062.00,-20358.00,0.00,99420.00
2001:Q2,-147676.00,21010.00,0.00,-137831.00,-142503.00,4672.00,-41.00,0.00,-30814.00,-8003.00,-22811.00,-147676.00,-110953.00,-117523.00,6570.00,0.00,0.00,0.00,0.00,140.00,-36863.00,54617.00,0.00,-91480.00
2001:Q3,-52603.00,31252.00,0.00,-56843.00,-67731.00,10888.00,-21.00,0.00,-26991.00,-16980.00,-10011.00,-52603.00,-36303.00,-35056.00,-1247.00,0.00,0.00,0.00,0.00,100.00,-16400.00,17374.00,0.00,-33774.00
2001:Q4,116282.00,40599.00,0.00,66207.00,55599.00,10608.00,-16.00,0.00,9492.00,-543.00,10035.00,116282.00,23732.00,18263.00,5469.00,0.00,0.00,0.00,0.00,-44.00,92594.00,18474.00,0.00,74120.00
2002:Q1,-40199.00,-25656.00,0.00,-25596.00,-37148.00,11552.00,-238.00,0.00,11291.00,-6510.00,17801.00,-40199.00,3958.00,-18457.00,22415.00,0.00,0.00,0.00,0.00,112.00,-44269.00,5657.00,0.00,-49926.00
2002:Q2,-44118.00,7818.00,0.00,-67159.00,-54840.00,-12319.00,-287.00,0.00,15510.00,21196.00,-5686.00,-44118.00,-18531.00,-17127.00,-1404.00,0.00,0.00,0.00,0.00,-85.00,-25502.00,13136.00,0.00,-38638.00
2002:Q3,-3830.00,-37495.00,0.00,44493.00,47225.00,-2732.00,-197.00,0.00,-10631.00,-6750.00,-3881.00,-3830.00,-15580.00,-15599.00,19.00,0.00,0.00,0.00,0.00,44.00,11706.00,3125.00,0.00,8581.00
2002:Q4,18985.00,36853.00,0.00,-40010.00,-29156.00,-10854.00,-436.00,0.00,22578.00,10637.00,11941.00,18985.00,19448.00,10010.00,9438.00,0.00,0.00,0.00,0.00,-421.00,-42.00,-24798.00,0.00,24756.00
2003:Q1,18421.00,-63969.00,0.00,74333.00,58059.00,16274.00,-206.00,0.00,8263.00,182.00,8081.00,18421.00,25105.00,22698.00,2407.00,0.00,0.00,0.00,0.00,144.00,-6828.00,-7727.00,0.00,899.00
2003:Q2,18508.00,18771.00,0.00,5219.00,-6167.00,11386.00,-201.00,0.00,-5281.00,-1363.00,-3918.00,18508.00,-37676.00,-45011.00,7335.00,0.00,0.00,0.00,0.00,-25.00,56209.00,61263.00,0.00,-5054.00
2003:Q3,40289.00,26281.00,0.00,20514.00,6465.00,14049.00,-196.00,0.00,-6310.00,-3182.00,-3128.00,40289.00,-14801.00,-15564.00,763.00,0.00,0.00,0.00,0.00,4.00,55086.00,43774.00,0.00,11312.00
2003:Q4,-15197.00,-56111.00,0.00,19755.00,6532.00,13223.00,-319.00,0.00,21478.00,11769.00,9709.00,-15197.00,24213.00,19339.00,4874.00,0.00,0.00,0.00,0.00,102.00,-39512.00,5247.00,0.00,-44759.00
2004:Q1,11582.00,-53182.00,0.00,32678.00,40062.00,-7384.00,-50.00,0.00,32136.00,24253.00,7883.00,11582.00,15586.00,10271.00,5315.00,0.00,0.00,0.00,0.00,158.00,-4162.00,62187.00,0.00,-66349.00
2004:Q2,-43711.00,-26892.00,0.00,13362.00,24041.00,-10679.00,-99.00,0.00,-30082.00,-22472.00,-7610.00,-43711.00,-23191.00,-20775.00,-2416.00,0.00,0.00,0.00,0.00,-10.00,-20510.00,-4168.00,0.00,-16342.00
2004:Q3,42608.00,-1631.00,0.00,35405.00,30187.00,5218.00,-85.00,0.00,8919.00,14582.00,-5663.00,42608.00,-11965.00,-8403.00,-3562.00,0.00,0.00,0.00,0.00,-1.00,54574.00,5369.00,0.00,49205.00
2004:Q4,48214.00,-39389.00,0.00,57189.00,58844.00,-1655.00,-96.00,0.00,30510.00,16686.00,13824.00,48214.00,16635.00,3748.00,12887.00,0.00,0.00,0.00,0.00,129.00,31450.00,23474.00,0.00,7976.00
2005:Q1,51321.00,-8912.00,0.00,47365.00,35286.00,12079.00,776.00,0.00,12092.00,1384.00,10708.00,51321.00,31647.00,27919.00,3728.00,0.00,0.00,0.00,0.00,174.00,19500.00,54674.00,0.00,-35174.00
2005:Q2,28712.00,-18538.00,0.00,11454.00,24035.00,-12581.00,935.00,0.00,34861.00,15626.00,19235.00,28712.00,52959.00,44965.00,7994.00,0.00,0.00,0.00,0.00,47.00,-24294.00,71539.00,0.00,-95833.00
2005:Q3,21878.00,714.00,0.00,16796.00,30072.00,-13276.00,752.00,0.00,3616.00,5025.00,-1409.00,21878.00,-4211.00,-3736.00,-475.00,0.00,0.00,0.00,0.00,4.00,26085.00,92410.00,0.00,-66325.00
2005:Q4,42784.00,24601.00,0.00,-342.00,15254.00,-15596.00,1179.00,0.00,17346.00,-1000.00,18346.00,42784.00,24346.00,8000.00,16346.00,0.00,0.00,0.00,0.00,360.00,18078.00,-43741.00,0.00,61819.00
2006:Q1,83607.00,-6771.00,0.00,58175.00,50647.00,7528.00,645.00,0.00,31558.00,24124.00,7434.00,83607.00,23483.00,21399.00,2084.00,0.00,0.00,0.00,0.00,276.00,59848.00,75724.00,0.00,-15876.00
2006:Q2,-11434.00,-4787.00,0.00,-16889.00,-7026.00,-9863.00,865.00,0.00,9377.00,2076.00,7301.00,-11434.00,12218.00,5314.00,6904.00,0.00,0.00,0.00,0.00,149.00,-23801.00,114804.00,0.00,-138605.00
2006:Q3,51869.00,38521.00,0.00,18158.00,11875.00,6283.00,654.00,0.00,-5464.00,-3176.00,-2288.00,51869.00,-15629.00,-17788.00,2159.00,0.00,0.00,0.00,0.00,6.00,67492.00,90262.00,0.00,-22770.00
2006:Q4,-29541.00,-59351.00,0.00,32874.00,43918.00,-11044.00,1285.00,0.00,-4349.00,-14467.00,10118.00,-29541.00,9074.00,-1392.00,10466.00,0.00,0.00,0.00,0.00,178.00,-38793.00,21801.00,0.00,-60594.00
2007:Q1,136868.00,71607.00,0.00,14378.00,5168.00,9210.00,2019.00,0.00,48864.00,33748.00,15116.00,136868.00,43206.00,46336.00,-3130.00,0.00,0.00,0.00,0.00,150.00,93512.00,134832.00,0.00,-41320.00
2007:Q2,75595.00,9783.00,0.00,52144.00,62406.00,-10262.00,2147.00,0.00,11521.00,9652.00,1869.00,75595.00,7331.00,7282.00,49.00,0.00,0.00,0.00,0.00,150.00,68114.00,59347.00,0.00,8767.00
2007:Q3,51683.00,154082.00,0.00,-109658.00,-191845.00,82187.00,1326.00,0.00,5933.00,-15451.00,21384.00,51683.00,13130.00,-11005.00,24135.00,0.00,0.00,0.00,0.00,150.00,38403.00,-21368.00,0.00,59771.00
2007:Q4,616.00,82398.00,0.00,-134288.00,-116801.00,-17487.00,1234.00,0.00,51272.00,15716.00,35556.00,616.00,50801.00,20326.00,30475.00,0.00,0.00,0.00,0.00,150.00,-50335.00,-174872.00,0.00,124537.00
2008:Q1,126786.00,141741.00,0.00,-10687.00,-23571.00,12884.00,3871.00,0.00,-8139.00,-571.00,-7568.00,126786.00,-8831.00,-1684.00,-7147.00,0.00,0.00,0.00,0.00,150.00,135467.00,128842.00,0.00,6625.00
2008:Q2,-666.00,-19613.00,0.00,22176.00,-5709.00,27885.00,3163.00,0.00,-6392.00,-3151.00,-3241.00,-666.00,-25886.00,-30193.00,4307.00,28828.00,28828.00,0.00,0.00,150.00,-3758.00,-9431.00,0.00,5673.00
2008:Q3,-157193.00,-25382.00,0.00,-96038.00,-135002.00,38964.00,7539.00,0.00,-43312.00,-44671.00,1359.00,-157193.00,-42487.00,-58461.00,15974.00,61243.00,61243.00,0.00,0.00,150.00,-176099.00,-222788.00,0.00,46689.00
2008:Q4,386177.00,156824.00,0.00,128912.00,132061.00,-3149.00,533.00,0.00,99908.00,84024.00,15884.00,386177.00,98702.00,110424.00,-11722.00,354856.00,354856.00,0.00,40000.00,150.00,-107531.00,-249854.00,0.00,142323.00
2009:Q1,-81793.00,-2666.00,100.00,-83662.00,-81167.00,-2495.00,-4353.00,0.00,8788.00,-7299.00,16087.00,-81793.00,-4770.00,-28217.00,23447.00,-81165.00,-81265.00,100.00,0.00,150.00,3992.00,-84828.00,0.00,88820.00
2009:Q2,-233671.00,-65970.00,0.00,-99155.00,-98351.00,-804.00,-3350.00,0.00,-65196.00,-44878.00,-20318.00,-233671.00,-61234.00,-54555.00,-6679.00,-139910.00,-139910.00,0.00,1150.00,150.00,-33827.00,41483.00,0.00,-75310.00
2009:Q3,-150412.00,-50470.00,0.00,-62204.00,-58412.00,-3792.00,-2628.00,0.00,-35110.00,-24537.00,-10573.00,-150412.00,-46888.00,-48419.00,1531.00,-82568.00,-82568.00,0.00,2056.00,150.00,-23162.00,45551.00,0.00,-68713.00
2009:Q4,-2935.00,-34600.00,3.00,-18314.00,-677.00,-17637.00,580.00,25106.00,24290.00,3166.00,21124.00,-2935.00,25718.00,6125.00,19593.00,-43996.00,-45884.00,1888.00,27245.00,150.00,-12052.00,-32393.00,2392.00,17949.00
2010:Q1,-117671.00,-117924.00,1.00,16435.00,9845.00,6590.00,-1906.00,310.00,-14587.00,-13902.00,-685.00,-117671.00,-29794.00,-38812.00,9018.00,-2423.00,-5095.00,2672.00,2509.00,150.00,-88113.00,-7642.00,3342.00,-83813.00
2010:Q2,-79023.00,-55940.00,1.00,23343.00,28260.00,-4917.00,-240.00,317.00,-46504.00,-38782.00,-7722.00,-79023.00,-30180.00,-29944.00,-236.00,-2043.00,-5231.00,3188.00,317.00,150.00,-47267.00,-83631.00,2546.00,33818.00
2010:Q3,42501.00,5826.00,1.00,-6480.00,-320.00,-6160.00,-5.00,324.00,42835.00,26665.00,16170.00,42501.00,25047.00,11836.00,13211.00,-8199.00,-8675.00,476.00,324.00,150.00,25179.00,7918.00,1248.00,16013.00
2010:Q4,-23553.00,20003.00,1.00,-4444.00,886.00,-5330.00,665.00,328.00,-40106.00,-5488.00,-34618.00,-23553.00,-15653.00,9535.00,-25188.00,-2091.00,-2945.00,854.00,328.00,150.00,-6287.00,-40116.00,774.00,33055.00
2011:Q1,-34147.00,-33865.00,1.00,2007.00,27779.00,-25772.00,-3165.00,-26385.00,27260.00,17367.00,9893.00,-34147.00,9863.00,-40.00,9903.00,-23294.00,-23442.00,148.00,-15088.00,150.00,-5778.00,-23910.00,-86.00,18218.00
2011:Q2,-34030.00,-18887.00,1.00,-21803.00,-17097.00,-4706.00,688.00,0.00,5971.00,-15525.00,21496.00,-34030.00,6205.00,-20387.00,26592.00,-7052.00,-7403.00,351.00,0.00,150.00,-33333.00,18184.00,528.00,-52045.00
2011:Q3,-153160.00,-62140.00,1.00,-69128.00,-58214.00,-10914.00,-2551.00,0.00,-19342.00,-33286.00,13944.00,-153160.00,-2040.00,-21313.00,19273.00,-11326.00,-11477.00,151.00,-2306.00,150.00,-137638.00,-911.00,504.00,-137231.00
2011:Q4,24469.00,31521.00,1.00,-15822.00,461.00,-16283.00,3010.00,0.00,5759.00,-2290.00,8049.00,24469.00,-15207.00,-31008.00,15801.00,-9541.00,-9555.00,14.00,-972.00,150.00,50039.00,-67972.00,56.00,117955.00
2012:Q1,-60367.00,-87403.00,1.00,15152.00,26516.00,-11364.00,-6248.00,0.00,18131.00,16425.00,1706.00,-60367.00,15480.00,13250.00,2230.00,-9925.00,-9571.00,-354.00,-8636.00,150.00,-57436.00,-7224.00,-716.00,-49496.00
2012:Q2,-46962.00,-29619.00,1.00,8982.00,16042.00,-7060.00,-757.00,0.00,-25569.00,-25752.00,183.00,-46962.00,-12159.00,-16456.00,4297.00,-12455.00,-11906.00,-549.00,0.00,150.00,-22498.00,54957.00,-100.00,-77355.00
2012:Q3,-12998.00,3050.00,1.00,-19973.00,-8789.00,-11184.00,-530.00,0.00,4454.00,-10576.00,15030.00,-12998.00,7898.00,-16829.00,24727.00,-2813.00,0.00,-2813.00,0.00,150.00,-18233.00,-49612.00,-3408.00,34787.00
2012:Q4,29337.00,51568.00,1.00,-33425.00,-19980.00,-13445.00,1017.00,0.00,10176.00,8080.00,2096.00,29337.00,-6783.00,-10870.00,4087.00,-3119.00,0.00,-3119.00,0.00,150.00,39089.00,-77319.00,-2594.00,119002.00
2013:Q1,16269.00,-44721.00,-113.00,28998.00,26564.00,2434.00,35.00,0.00,32070.00,16914.00,15156.00,16269.00,32188.00,22710.00,9478.00,-545.00,0.00,-545.00,0.00,150.00,-15524.00,59041.00,-3038.00,-71527.00
2013:Q2,-22311.00,-6003.00,0.00,-8918.00,-15785.00,6867.00,-1098.00,0.00,-6292.00,-844.00,-5448.00,-22311.00,-5162.00,381.00,-5543.00,-110.00,0.00,-110.00,0.00,150.00,-17189.00,74570.00,-480.00,-91279.00
2013:Q3,-1333.00,18156.00,0.00,-4241.00,-3150.00,-1091.00,-1452.00,0.00,-13796.00,-23403.00,9607.00,-1333.00,-7666.00,-23031.00,15365.00,0.00,0.00,0.00,0.00,150.00,6183.00,-10903.00,0.00,17086.00
2013:Q4,-72729.00,-28938.00,0.00,-44997.00,-42126.00,-2871.00,212.00,0.00,994.00,4812.00,-3818.00,-72729.00,8301.00,16159.00,-7858.00,0.00,0.00,0.00,0.00,150.00,-81180.00,-28710.00,0.00,-52470.00
2014:Q1,28670.00,-7798.00,0.00,32956.00,20856.00,12100.00,753.00,0.00,2759.00,371.00,2388.00,28670.00,15276.00,17184.00,-1908.00,0.00,0.00,0.00,0.00,150.00,13244.00,120992.00,0.00,-107748.00
2014:Q2,-17025.00,-39793.00,0.00,10821.00,15620.00,-4799.00,-1279.00,0.00,13226.00,-3051.00,16277.00,-17025.00,11812.00,-5953.00,17765.00,0.00,0.00,0.00,0.00,150.00,-28987.00,-47990.00,0.00,19003.00
2014:Q3,21919.00,3440.00,0.00,9517.00,10637.00,-1120.00,242.00,0.00,8720.00,7028.00,1692.00,21919.00,13077.00,15179.00,-2102.00,0.00,0.00,0.00,0.00,150.00,8692.00,-11194.00,0.00,19886.00
2014:Q4,-17817.00,57600.00,0.00,-55313.00,-53840.00,-1473.00,1780.00,0.00,-21884.00,-24633.00,2749.00,-17817.00,-14330.00,-22771.00,8441.00,0.00,0.00,0.00,0.00,150.00,-3637.00,-14730.00,0.00,11093.00
2015:Q1,62085.00,36906.00,0.00,7355.00,3878.00,3477.00,-467.00,0.00,18291.00,-6975.00,25266.00,62085.00,26411.00,1526.00,24885.00,0.00,0.00,0.00,0.00,150.00,35524.00,34767.00,0.00,757.00
2015:Q2,25826.00,-16661.00,0.00,43298.00,48529.00,-5231.00,521.00,0.00,-1332.00,12889.00,-14221.00,25826.00,3003.00,22966.00,-19963.00,0.00,0.00,0.00,0.00,150.00,22673.00,-52313.00,0.00,74986.00
2015:Q3,61690.00,13043.00,0.00,34161.00,29719.00,4442.00,994.00,0.00,13492.00,-769.00,14261.00,61690.00,30566.00,21740.00,8826.00,0.00,0.00,0.00,0.00,150.00,30974.00,44422.00,0.00,-13448.00
2015:Q4,-1495.00,1789.00,0.00,-11018.00,-6952.00,-4066.00,-215.00,0.00,7949.00,-2975.00,10924.00,-1495.00,6171.00,-6338.00,12509.00,0.00,0.00,0.00,0.00,150.00,-7816.00,-40662.00,0.00,32846.00
2016:Q1,142212.00,35582.00,0.00,52383.00,44500.00,7883.00,4346.00,0.00,49901.00,21723.00,28178.00,142212.00,51953.00,31700.00,20253.00,0.00,0.00,0.00,0.00,150.00,90109.00,78822.00,0.00,11287.00
2016:Q2,28254.00,-17268.00,0.00,40564.00,47226.00,-6662.00,2207.00,0.00,2751.00,-12207.00,14958.00,28254.00,9213.00,-7660.00,16873.00,0.00,0.00,0.00,0.00,150.00,18891.00,-66614.00,0.00,85505.00
2016:Q3,-3792.00,-6368.00,0.00,25327.00,27993.00,-2666.00,-2904.00,0.00,-19847.00,-9125.00,-10722.00,-3792.00,-24254.00,-18043.00,-6211.00,0.00,0.00,0.00,0.00,150.00,20312.00,-26660.00,0.00,46972.00
2016:Q4,-48561.00,-12445.00,0.00,-32269.00,-29660.00,-2609.00,-608.00,0.00,-3239.00,-6332.00,3093.00,-48561.00,-2382.00,-7299.00,4917.00,0.00,0.00,0.00,0.00,150.00,-46329.00,-26088.00,0.00,-20241.00
