date,FC152090005.Q,FU155060005.Q,FU155061005.Q,FU155050005.Q,FU156300005.Q,FU155000005.Q,FU154090005.Q,FU154190005.Q,FR158000005.Q,FR155035005.Q,FR153064105.Q,FR153064205.Q,FR152090205.Q,FR153040005.Q,FR153050005.Q,FR153094305.Q,FR158100005.Q,FR155111005.Q,FR165015205.Q,FR165013765.Q,FV158090005.Q,FL152090005.Q,FA156012005.Q
1945:Q4,ND,ND,ND,ND,ND,ND,ND,ND,ND,ND,ND,ND,ND,ND,ND,ND,ND,ND,ND,ND,ND,802371.93,ND
1946:Q1,ND,ND,ND,ND,ND,ND,ND,ND,ND,ND,ND,ND,ND,ND,ND,ND,ND,ND,ND,ND,ND,ND,ND
1946:Q2,ND,ND,ND,ND,ND,ND,ND,ND,ND,ND,ND,ND,ND,ND,ND,ND,ND,ND,ND,ND,ND,ND,ND
1946:Q3,ND,ND,ND,ND,ND,ND,ND,ND,ND,ND,ND,ND,ND,ND,ND,ND,ND,ND,ND,ND,ND,ND,ND
1946:Q4,77883.00,27064.00,10256.00,23253.00,12997.00,16808.00,23665.00,6857.00,48129.00,18517.00,-7348.00,-132.00,37092.00,0.00,0.00,0.00,2738.00,2626.00,80.00,32.00,-48.00,880255.00,165458.00
1947:Q1,ND,ND,ND,ND,ND,ND,ND,ND,ND,ND,ND,ND,ND,ND,ND,ND,ND,ND,ND,ND,ND,ND,ND
1947:Q2,ND,ND,ND,ND,ND,ND,ND,ND,ND,ND,ND,ND,ND,ND,ND,ND,ND,ND,ND,ND,ND,ND,ND
1947:Q3,ND,ND,ND,ND,ND,ND,ND,ND,ND,ND,ND,ND,ND,ND,ND,ND,ND,ND,ND,ND,ND,ND,ND
1947:Q4,97802.00,23006.00,15988.00,31588.00,15600.00,7018.00,16045.00,9027.00,70228.00,40353.00,-3189.00,-48.00,33112.00,0.00,0.00,0.00,3891.00,3812.00,58.00,21.00,677.00,978057.00,174826.00
1948:Q1,ND,ND,ND,ND,ND,ND,ND,ND,ND,ND,ND,ND,ND,ND,ND,ND,ND,ND,ND,ND,ND,ND,ND
1948:Q2,ND,ND,ND,ND,ND,ND,ND,ND,ND,ND,ND,ND,ND,ND,ND,ND,ND,ND,ND,ND,ND,ND,ND
1948:Q3,ND,ND,ND,ND,ND,ND,ND,ND,ND,ND,ND,ND,ND,ND,ND,ND,ND,ND,ND,ND,ND,ND,ND
1948:Q4,51743.00,28065.00,18692.00,37442.00,18750.00,9373.00,18014.00,8641.00,21281.00,12200.00,-1834.00,-45.00,10960.00,0.00,0.00,0.00,2166.00,2130.00,35.00,1.00,230.00,1029799.00,194456.00
1949:Q1,ND,ND,ND,ND,ND,ND,ND,ND,ND,ND,ND,ND,ND,ND,ND,ND,ND,ND,ND,ND,ND,ND,ND
1949:Q2,ND,ND,ND,ND,ND,ND,ND,ND,ND,ND,ND,ND,ND,ND,ND,ND,ND,ND,ND,ND,ND,ND,ND
1949:Q3,ND,ND,ND,ND,ND,ND,ND,ND,ND,ND,ND,ND,ND,ND,ND,ND,ND,ND,ND,ND,ND,ND,ND
1949:Q4,40883.00,24839.00,18683.00,38945.00,20262.00,6156.00,14456.00,8300.00,15707.00,7688.00,6408.00,1280.00,331.00,0.00,0.00,0.00,153.00,172.00,-19.00,0.00,184.00,1070682.00,194511.00
1950:Q1,ND,ND,ND,ND,ND,ND,ND,ND,ND,ND,ND,ND,ND,ND,ND,ND,ND,ND,ND,ND,ND,ND,ND
1950:Q2,ND,ND,ND,ND,ND,ND,ND,ND,ND,ND,ND,ND,ND,ND,ND,ND,ND,ND,ND,ND,ND,ND,ND
1950:Q3,ND,ND,ND,ND,ND,ND,ND,ND,ND,ND,ND,ND,ND,ND,ND,ND,ND,ND,ND,ND,ND,ND,ND
1950:Q4,91323.00,35080.00,27285.00,50053.00,22768.00,7795.00,21287.00,13492.00,54628.00,18299.00,21475.00,62.00,14792.00,0.00,0.00,0.00,3956.00,3836.00,98.00,22.00,-2341.00,1162005.00,214992.00
1951:Q1,ND,ND,ND,ND,ND,ND,ND,ND,ND,ND,ND,ND,ND,ND,ND,ND,ND,ND,ND,ND,ND,ND,ND
1951:Q2,ND,ND,ND,ND,ND,ND,ND,ND,ND,ND,ND,ND,ND,ND,ND,ND,ND,ND,ND,ND,ND,ND,ND
1951:Q3,ND,ND,ND,ND,ND,ND,ND,ND,ND,ND,ND,ND,ND,ND,ND,ND,ND,ND,ND,ND,ND,ND,ND
1951:Q4,108487.00,42264.00,20685.00,47934.00,27249.00,21579.00,30245.00,8666.00,61403.00,17715.00,18732.00,-128.00,25084.00,0.00,0.00,0.00,5349.00,5293.00,41.00,15.00,-529.00,1270492.00,237400.00
1952:Q1,17770.00,13427.00,4751.00,11629.00,6878.00,8676.00,9416.00,740.00,3719.00,-176.00,2458.00,-14.00,1497.00,0.00,-46.00,0.00,1626.00,1635.00,-7.00,-2.00,-1002.00,1288262.00,243603.00
1952:Q2,21943.00,8030.00,4740.00,11790.00,7050.00,3290.00,7476.00,4186.00,14480.00,7641.00,5979.00,-44.00,943.00,0.00,-39.00,0.00,-636.00,-631.00,-4.00,-1.00,69.00,1310206.00,246634.00
1952:Q3,13066.00,12979.00,4311.00,11422.00,7111.00,8668.00,11697.00,3029.00,-2096.00,-1771.00,-633.00,16.00,348.00,0.00,-56.00,0.00,2114.00,2132.00,-18.00,0.00,69.00,1323272.00,253244.00
1952:Q4,3693.00,12148.00,5348.00,12631.00,7283.00,6800.00,11238.00,4438.00,-6990.00,7341.00,-11119.00,-13.00,-3174.00,0.00,-25.00,0.00,-2165.00,-2151.00,-16.00,2.00,700.00,1326965.00,259116.00
1953:Q1,9948.00,12724.00,6012.00,13184.00,7172.00,6712.00,9026.00,2314.00,-3651.00,2080.00,-3458.00,-202.00,-2009.00,0.00,-63.00,0.00,881.00,873.00,6.00,2.00,-5.00,1336913.00,263286.00
1953:Q2,1939.00,9536.00,5826.00,13178.00,7351.00,3710.00,8203.00,4493.00,-7384.00,3429.00,-9622.00,-172.00,-962.00,0.00,-57.00,0.00,-206.00,-225.00,17.00,2.00,-7.00,1338852.00,267131.00
1953:Q3,14346.00,13074.00,5490.00,12961.00,7471.00,7584.00,10113.00,2529.00,2490.00,6808.00,-4770.00,-102.00,615.00,0.00,-61.00,0.00,-1209.00,-1225.00,17.00,-1.00,-10.00,1353198.00,267312.00
1953:Q4,20770.00,12546.00,5165.00,12701.00,7536.00,7381.00,10774.00,3393.00,8361.00,-4632.00,13742.00,307.00,-1004.00,0.00,-52.00,0.00,-117.00,-122.00,6.00,-1.00,-20.00,1373968.00,267572.00
1954:Q1,22551.00,10503.00,4828.00,12700.00,7872.00,5674.00,5546.00,-128.00,10156.00,-1739.00,11009.00,266.00,682.00,0.00,-61.00,0.00,1834.00,1809.00,26.00,-1.00,58.00,1396519.00,270296.00
1954:Q2,20916.00,6468.00,5104.00,13159.00,8056.00,1364.00,5735.00,4371.00,17122.00,760.00,15017.00,330.00,1106.00,0.00,-91.00,0.00,-2733.00,-2758.00,26.00,-1.00,58.00,1417435.00,270192.00
1954:Q3,36556.00,11928.00,5360.00,13388.00,8029.00,6568.00,9399.00,2831.00,26129.00,5700.00,18043.00,460.00,2012.00,0.00,-86.00,0.00,-1558.00,-1529.00,-29.00,1.00,57.00,1453991.00,272157.00
1954:Q4,16837.00,10195.00,6071.00,14131.00,8060.00,4124.00,9453.00,5329.00,6649.00,4069.00,1258.00,487.00,894.00,0.00,-59.00,0.00,-65.00,-66.00,-1.00,2.00,58.00,1470828.00,277090.00
1955:Q1,21893.00,12708.00,6870.00,15223.00,8353.00,5839.00,9062.00,3223.00,9393.00,400.00,6129.00,273.00,2654.00,0.00,-63.00,0.00,-227.00,-206.00,-25.00,3.00,19.00,1492722.00,282520.00
1955:Q2,34772.00,5642.00,7415.00,15911.00,8496.00,-1773.00,5338.00,7111.00,29510.00,5880.00,20878.00,540.00,2199.00,0.00,13.00,0.00,-388.00,-393.00,3.00,2.00,8.00,1527493.00,289051.00
1955:Q3,38818.00,14230.00,7618.00,16270.00,8653.00,6612.00,11973.00,5361.00,24289.00,6791.00,14056.00,-98.00,3573.00,0.00,-33.00,0.00,292.00,258.00,30.00,4.00,8.00,1566312.00,295529.00
1955:Q4,19750.00,12158.00,6968.00,15826.00,8858.00,5190.00,10829.00,5639.00,8280.00,4099.00,1226.00,442.00,2628.00,0.00,-115.00,0.00,-695.00,-736.00,36.00,6.00,7.00,1586061.00,299805.00
1956:Q1,42442.00,14207.00,5832.00,15247.00,9416.00,8375.00,10134.00,1759.00,27669.00,5625.00,16126.00,402.00,5643.00,0.00,-127.00,0.00,536.00,515.00,16.00,5.00,30.00,1628503.00,304135.00
1956:Q2,9739.00,7702.00,5794.00,15357.00,9563.00,1908.00,7169.00,5261.00,1739.00,4885.00,-8611.00,23.00,5727.00,0.00,-285.00,0.00,289.00,270.00,15.00,5.00,9.00,1638242.00,309099.00
1956:Q3,18272.00,14121.00,5564.00,15253.00,9690.00,8558.00,11945.00,3387.00,1945.00,3786.00,-4998.00,-430.00,3862.00,0.00,-274.00,0.00,2185.00,2144.00,37.00,4.00,21.00,1656514.00,313701.00
1956:Q4,38183.00,13153.00,5700.00,15603.00,9903.00,7453.00,12220.00,4767.00,23004.00,924.00,20091.00,426.00,1775.00,0.00,-212.00,0.00,1991.00,1971.00,17.00,4.00,35.00,1694697.00,320348.00
1957:Q1,12592.00,16193.00,6064.00,15663.00,9598.00,10129.00,11290.00,1161.00,-6530.00,3947.00,-13416.00,-171.00,3401.00,0.00,-291.00,0.00,966.00,918.00,47.00,2.00,1963.00,1707289.00,324179.00
1957:Q2,36855.00,9444.00,5692.00,15464.00,9773.00,3752.00,8819.00,5067.00,23541.00,3969.00,16194.00,357.00,3152.00,0.00,-131.00,0.00,1872.00,1872.00,-2.00,2.00,1999.00,1744144.00,328541.00
1957:Q3,-1945.00,15553.00,5396.00,15374.00,9978.00,10157.00,13300.00,3143.00,-19129.00,3689.00,-25112.00,-879.00,3541.00,0.00,-368.00,0.00,-366.00,-392.00,24.00,2.00,1998.00,1742199.00,332983.00
1957:Q4,16702.00,12561.00,5184.00,15244.00,10060.00,7377.00,10482.00,3105.00,2195.00,-769.00,1902.00,-474.00,1867.00,0.00,-330.00,0.00,-6.00,-55.00,48.00,1.00,1952.00,1758901.00,332703.00
1958:Q1,32857.00,15940.00,3857.00,14343.00,10486.00,12083.00,11219.00,-864.00,13514.00,-6446.00,14642.00,424.00,5102.00,0.00,-208.00,0.00,3286.00,3300.00,-16.00,2.00,117.00,1791758.00,334244.00
1958:Q2,26900.00,5675.00,3442.00,14141.00,10698.00,2233.00,5804.00,3571.00,21526.00,2807.00,14808.00,680.00,3406.00,0.00,-175.00,0.00,-375.00,-391.00,12.00,4.00,74.00,1818659.00,337089.00
1958:Q3,53848.00,15124.00,3904.00,14610.00,10706.00,11220.00,14796.00,3576.00,38539.00,6549.00,28963.00,842.00,2351.00,0.00,-166.00,0.00,134.00,130.00,1.00,4.00,51.00,1872507.00,344140.00
1958:Q4,29746.00,12277.00,4665.00,15417.00,10753.00,7612.00,13402.00,5790.00,17753.00,5747.00,10676.00,1174.00,343.00,0.00,-187.00,0.00,-308.00,-311.00,0.00,4.00,24.00,1902253.00,348233.00
1959:Q1,20067.00,15005.00,6380.00,16782.00,10403.00,8625.00,11150.00,2525.00,3950.00,-4530.00,6680.00,462.00,1709.00,0.00,-370.00,0.00,2336.00,2307.00,25.00,4.00,-1224.00,1922319.00,353634.00
1959:Q2,27202.00,8372.00,6819.00,17446.00,10627.00,1553.00,8616.00,7063.00,20304.00,5900.00,12204.00,540.00,1962.00,0.00,-302.00,0.00,-19.00,-38.00,15.00,4.00,-1455.00,1949521.00,360706.00
1959:Q3,12414.00,14276.00,6830.00,17576.00,10747.00,7446.00,13716.00,6270.00,340.00,5019.00,-4766.00,-581.00,1177.00,0.00,-509.00,0.00,-732.00,-747.00,11.00,3.00,-1469.00,1961935.00,362351.00
1959:Q4,33163.00,10123.00,6056.00,16894.00,10837.00,4067.00,10875.00,6808.00,25178.00,3636.00,20144.00,736.00,1022.00,0.00,-360.00,0.00,-794.00,-801.00,4.00,3.00,-1344.00,1995098.00,366933.00
1960:Q1,7698.00,17401.00,6151.00,17355.00,11204.00,11250.00,12174.00,924.00,-9797.00,8444.00,-19677.00,-817.00,2897.00,0.00,-644.00,0.00,53.00,62.00,-10.00,1.00,42.00,2002797.00,371809.00
1960:Q2,16839.00,7346.00,5794.00,17104.00,11310.00,1552.00,8411.00,6859.00,9299.00,599.00,6970.00,452.00,1686.00,0.00,-407.00,0.00,121.00,112.00,10.00,0.00,72.00,2019635.00,376097.00
1960:Q3,-5045.00,13816.00,5340.00,16764.00,11425.00,8476.00,13058.00,4582.00,-18739.00,2768.00,-23220.00,-725.00,3125.00,0.00,-687.00,0.00,-233.00,-232.00,-1.00,0.00,111.00,2014590.00,378212.00
1960:Q4,53122.00,11132.00,4916.00,16426.00,11510.00,6216.00,11699.00,5483.00,41858.00,-2045.00,39811.00,1249.00,3117.00,0.00,-274.00,0.00,-3.00,11.00,-12.00,-1.00,135.00,2067712.00,379743.00
1961:Q1,50331.00,11186.00,4208.00,15763.00,11555.00,6977.00,7738.00,761.00,39435.00,-5351.00,38975.00,1996.00,4071.00,0.00,-256.00,0.00,-363.00,-370.00,4.00,2.00,74.00,2118043.00,384139.00
1961:Q2,21799.00,9895.00,4429.00,16013.00,11585.00,5467.00,11668.00,6201.00,11404.00,7285.00,612.00,275.00,3914.00,0.00,-681.00,0.00,467.00,475.00,-7.00,-1.00,33.00,2139843.00,389955.00
1961:Q3,35889.00,13579.00,4871.00,16541.00,11670.00,8707.00,12982.00,4275.00,21827.00,6155.00,10779.00,593.00,4913.00,0.00,-613.00,0.00,433.00,444.00,-10.00,-2.00,50.00,2175732.00,396568.00
1961:Q4,54987.00,13036.00,5427.00,17192.00,11765.00,7609.00,14745.00,7136.00,42892.00,5329.00,32632.00,1314.00,4093.00,0.00,-475.00,0.00,-658.00,-641.00,-14.00,-3.00,-283.00,2230719.00,404670.00
1962:Q1,12169.00,15567.00,5722.00,17530.00,11808.00,9846.00,11173.00,1327.00,-914.00,4196.00,-8709.00,-216.00,4728.00,0.00,-913.00,0.00,-179.00,-171.00,-7.00,-1.00,-2306.00,2242888.00,410327.00
1962:Q2,-96217.00,9111.00,6087.00,17997.00,11910.00,3024.00,10123.00,7099.00,-103093.00,929.00,-101086.00,-5008.00,3790.00,0.00,-1718.00,0.00,40.00,47.00,-5.00,-2.00,-2275.00,2146671.00,416111.00
1962:Q3,38528.00,14728.00,6044.00,18079.00,12034.00,8684.00,14899.00,6215.00,25168.00,647.00,19937.00,483.00,4590.00,0.00,-489.00,0.00,425.00,428.00,-3.00,-1.00,-1794.00,2185199.00,419364.00
1962:Q4,104052.00,13318.00,6295.00,18476.00,12181.00,7023.00,14518.00,7495.00,93903.00,4528.00,84434.00,1903.00,3386.00,0.00,-348.00,0.00,-984.00,-966.00,-16.00,-2.00,-2185.00,2289251.00,424328.00
1963:Q1,45902.00,14816.00,6486.00,18805.00,12319.00,8330.00,11240.00,2910.00,31454.00,3555.00,25642.00,1043.00,1829.00,0.00,-615.00,0.00,-193.00,-184.00,-5.00,-5.00,-175.00,2335153.00,429172.00
1963:Q2,31739.00,10151.00,7028.00,19486.00,12458.00,3124.00,12641.00,9517.00,21314.00,-3176.00,23594.00,1009.00,597.00,0.00,-710.00,0.00,354.00,356.00,-2.00,1.00,-81.00,2366892.00,433795.00
1963:Q3,41576.00,15248.00,7078.00,19714.00,12637.00,8171.00,15688.00,7517.00,26208.00,5855.00,21574.00,441.00,-874.00,0.00,-787.00,0.00,315.00,312.00,3.00,0.00,-196.00,2408467.00,440663.00
1963:Q4,-5519.00,17155.00,7368.00,20186.00,12818.00,9788.00,18802.00,9014.00,-22896.00,532.00,-24938.00,446.00,1891.00,0.00,-827.00,0.00,388.00,384.00,2.00,2.00,-166.00,2402948.00,449518.00
1964:Q1,46763.00,18648.00,8002.00,21005.00,13002.00,10645.00,14610.00,3965.00,28182.00,-3337.00,30147.00,1588.00,567.00,0.00,-784.00,0.00,116.00,120.00,-4.00,1.00,-183.00,2449711.00,460550.00
1964:Q2,43661.00,13070.00,7932.00,21138.00,13206.00,5138.00,14735.00,9597.00,31093.00,8775.00,16998.00,408.00,5868.00,0.00,-956.00,0.00,-300.00,-299.00,0.00,-1.00,-202.00,2493371.00,474004.00
1964:Q3,46089.00,22387.00,8145.00,21546.00,13401.00,14242.00,21054.00,6812.00,24145.00,1462.00,18806.00,1111.00,3771.00,0.00,-1005.00,0.00,-415.00,-410.00,-3.00,-2.00,-29.00,2539460.00,481748.00
1964:Q4,43413.00,18642.00,7570.00,21178.00,13608.00,11072.00,20133.00,9061.00,28842.00,8059.00,15250.00,-423.00,7091.00,0.00,-1135.00,0.00,-622.00,-610.00,-7.00,-5.00,-3449.00,2582873.00,488849.00
1965:Q1,43656.00,21519.00,8952.00,22687.00,13735.00,12567.00,16046.00,3479.00,22235.00,2149.00,15699.00,769.00,4766.00,0.00,-1148.00,0.00,-90.00,-76.00,-6.00,-8.00,-8.00,2626529.00,496179.00
1965:Q2,-4343.00,13568.00,8816.00,22816.00,14000.00,4752.00,14357.00,9605.00,-17117.00,393.00,-20565.00,-707.00,5222.00,0.00,-1460.00,0.00,-811.00,-800.00,-8.00,-3.00,18.00,2622186.00,504323.00
1965:Q3,77926.00,25817.00,9123.00,23343.00,14220.00,16694.00,23610.00,6916.00,53284.00,811.00,48618.00,2020.00,2571.00,0.00,-736.00,0.00,-1217.00,-1223.00,9.00,-2.00,41.00,2700112.00,520063.00
1965:Q4,79688.00,20982.00,9555.00,23988.00,14433.00,11427.00,20828.00,9401.00,59999.00,10051.00,38771.00,1808.00,10570.00,0.00,-1201.00,0.00,-1367.00,-1356.00,-16.00,6.00,74.00,2779800.00,532157.00
1966:Q1,6373.00,27777.00,10222.00,24844.00,14623.00,17555.00,20393.00,2838.00,-21718.00,-5472.00,-17224.00,-86.00,2693.00,0.00,-1629.00,0.00,-73.00,-81.00,9.00,-1.00,388.00,2786174.00,541610.00
1966:Q2,30791.00,16790.00,9009.00,23948.00,14939.00,7781.00,17477.00,9696.00,12334.00,25000.00,-23474.00,-1353.00,13935.00,0.00,-1774.00,0.00,1263.00,1233.00,31.00,-1.00,404.00,2816965.00,547482.00
1966:Q3,-29806.00,28555.00,9035.00,24311.00,15277.00,19521.00,23412.00,3891.00,-60105.00,-2110.00,-56867.00,-3386.00,4357.00,0.00,-2100.00,0.00,1325.00,1285.00,39.00,2.00,419.00,2787159.00,558405.00
1966:Q4,89864.00,22159.00,8250.00,23883.00,15633.00,13910.00,20381.00,6471.00,65860.00,16252.00,39562.00,2059.00,9014.00,0.00,-1027.00,0.00,1413.00,1356.00,57.00,-1.00,433.00,2877023.00,569276.00
1967:Q1,106356.00,28368.00,7537.00,23382.00,15846.00,20831.00,20747.00,-84.00,78677.00,492.00,72045.00,3834.00,2686.00,0.00,-380.00,0.00,-435.00,-451.00,15.00,1.00,-255.00,2983379.00,579473.00
1967:Q2,38648.00,17605.00,8782.00,24859.00,16077.00,8823.00,16158.00,7335.00,20279.00,4916.00,9693.00,834.00,6159.00,0.00,-1323.00,0.00,1193.00,1182.00,11.00,-1.00,-429.00,3022026.00,586742.00
1967:Q3,86398.00,29573.00,8839.00,25262.00,16423.00,20735.00,26797.00,6062.00,54299.00,6883.00,40664.00,2404.00,5345.00,0.00,-996.00,0.00,2948.00,2919.00,24.00,5.00,-423.00,3108424.00,597730.00
1967:Q4,65834.00,14877.00,9115.00,25964.00,16849.00,5762.00,27435.00,21673.00,48505.00,14505.00,25048.00,1122.00,9544.00,0.00,-1714.00,0.00,2789.00,2751.00,30.00,8.00,-337.00,3174258.00,607193.00
1968:Q1,19958.00,40567.00,10017.00,27360.00,17343.00,30551.00,22150.00,-8401.00,-22883.00,18782.00,-46472.00,-3281.00,10469.00,0.00,-2382.00,0.00,1971.00,1948.00,13.00,10.00,303.00,3194216.00,624074.00
1968:Q2,138502.00,19891.00,10249.00,28020.00,17771.00,9643.00,22129.00,12486.00,116703.00,13582.00,90099.00,4958.00,8651.00,0.00,-586.00,0.00,1950.00,1887.00,49.00,15.00,-43.00,3332717.00,640936.00
1968:Q3,62011.00,28990.00,10944.00,29161.00,18217.00,18046.00,25645.00,7599.00,29943.00,8561.00,14635.00,1778.00,6632.00,0.00,-1662.00,0.00,2629.00,2568.00,44.00,17.00,448.00,3394728.00,649143.00
1968:Q4,168645.00,20418.00,10893.00,29637.00,18744.00,9525.00,22888.00,13363.00,145029.00,35084.00,94689.00,896.00,16187.00,0.00,-1827.00,0.00,2940.00,2866.00,55.00,19.00,259.00,3563373.00,660843.00
1969:Q1,16558.00,30136.00,11208.00,30384.00,19177.00,18928.00,19653.00,725.00,-15535.00,19474.00,-40714.00,-1864.00,10193.00,0.00,-2624.00,0.00,1953.00,1905.00,25.00,23.00,4.00,3579931.00,668721.00
1969:Q2,5481.00,16143.00,10865.00,30512.00,19647.00,5278.00,16757.00,11479.00,-13616.00,12923.00,-31146.00,-2977.00,10063.00,0.00,-2479.00,0.00,2515.00,2461.00,32.00,22.00,439.00,3585411.00,684766.00
1969:Q3,20307.00,29640.00,10424.00,30540.00,20117.00,19216.00,25065.00,5849.00,-11112.00,6779.00,-18278.00,-973.00,4048.00,0.00,-2688.00,0.00,1738.00,1654.00,62.00,22.00,41.00,3605718.00,707850.00
1969:Q4,17718.00,29890.00,9605.00,30119.00,20515.00,20286.00,31356.00,11070.00,-14247.00,18875.00,-40657.00,-803.00,10525.00,0.00,-2187.00,0.00,2219.00,2134.00,61.00,24.00,-144.00,3623436.00,721675.00
1970:Q1,24636.00,35773.00,8944.00,29847.00,20903.00,26830.00,23257.00,-3573.00,-15438.00,-135.00,-24056.00,324.00,5534.00,0.00,2895.00,0.00,689.00,609.00,57.00,23.00,3613.00,3648072.00,737189.00
1970:Q2,-71520.00,23226.00,8749.00,29957.00,21208.00,14478.00,21037.00,6559.00,-97350.00,28082.00,-132400.00,-9094.00,18968.00,0.00,-2907.00,0.00,1435.00,1360.00,51.00,23.00,1170.00,3576552.00,754131.00
1970:Q3,129569.00,42907.00,8824.00,30395.00,21571.00,34082.00,41021.00,6939.00,82351.00,-5626.00,84634.00,4202.00,-3177.00,0.00,2318.00,0.00,2590.00,2535.00,33.00,22.00,1721.00,3706121.00,773379.00
1970:Q4,125442.00,30787.00,8062.00,30067.00,22005.00,22726.00,31728.00,9002.00,87057.00,13665.00,59052.00,2431.00,10354.00,0.00,1556.00,0.00,5894.00,5795.00,73.00,26.00,1704.00,3831564.00,781410.00
1971:Q1,162638.00,43929.00,10687.00,33253.00,22566.00,33242.00,35995.00,2753.00,112223.00,20950.00,64628.00,5479.00,19109.00,0.00,2057.00,0.00,4884.00,4756.00,98.00,30.00,1603.00,3994202.00,804631.00
1971:Q2,69835.00,32876.00,11902.00,35065.00,23163.00,20974.00,34626.00,13652.00,32215.00,19814.00,-3573.00,266.00,15683.00,0.00,25.00,0.00,2393.00,2318.00,52.00,24.00,2352.00,4064037.00,825671.00
1971:Q3,56887.00,38186.00,12693.00,36341.00,23649.00,25494.00,38238.00,12744.00,18229.00,18483.00,-14680.00,-405.00,14216.00,0.00,616.00,0.00,-1078.00,-1097.00,-1.00,20.00,1550.00,4120925.00,838197.00
1971:Q4,119380.00,32185.00,13923.00,37896.00,23973.00,18263.00,34550.00,16287.00,88358.00,15848.00,53124.00,2835.00,15538.00,0.00,1014.00,0.00,-2233.00,-2204.00,-38.00,8.00,1070.00,4240305.00,853224.00
1972:Q1,156525.00,47519.00,15068.00,39456.00,24387.00,32450.00,39697.00,7247.00,103805.00,35000.00,43782.00,2152.00,21330.00,0.00,1542.00,0.00,3201.00,3149.00,36.00,15.00,2000.00,4396830.00,866178.00
1972:Q2,60074.00,29247.00,15610.00,40606.00,24996.00,13637.00,33319.00,19682.00,28129.00,13155.00,-2293.00,-320.00,17645.00,0.00,-58.00,0.00,1878.00,1866.00,-3.00,15.00,821.00,4456904.00,880089.00
1972:Q3,122258.00,44647.00,16201.00,41772.00,25571.00,28446.00,43898.00,15452.00,73566.00,30907.00,22263.00,-250.00,20406.00,0.00,241.00,0.00,1886.00,1900.00,-31.00,17.00,2158.00,4579162.00,904924.00
1972:Q4,243618.00,39580.00,17976.00,44160.00,26184.00,21604.00,40643.00,19039.00,204259.00,48160.00,124265.00,3205.00,27041.00,0.00,1589.00,0.00,-1460.00,-1422.00,-65.00,26.00,1239.00,4822780.00,948551.00
1973:Q1,24101.00,51902.00,20407.00,47185.00,26778.00,31495.00,42521.00,11026.00,-19708.00,21443.00,-67278.00,-5403.00,33419.00,0.00,-1889.00,0.00,2633.00,2643.00,-35.00,25.00,-10725.00,4846882.00,966902.00
1973:Q2,37475.00,42544.00,19252.00,46840.00,27589.00,23292.00,42201.00,18909.00,2154.00,36944.00,-66402.00,-4312.00,38234.00,0.00,-2310.00,0.00,4404.00,4288.00,63.00,53.00,-11626.00,4884357.00,993408.00
1973:Q3,184394.00,48718.00,18207.00,46664.00,28457.00,30512.00,49606.00,19094.00,143823.00,50853.00,46507.00,3820.00,41105.00,0.00,1538.00,0.00,3307.00,3136.00,85.00,86.00,-11454.00,5068751.00,1015959.00
1973:Q4,-39413.00,50718.00,16430.00,45669.00,29240.00,34288.00,50702.00,16414.00,-82407.00,33312.00,-136627.00,-4572.00,29121.00,0.00,-3641.00,0.00,2590.00,2426.00,51.00,114.00,-10313.00,5029338.00,1048213.00
1974:Q1,31073.00,52682.00,14622.00,44736.00,30114.00,38059.00,42110.00,4051.00,-25828.00,-18369.00,-30464.00,-1842.00,24532.00,0.00,315.00,0.00,5189.00,4969.00,119.00,101.00,-969.00,5060411.00,1061597.00
1974:Q2,-19298.00,27591.00,14691.00,45536.00,30846.00,12900.00,33493.00,20593.00,-59341.00,-8504.00,-71873.00,-3534.00,27486.00,0.00,-2916.00,0.00,12051.00,11635.00,316.00,101.00,401.00,5041113.00,1081469.00
1974:Q3,-52240.00,37994.00,15129.00,47082.00,31953.00,22865.00,41085.00,18220.00,-108394.00,6014.00,-150075.00,-7465.00,49404.00,0.00,-6272.00,0.00,18784.00,18123.00,566.00,95.00,-623.00,4988874.00,1111700.00
1974:Q4,145524.00,44536.00,10410.00,43839.00,33429.00,34126.00,47300.00,13174.00,82707.00,34999.00,4790.00,2360.00,38530.00,0.00,2028.00,0.00,16357.00,15516.00,749.00,91.00,1925.00,5134398.00,1138457.00
1975:Q1,258127.00,57995.00,10495.00,44703.00,34208.00,47500.00,46504.00,-996.00,204525.00,57267.00,103492.00,5131.00,31872.00,0.00,6764.00,0.00,8679.00,8063.00,543.00,73.00,-13072.00,5392525.00,1157933.00
1975:Q2,235061.00,46154.00,11651.00,46657.00,35006.00,34503.00,50933.00,16430.00,173957.00,49954.00,78485.00,4796.00,35156.00,0.00,5566.00,0.00,9862.00,9453.00,350.00,59.00,5088.00,5627586.00,1226477.00
1975:Q3,-17899.00,48728.00,14351.00,50235.00,35884.00,34378.00,54452.00,20074.00,-74944.00,-9869.00,-79663.00,-4457.00,21156.00,0.00,-2111.00,0.00,5948.00,5814.00,88.00,46.00,2368.00,5609687.00,1231254.00
1975:Q4,165946.00,55304.00,16174.00,52817.00,36643.00,39130.00,62492.00,23362.00,100312.00,31415.00,41739.00,2137.00,22489.00,0.00,2532.00,0.00,8528.00,8389.00,106.00,32.00,1802.00,5775633.00,1261488.00
1976:Q1,205290.00,55228.00,18704.00,56522.00,37818.00,36524.00,45203.00,8679.00,149769.00,22840.00,91629.00,4641.00,26338.00,0.00,4320.00,0.00,6358.00,6119.00,215.00,24.00,-6065.00,5980923.00,1290456.00
1976:Q2,174255.00,49779.00,19389.00,58125.00,38736.00,30390.00,57042.00,26652.00,125821.00,60914.00,16786.00,720.00,47434.00,0.00,-32.00,0.00,5023.00,4835.00,112.00,77.00,-6369.00,6155178.00,1308055.00
1976:Q3,113433.00,48091.00,19539.00,59163.00,39624.00,28552.00,53612.00,25060.00,66102.00,26064.00,10078.00,-558.00,30553.00,0.00,-36.00,0.00,5749.00,5524.00,167.00,58.00,-6509.00,6268612.00,1337692.00
1976:Q4,165173.00,62768.00,22502.00,63104.00,40602.00,40266.00,68368.00,28102.00,103598.00,40264.00,23865.00,788.00,38353.00,0.00,328.00,0.00,8878.00,8595.00,218.00,65.00,-10070.00,6433785.00,1366910.00
1977:Q1,103759.00,61545.00,24240.00,66503.00,42263.00,37305.00,54386.00,17081.00,36403.00,55044.00,-56389.00,-2679.00,42933.00,0.00,-2506.00,0.00,7579.00,7419.00,136.00,24.00,-1767.00,6537543.00,1391164.00
1977:Q2,180479.00,36900.00,27327.00,70803.00,43476.00,9573.00,48206.00,38633.00,140528.00,81123.00,19587.00,2214.00,37537.00,0.00,66.00,0.00,4364.00,4201.00,116.00,48.00,-1313.00,6718023.00,1432595.00
1977:Q3,137825.00,58744.00,28082.00,72651.00,44569.00,30662.00,68746.00,38084.00,72149.00,59953.00,-29237.00,-1022.00,44722.00,0.00,-2266.00,0.00,8055.00,7816.00,172.00,67.00,-1124.00,6855848.00,1476478.00
1977:Q4,156975.00,59429.00,28766.00,74660.00,45894.00,30663.00,68512.00,37849.00,86918.00,68742.00,-27924.00,-10.00,46536.00,0.00,-426.00,0.00,10340.00,10039.00,220.00,82.00,289.00,7012823.00,1526535.00
1978:Q1,168090.00,70245.00,27382.00,75233.00,47851.00,42863.00,66408.00,23545.00,87603.00,57166.00,-34178.00,-1218.00,67316.00,0.00,-1483.00,0.00,10349.00,10053.00,259.00,37.00,-107.00,7180913.00,1562876.00
1978:Q2,249022.00,41727.00,32248.00,81500.00,49252.00,9479.00,59740.00,50261.00,196554.00,86430.00,40670.00,2833.00,63410.00,0.00,3211.00,0.00,11322.00,10942.00,321.00,60.00,-582.00,7429935.00,1610855.00
1978:Q3,247915.00,58230.00,31620.00,82499.00,50879.00,26610.00,73980.00,47370.00,178660.00,72671.00,43546.00,1967.00,56427.00,0.00,4049.00,0.00,12454.00,11943.00,403.00,108.00,-1428.00,7677850.00,1651029.00
1978:Q4,173550.00,57865.00,31661.00,84176.00,52515.00,26204.00,69994.00,43790.00,97966.00,74038.00,-30704.00,-2619.00,59005.00,0.00,-1754.00,0.00,13881.00,13276.00,458.00,147.00,3838.00,7851400.00,1695518.00
1979:Q1,310839.00,62089.00,30008.00,84006.00,53999.00,32081.00,58275.00,26194.00,235083.00,108367.00,42857.00,2244.00,75426.00,0.00,6190.00,0.00,15804.00,15271.00,420.00,113.00,-2137.00,8162239.00,1745731.00
1979:Q2,268702.00,42147.00,28075.00,83835.00,55759.00,14072.00,60801.00,46729.00,208986.00,110348.00,19290.00,903.00,77734.00,0.00,712.00,0.00,17423.00,16812.00,467.00,144.00,146.00,8430942.00,1777854.00
1979:Q3,284121.00,54758.00,28870.00,86396.00,57526.00,25888.00,75395.00,49507.00,217506.00,86501.00,50234.00,2305.00,75099.00,0.00,3368.00,0.00,12733.00,12103.00,456.00,174.00,-877.00,8715062.00,1830535.00
1979:Q4,276745.00,77793.00,26423.00,85517.00,59094.00,51370.00,95214.00,43844.00,177873.00,71761.00,37793.00,489.00,69028.00,0.00,-1199.00,0.00,18714.00,18012.00,531.00,171.00,2365.00,8991807.00,1883009.00
1980:Q1,186495.00,66746.00,23906.00,84840.00,60933.00,42839.00,61617.00,18778.00,97275.00,101353.00,-53069.00,-3483.00,59133.00,0.00,-6659.00,0.00,26310.00,25264.00,835.00,211.00,-3836.00,9178303.00,1945976.00
1980:Q2,351605.00,64551.00,12523.00,75527.00,63004.00,52028.00,69374.00,17346.00,269617.00,76576.00,106360.00,4237.00,74683.00,0.00,7761.00,0.00,21845.00,20792.00,875.00,178.00,-4409.00,9529907.00,1964614.00
1980:Q3,405490.00,84170.00,15442.00,79927.00,64485.00,68729.00,104445.00,35716.00,307289.00,113574.00,103802.00,4571.00,78805.00,0.00,6538.00,0.00,17096.00,16129.00,793.00,175.00,-3065.00,9935397.00,2035013.00
1980:Q4,338877.00,88996.00,19493.00,85296.00,65803.00,69503.00,111570.00,42067.00,230649.00,45718.00,103773.00,2527.00,74766.00,0.00,3865.00,0.00,16151.00,15334.00,613.00,204.00,3082.00,10274275.00,2126202.00
1981:Q1,192858.00,90866.00,20390.00,87426.00,67036.00,70476.00,80024.00,9548.00,92277.00,31983.00,10594.00,-603.00,52065.00,0.00,-1762.00,0.00,11167.00,10335.00,674.00,158.00,-1451.00,10467133.00,2173012.00
1981:Q2,271976.00,62676.00,17717.00,85922.00,68206.00,44960.00,81734.00,36774.00,191106.00,165645.00,-12798.00,-305.00,41938.00,0.00,-3374.00,0.00,17601.00,16648.00,722.00,231.00,593.00,10739109.00,2208757.00
1981:Q3,82953.00,108521.00,17509.00,87077.00,69569.00,91013.00,121476.00,30463.00,-40870.00,95093.00,-142761.00,-5341.00,22016.00,0.00,-9877.00,0.00,13431.00,12794.00,482.00,155.00,1871.00,10822062.00,2290864.00
1981:Q4,288978.00,101117.00,11187.00,81971.00,70785.00,89930.00,116017.00,26087.00,175361.00,51528.00,81537.00,2337.00,33506.00,0.00,6453.00,0.00,11866.00,11158.00,482.00,226.00,634.00,11111041.00,2330261.00
1982:Q1,95236.00,87824.00,12665.00,83111.00,70446.00,75159.00,78795.00,3636.00,4090.00,91330.00,-124455.00,-3259.00,37482.00,0.00,2992.00,0.00,9166.00,8702.00,281.00,184.00,-5844.00,11206277.00,2362593.00
1982:Q2,108020.00,68020.00,12389.00,83703.00,71315.00,55632.00,80507.00,24875.00,29700.00,22953.00,-26610.00,51.00,31064.00,0.00,2241.00,0.00,8850.00,8140.00,565.00,146.00,1450.00,11314297.00,2398832.00
1982:Q3,220414.00,116805.00,12601.00,84724.00,72123.00,104204.00,127399.00,23195.00,92893.00,4622.00,59389.00,4396.00,12807.00,0.00,11679.00,0.00,3960.00,3663.00,214.00,83.00,6756.00,11534710.00,2449613.00
1982:Q4,329839.00,83560.00,16843.00,89525.00,72683.00,66718.00,103513.00,36795.00,246655.00,30982.00,190106.00,7795.00,18041.00,0.00,-269.00,0.00,3085.00,2954.00,33.00,98.00,-3461.00,11864549.00,2487935.00
1983:Q1,341776.00,108067.00,22532.00,94666.00,72135.00,85535.00,97814.00,12279.00,193356.00,35528.00,99972.00,4546.00,39608.00,0.00,13702.00,0.00,7202.00,6821.00,242.00,139.00,33152.00,12206325.00,2530931.00
1983:Q2,293694.00,103115.00,29741.00,102810.00,73069.00,73374.00,123524.00,50150.00,188949.00,26582.00,124736.00,7502.00,12682.00,0.00,17447.00,0.00,3192.00,3082.00,45.00,66.00,-1562.00,12500019.00,2572389.00
1983:Q3,142409.00,116465.00,35112.00,109177.00,74065.00,81353.00,139711.00,58358.00,23147.00,26221.00,-23212.00,-1156.00,24520.00,0.00,-3226.00,0.00,5252.00,5089.00,10.00,154.00,-2454.00,12642429.00,2645626.00
1983:Q4,88210.00,83858.00,39804.00,115112.00,75308.00,44055.00,107059.00,63004.00,2657.00,23296.00,-51095.00,-695.00,34213.00,0.00,-3062.00,0.00,6307.00,6029.00,167.00,111.00,-4612.00,12730639.00,2720649.00
1984:Q1,223105.00,104438.00,42946.00,119903.00,76958.00,61492.00,98491.00,36999.00,118870.00,153606.00,-52097.00,-3278.00,17309.00,0.00,3330.00,0.00,953.00,832.00,-19.00,139.00,-1156.00,12953744.00,2806259.00
1984:Q2,201106.00,116776.00,45002.00,123296.00,78294.00,71774.00,137967.00,66193.00,63700.00,110809.00,-46774.00,-4232.00,9900.00,0.00,-6002.00,0.00,8038.00,7920.00,102.00,16.00,12593.00,13154850.00,2880722.00
1984:Q3,319753.00,95602.00,43381.00,123398.00,80017.00,52221.00,106653.00,54432.00,213304.00,105615.00,73656.00,6639.00,13435.00,0.00,13959.00,0.00,3126.00,2931.00,89.00,106.00,7723.00,13474603.00,2942920.00
1984:Q4,253645.00,118359.00,45001.00,126434.00,81433.00,73358.00,139473.00,66115.00,142490.00,96244.00,20217.00,2434.00,17910.00,0.00,5685.00,0.00,2968.00,2790.00,171.00,7.00,-10172.00,13728248.00,2985638.00
1985:Q1,388908.00,133220.00,46422.00,130406.00,83984.00,86798.00,136972.00,50174.00,248318.00,108270.00,88187.00,6289.00,14854.00,0.00,30719.00,0.00,7336.00,7315.00,-41.00,62.00,33.00,14117156.00,3014136.00
1985:Q2,324482.00,78820.00,46128.00,131955.00,85828.00,32692.00,112135.00,79443.00,230665.00,128953.00,98200.00,9475.00,937.00,0.00,-6900.00,0.00,3963.00,3884.00,44.00,35.00,11036.00,14441638.00,3098044.00
1985:Q3,174652.00,71575.00,50697.00,138231.00,87534.00,20877.00,112239.00,91362.00,93244.00,139976.00,-53906.00,-1129.00,21643.00,0.00,-13340.00,0.00,-1252.00,-1398.00,108.00,38.00,11085.00,14616290.00,3112238.00
1985:Q4,605510.00,113280.00,47560.00,136786.00,89225.00,65720.00,178247.00,112527.00,465037.00,136565.00,211997.00,23139.00,46785.00,0.00,46551.00,0.00,4552.00,4388.00,198.00,-33.00,22640.00,15221801.00,3169669.00
1986:Q1,506438.00,156562.00,49827.00,141775.00,91948.00,106736.00,131722.00,24986.00,323367.00,73928.00,183553.00,22825.00,18027.00,0.00,25034.00,0.00,2990.00,2597.00,305.00,89.00,23519.00,15728238.00,3232174.00
1986:Q2,365241.00,114772.00,54852.00,148569.00,93718.00,59921.00,128404.00,68483.00,228099.00,104193.00,90489.00,4604.00,20811.00,0.00,8002.00,0.00,9391.00,8785.00,554.00,52.00,12979.00,16093479.00,3271242.00
1986:Q3,139415.00,122327.00,63225.00,159154.00,95928.00,59102.00,144308.00,85206.00,-8792.00,99482.00,-107307.00,-4673.00,33872.00,0.00,-30166.00,0.00,14784.00,14368.00,443.00,-27.00,11096.00,16232894.00,3311167.00
1986:Q4,551930.00,186780.00,60531.00,159324.00,98793.00,126249.00,214850.00,88601.00,355076.00,92624.00,224552.00,3451.00,32507.00,0.00,1943.00,0.00,10867.00,10828.00,110.00,-71.00,-793.00,16784824.00,3336948.00
1987:Q1,658708.00,111485.00,54218.00,154734.00,100517.00,57267.00,77470.00,20203.00,518997.00,98881.00,308573.00,27915.00,38926.00,0.00,44702.00,0.00,10027.00,9568.00,362.00,98.00,18199.00,17443532.00,3400408.00
1987:Q2,287695.00,89752.00,58259.00,160898.00,102639.00,31493.00,125373.00,93880.00,176472.00,102187.00,31903.00,-6499.00,28352.00,0.00,20529.00,0.00,8949.00,8844.00,18.00,87.00,12522.00,17731227.00,3399480.00
1987:Q3,416016.00,148522.00,61837.00,166705.00,104868.00,86685.00,167037.00,80352.00,245386.00,93766.00,98862.00,-1008.00,25475.00,0.00,28291.00,0.00,8019.00,7942.00,-11.00,87.00,14090.00,18147242.00,3493721.00
1987:Q4,-149670.00,138922.00,58123.00,165323.00,107200.00,80798.00,139521.00,58723.00,-336285.00,58969.00,-331353.00,-44534.00,49103.00,0.00,-68470.00,0.00,4051.00,3107.00,710.00,235.00,43643.00,17997573.00,3571504.00
1988:Q1,474872.00,146312.00,60618.00,169032.00,108414.00,85693.00,116511.00,30818.00,325601.00,106786.00,139274.00,14226.00,52272.00,219.00,12824.00,0.00,499.00,6.00,230.00,263.00,2461.00,18472445.00,3651711.00
1988:Q2,401827.00,80360.00,61008.00,171292.00,110284.00,19352.00,106144.00,86792.00,310120.00,147647.00,105452.00,5561.00,41063.00,184.00,10213.00,0.00,12531.00,12230.00,117.00,184.00,-1185.00,18874272.00,3729950.00
1988:Q3,290989.00,123386.00,58528.00,171256.00,112728.00,64858.00,146255.00,81397.00,141791.00,98058.00,18694.00,-1301.00,38494.00,153.00,-12307.00,0.00,15343.00,15233.00,47.00,63.00,10468.00,19165261.00,3812279.00
1988:Q4,483599.00,137470.00,60754.00,175964.00,115210.00,76716.00,154887.00,78171.00,273510.00,88741.00,147520.00,-869.00,44047.00,-217.00,-5712.00,0.00,16799.00,16123.00,625.00,52.00,55821.00,19648860.00,3887677.00
1989:Q1,440526.00,107640.00,58917.00,175904.00,116987.00,48723.00,75047.00,26324.00,269258.00,92015.00,107606.00,8386.00,44515.00,-52.00,16788.00,0.00,11493.00,11087.00,255.00,152.00,52135.00,20089386.00,3979809.00
1989:Q2,406039.00,64244.00,57181.00,176459.00,119278.00,7062.00,92782.00,85720.00,330956.00,107206.00,134329.00,22752.00,46428.00,138.00,20102.00,0.00,3635.00,3470.00,46.00,119.00,7206.00,20495425.00,4020952.00
1989:Q3,552150.00,102167.00,58313.00,179475.00,121162.00,43854.00,123549.00,79695.00,421000.00,170414.00,190143.00,12408.00,26085.00,156.00,21794.00,0.00,6590.00,6206.00,320.00,65.00,22393.00,21047575.00,4071453.00
1989:Q4,365183.00,149880.00,52144.00,175361.00,123217.00,97736.00,198688.00,100952.00,219278.00,79489.00,82779.00,-506.00,39588.00,22.00,17906.00,0.00,8609.00,8254.00,278.00,78.00,-12585.00,21412758.00,4136348.00
1990:Q1,114705.00,193196.00,57789.00,182501.00,124712.00,135408.00,165021.00,29613.00,-74101.00,66925.00,-125215.00,-13750.00,11860.00,-318.00,-13602.00,0.00,15655.00,15163.00,339.00,154.00,-20045.00,21527463.00,4230723.00
1990:Q2,232535.00,102349.00,49536.00,176672.00,127136.00,52813.00,126608.00,73796.00,125863.00,7379.00,89509.00,12146.00,6514.00,391.00,9924.00,0.00,5442.00,5199.00,96.00,148.00,-1119.00,21759998.00,4294345.00
1990:Q3,-238587.00,151557.00,44639.00,173407.00,128768.00,106919.00,180093.00,73174.00,-403956.00,22556.00,-357739.00,-38278.00,10698.00,-883.00,-40310.00,0.00,6429.00,5939.00,380.00,110.00,7383.00,21521411.00,4349917.00
1990:Q4,450975.00,163068.00,37710.00,168009.00,130299.00,125359.00,189806.00,64448.00,269726.00,-37161.00,257065.00,15236.00,6753.00,275.00,27557.00,0.00,9575.00,9188.00,513.00,-126.00,8605.00,21972386.00,4372030.00
1991:Q1,624953.00,191112.00,32097.00,163999.00,131902.00,159015.00,171105.00,12090.00,413798.00,18112.00,316619.00,28266.00,6120.00,640.00,44040.00,0.00,19349.00,18441.00,605.00,303.00,694.00,22597339.00,4403035.00
1991:Q2,17429.00,45229.00,33200.00,166835.00,133635.00,12029.00,82848.00,70820.00,-38611.00,11464.00,-31994.00,-1.00,-16066.00,149.00,-2163.00,0.00,6160.00,6207.00,-222.00,175.00,4652.00,22614768.00,4457005.00
1991:Q3,249434.00,110062.00,36453.00,171189.00,134736.00,73610.00,124862.00,51252.00,138365.00,-12637.00,143842.00,20944.00,-35618.00,283.00,21551.00,0.00,8480.00,8729.00,-339.00,89.00,-7473.00,22864203.00,4503441.00
1991:Q4,578980.00,154478.00,34781.00,170793.00,136012.00,119697.00,193953.00,74256.00,444637.00,20203.00,387100.00,27141.00,-22445.00,595.00,32043.00,0.00,5073.00,5530.00,-170.00,-287.00,-25207.00,23443183.00,4574456.00
1992:Q1,67067.00,211618.00,41744.00,178428.00,136684.00,169875.00,184064.00,14190.00,-51051.00,54631.00,-84471.00,-7782.00,2754.00,-170.00,-16012.00,0.00,2342.00,2044.00,518.00,-220.00,-95842.00,23510250.00,4701352.00
1992:Q2,83814.00,104349.00,44611.00,182463.00,137852.00,59738.00,108563.00,48826.00,-52153.00,-8885.00,-24389.00,12029.00,-29250.00,-32.00,-1626.00,0.00,7928.00,7983.00,-128.00,74.00,23690.00,23594064.00,4781976.00
1992:Q3,279074.00,134675.00,46189.00,185602.00,139414.00,88486.00,152695.00,64209.00,132363.00,48591.00,64781.00,11926.00,-5114.00,227.00,11952.00,0.00,4095.00,3948.00,81.00,67.00,7940.00,23873138.00,4833466.00
1992:Q4,597485.00,121309.00,50029.00,190976.00,140947.00,71281.00,151644.00,80363.00,403982.00,30425.00,343904.00,11130.00,-12036.00,496.00,30063.00,0.00,5725.00,5599.00,-191.00,317.00,66469.00,24470622.00,4884216.00
1993:Q1,338332.00,149886.00,47914.00,192000.00,144086.00,101972.00,110673.00,8701.00,190621.00,-22091.00,142689.00,27268.00,22801.00,382.00,19572.00,0.00,-1878.00,-1429.00,-114.00,-336.00,-297.00,24808954.00,4940854.00
1993:Q2,263721.00,113925.00,52428.00,197870.00,145442.00,61497.00,132421.00,70925.00,130774.00,51482.00,23628.00,27774.00,23182.00,119.00,4589.00,0.00,11145.00,11294.00,-167.00,18.00,7877.00,25072674.00,4982925.00
1993:Q3,349052.00,112716.00,54994.00,202578.00,147585.00,57723.00,152779.00,95056.00,246333.00,50896.00,116112.00,32746.00,23947.00,438.00,22194.00,0.00,10324.00,10555.00,-80.00,-151.00,-20322.00,25421726.00,5007670.00
1993:Q4,435130.00,106169.00,60890.00,210584.00,149694.00,45279.00,141454.00,96176.00,271426.00,50001.00,178915.00,5619.00,24931.00,285.00,11675.00,0.00,15272.00,14620.00,77.00,575.00,42264.00,25856857.00,5069477.00
1994:Q1,151449.00,236419.00,62636.00,214616.00,151980.00,173784.00,206200.00,32416.00,-117753.00,36000.00,-140905.00,-47607.00,60897.00,-565.00,-25573.00,0.00,2593.00,2494.00,231.00,-133.00,30191.00,26008306.00,5123106.00
1994:Q2,180415.00,107156.00,65908.00,219724.00,153816.00,41249.00,124815.00,83566.00,46017.00,50371.00,-26931.00,-19886.00,45542.00,-76.00,-3003.00,0.00,11265.00,11006.00,175.00,85.00,15976.00,26188721.00,5206218.00
1994:Q3,347701.00,93214.00,65416.00,221548.00,156133.00,27799.00,119177.00,91379.00,233991.00,42481.00,107090.00,26256.00,24374.00,580.00,33209.00,0.00,13881.00,13715.00,-137.00,303.00,6615.00,26536423.00,5274536.00
1994:Q4,253138.00,98912.00,67377.00,226009.00,158632.00,31535.00,152480.00,120945.00,79203.00,27451.00,56122.00,-35171.00,37822.00,-289.00,-6732.00,0.00,1099.00,1105.00,-493.00,487.00,73924.00,26789561.00,5372994.00
1995:Q1,564928.00,162611.00,61176.00,221726.00,160550.00,101435.00,132150.00,30715.00,400126.00,12544.00,254805.00,39978.00,33983.00,1198.00,57618.00,0.00,14355.00,13936.00,-368.00,788.00,-12164.00,27354489.00,5450272.00
1995:Q2,551215.00,92559.00,57532.00,220553.00,163021.00,35027.00,129526.00,94498.00,474373.00,39196.00,268743.00,62135.00,29219.00,2097.00,72983.00,0.00,1737.00,1598.00,217.00,-78.00,-17454.00,27905704.00,5493514.00
1995:Q3,653789.00,102226.00,61703.00,226518.00,164815.00,40523.00,153758.00,113235.00,554578.00,57013.00,320466.00,52798.00,48562.00,1566.00,74174.00,0.00,-3531.00,-3709.00,-111.00,290.00,515.00,28559493.00,5564849.00
1995:Q4,658349.00,158421.00,64349.00,230762.00,166413.00,94071.00,189909.00,95838.00,503447.00,46435.00,345488.00,7471.00,44880.00,796.00,58377.00,0.00,-2033.00,-1232.00,-265.00,-537.00,-1485.00,29217842.00,5621635.00
1996:Q1,641724.00,226434.00,67310.00,235146.00,167836.00,159125.00,208427.00,49302.00,390149.00,66200.00,207374.00,16295.00,42082.00,1052.00,57146.00,0.00,6876.00,7199.00,-591.00,269.00,18264.00,29859566.00,5707244.00
1996:Q2,422781.00,97723.00,73181.00,243260.00,170079.00,24542.00,126550.00,102007.00,301376.00,41140.00,177804.00,45017.00,356.00,876.00,36183.00,0.00,-12265.00,-11562.00,-696.00,-8.00,35946.00,30282346.00,5799819.00
1996:Q3,291963.00,77940.00,73867.00,245413.00,171546.00,4074.00,100351.00,96278.00,217003.00,47929.00,81496.00,24935.00,15501.00,801.00,46341.00,0.00,-1765.00,-1343.00,-280.00,-141.00,-1216.00,30574309.00,5871076.00
1996:Q4,339504.00,151961.00,74280.00,247813.00,173533.00,77681.00,179951.00,102269.00,167618.00,59867.00,-58411.00,50993.00,64065.00,1592.00,49512.00,0.00,-6625.00,-5854.00,-424.00,-347.00,26549.00,30913813.00,5941630.00
1997:Q1,393162.00,121164.00,77809.00,252696.00,174888.00,43355.00,86581.00,43226.00,267716.00,111151.00,24814.00,-9455.00,139381.00,135.00,1690.00,0.00,-2497.00,-2424.00,-514.00,441.00,6779.00,31306975.00,6027734.00
1997:Q2,1445660.00,106304.00,75633.00,252784.00,177151.00,30672.00,131065.00,100393.00,1383347.00,80346.00,894457.00,130037.00,60008.00,4716.00,213783.00,0.00,-18210.00,-17880.00,-667.00,337.00,-25781.00,32752636.00,6094275.00
1997:Q3,1105747.00,144621.00,82999.00,261535.00,178536.00,61622.00,171475.00,109853.00,1009898.00,93797.00,562472.00,101270.00,77776.00,3392.00,171191.00,0.00,-10855.00,-10080.00,-742.00,-33.00,-37918.00,33858382.00,6182668.00
1997:Q4,465799.00,165590.00,86547.00,267148.00,180601.00,79043.00,179505.00,100462.00,316366.00,135692.00,119012.00,-34325.00,124148.00,-269.00,-27892.00,0.00,-8991.00,-7143.00,-1137.00,-712.00,-7166.00,34324182.00,6290720.00
1998:Q1,1802360.00,212424.00,88734.00,271862.00,183128.00,123690.00,179779.00,56089.00,1585244.00,185154.00,891286.00,162756.00,126490.00,5377.00,214181.00,0.00,-13962.00,-12412.00,-1165.00,-385.00,18654.00,36126542.00,6424437.00
1998:Q2,545665.00,150401.00,98554.00,283856.00,185302.00,51847.00,194104.00,142256.00,389563.00,152453.00,184905.00,44334.00,18028.00,959.00,-11116.00,0.00,-13805.00,-12850.00,-1010.00,55.00,19506.00,36672207.00,6525723.00
1998:Q3,-937543.00,178072.00,103611.00,291402.00,187792.00,74461.00,177892.00,103432.00,-1098048.00,193310.00,-902572.00,-178643.00,67850.00,-6505.00,-271489.00,0.00,-14375.00,-13502.00,-815.00,-59.00,-3191.00,35734664.00,6612147.00
1998:Q4,2387857.00,138231.00,113517.00,303913.00,190396.00,24715.00,163179.00,138464.00,2227845.00,201438.00,1392492.00,203785.00,64353.00,9086.00,356690.00,0.00,-13418.00,-13079.00,-794.00,455.00,35199.00,38122521.00,6682773.00
1999:Q1,646202.00,185680.00,111471.00,304084.00,192613.00,74209.00,157184.00,82976.00,439471.00,163572.00,110142.00,21429.00,57128.00,1843.00,85358.00,0.00,-21654.00,-20662.00,-744.00,-248.00,42706.00,38768723.00,6760026.00
1999:Q2,1215065.00,1895.00,119255.00,314611.00,195356.00,-117360.00,30062.00,147422.00,1162097.00,156154.00,724064.00,104385.00,20683.00,4544.00,152267.00,0.00,-11818.00,-11023.00,-1057.00,262.00,62892.00,39983789.00,6812910.00
1999:Q3,-238882.00,98144.00,121151.00,320164.00,199014.00,-23007.00,137529.00,160536.00,-376275.00,232451.00,-480209.00,-98570.00,105455.00,-4073.00,-131329.00,0.00,-11400.00,-10145.00,-1048.00,-207.00,50650.00,39744907.00,6894656.00
1999:Q4,3142739.00,168316.00,120099.00,323014.00,202915.00,48217.00,214935.00,166718.00,2839083.00,228414.00,1834050.00,313619.00,119235.00,14270.00,329494.00,0.00,-13835.00,-14236.00,-431.00,832.00,149174.00,42887646.00,7037580.00
2000:Q1,1335852.00,99246.00,135346.00,342249.00,206903.00,-36099.00,89385.00,125484.00,1537192.00,332193.00,868046.00,131289.00,71495.00,5602.00,128567.00,0.00,-11471.00,-11250.00,-419.00,198.00,-289115.00,44223498.00,7236300.00
2000:Q2,-439163.00,-40311.00,127911.00,339007.00,211096.00,-168222.00,-20340.00,147882.00,-405161.00,344203.00,-590024.00,-124593.00,50946.00,-4397.00,-81295.00,0.00,-4021.00,-3723.00,-547.00,248.00,10330.00,43784335.00,7344901.00
2000:Q3,632499.00,-27706.00,126323.00,341233.00,214910.00,-154028.00,21396.00,175425.00,689160.00,420914.00,27830.00,148.00,216919.00,299.00,23051.00,0.00,-16715.00,-16279.00,-589.00,153.00,-12241.00,44416834.00,7476959.00
2000:Q4,-897618.00,264349.00,125676.00,343374.00,217698.00,138673.00,277379.00,138706.00,-1099082.00,376301.00,-1125508.00,-269164.00,147375.00,-9123.00,-218963.00,0.00,-5935.00,-4755.00,-1077.00,-103.00,-56950.00,43519216.00,7543832.00
2001:Q1,-914088.00,214194.00,126470.00,346829.00,220360.00,87724.00,133425.00,45701.00,-1188575.00,335841.00,-991240.00,-250618.00,46421.00,-11808.00,-317171.00,0.00,-14038.00,-12554.00,-1163.00,-322.00,74332.00,42605128.00,7659062.00
2001:Q2,1237574.00,-3509.00,123241.00,347844.00,224603.00,-126750.00,74616.00,201367.00,1227256.00,285523.00,633263.00,123790.00,59707.00,4438.00,120535.00,0.00,-22008.00,-21246.00,-407.00,-356.00,35835.00,43842702.00,7688956.00
2001:Q3,-1435012.00,84900.00,123149.00,351134.00,227985.00,-38249.00,209671.00,247920.00,-1486790.00,322341.00,-1210960.00,-295244.00,83092.00,-15047.00,-370972.00,0.00,-20956.00,-19840.00,-542.00,-575.00,-12166.00,42407690.00,7876688.00
2001:Q4,1550069.00,151236.00,137196.00,367924.00,230728.00,14039.00,146335.00,132295.00,1442218.00,142086.00,908367.00,195997.00,13996.00,9230.00,172543.00,0.00,-15697.00,-14470.00,-784.00,-443.00,-27688.00,43957759.00,7784367.00
2002:Q1,659542.00,216389.00,134861.00,367123.00,232262.00,81528.00,211462.00,129934.00,455598.00,228683.00,110832.00,-45782.00,89788.00,2209.00,69868.00,0.00,-26935.00,-26930.00,-58.00,53.00,14490.00,44617301.00,7988201.00
2002:Q2,-1035338.00,16796.00,136906.00,372234.00,235328.00,-120110.00,69107.00,189217.00,-989531.00,288649.00,-875474.00,-193418.00,60775.00,-12228.00,-257835.00,0.00,-15145.00,-14146.00,-568.00,-431.00,-47458.00,43581963.00,8090544.00
2002:Q3,-1256682.00,54541.00,139733.00,378715.00,238982.00,-85192.00,109174.00,194366.00,-1226305.00,320795.00,-1095218.00,-244254.00,101351.00,-14036.00,-294943.00,0.00,-15092.00,-14211.00,-811.00,-70.00,-69826.00,42325281.00,8120812.00
2002:Q4,1135328.00,118760.00,134996.00,378309.00,243313.00,-16235.00,250006.00,266241.00,997258.00,299538.00,355958.00,66414.00,138846.00,5437.00,131065.00,0.00,-21407.00,-20353.00,-464.00,-591.00,40718.00,43460609.00,8197205.00
2003:Q1,301553.00,164520.00,135536.00,381394.00,245858.00,28985.00,221523.00,192539.00,95717.00,303876.00,-279125.00,-29031.00,185231.00,-2413.00,-82822.00,0.00,-30702.00,-29115.00,-1288.00,-300.00,72018.00,43762162.00,8278077.00
2003:Q2,1753887.00,10804.00,143541.00,392114.00,248574.00,-132736.00,244780.00,377517.00,1807296.00,292164.00,862876.00,222114.00,122622.00,12768.00,294752.00,0.00,-22631.00,-22415.00,-610.00,394.00,-41582.00,45516049.00,8405182.00
2003:Q3,970861.00,66814.00,157044.00,409259.00,252215.00,-90230.00,165078.00,255308.00,904071.00,364585.00,287030.00,79532.00,106004.00,4354.00,62566.00,0.00,-19590.00,-19878.00,-53.00,342.00,19565.00,46486910.00,8595109.00
2003:Q4,2311572.00,295929.00,160725.00,417481.00,256756.00,135204.00,356018.00,220814.00,1828848.00,432011.00,816816.00,195940.00,104767.00,12562.00,266752.00,0.00,-16272.00,-16578.00,232.00,73.00,203066.00,48798482.00,8664765.00
2004:Q1,2289902.00,360714.00,166030.00,427368.00,261338.00,194685.00,386105.00,191421.00,1140487.00,546991.00,211170.00,91896.00,248368.00,4062.00,38000.00,0.00,-5541.00,-4254.00,-890.00,-397.00,794242.00,51088384.00,8794462.00
2004:Q2,1099027.00,63973.00,171713.00,438491.00,266777.00,-107740.00,213800.00,321541.00,908698.00,645060.00,-32216.00,-6521.00,301275.00,684.00,416.00,0.00,-4652.00,-4250.00,55.00,-457.00,131007.00,52187411.00,8943525.00
2004:Q3,944708.00,130480.00,174137.00,446504.00,272367.00,-43657.00,205941.00,249598.00,849280.00,655140.00,-95225.00,15802.00,336964.00,-786.00,-62616.00,0.00,-31319.00,-30088.00,-884.00,-348.00,-3733.00,53132119.00,9042912.00
2004:Q4,2651917.00,290080.00,179407.00,456002.00,276595.00,110673.00,499992.00,389319.00,2258679.00,646020.00,904957.00,181552.00,249044.00,13330.00,263776.00,0.00,3897.00,4091.00,-295.00,101.00,99261.00,55784036.00,9228235.00
2005:Q1,1087987.00,166599.00,182094.00,463328.00,281234.00,-15495.00,180233.00,195728.00,873372.00,711716.00,86276.00,-83740.00,222118.00,-3830.00,-59168.00,0.00,-6537.00,-6443.00,189.00,-283.00,54552.00,56872023.00,9186561.00
2005:Q2,1526824.00,92373.00,190464.00,477080.00,286616.00,-98091.00,227536.00,325627.00,1432164.00,766452.00,268474.00,6259.00,294903.00,4188.00,91888.00,0.00,-3820.00,-3471.00,-416.00,67.00,6106.00,58398846.00,9320842.00
2005:Q3,1727782.00,2607.00,192790.00,486022.00,293233.00,-190183.00,157492.00,347675.00,1856875.00,771815.00,501987.00,88807.00,335939.00,6272.00,152056.00,0.00,-28795.00,-26869.00,-1689.00,-238.00,-102905.00,60126628.00,9471449.00
2005:Q4,1769780.00,202938.00,183643.00,481712.00,298070.00,19295.00,310438.00,291143.00,1352613.00,718683.00,203680.00,-12375.00,327653.00,3135.00,111837.00,0.00,-7613.00,-7276.00,-668.00,331.00,221842.00,61896408.00,9624378.00
2006:Q1,2068529.00,230971.00,191829.00,493742.00,301913.00,39143.00,351299.00,312156.00,1825007.00,410730.00,948784.00,138761.00,141080.00,7572.00,178081.00,0.00,-8947.00,-8515.00,-594.00,161.00,21498.00,63964938.00,9889811.00
2006:Q2,-129708.00,-21898.00,178303.00,484910.00,306607.00,-200201.00,157108.00,357309.00,-219808.00,-1103.00,-184143.00,-55332.00,106386.00,-3761.00,-81855.00,0.00,-11584.00,-10340.00,-803.00,-442.00,123582.00,63835230.00,9981059.00
2006:Q3,465668.00,-67041.00,167448.00,478101.00,310654.00,-234489.00,95333.00,329822.00,644932.00,-85993.00,350697.00,105110.00,123668.00,6637.00,144813.00,0.00,-9824.00,-9828.00,361.00,-356.00,-102400.00,64300897.00,10081153.00
2006:Q4,1890931.00,151003.00,158777.00,473397.00,314621.00,-7774.00,270305.00,278079.00,1254277.00,-70713.00,839205.00,168481.00,51229.00,12498.00,253577.00,0.00,-17961.00,-18219.00,399.00,-141.00,503612.00,66191828.00,10195524.00
2007:Q1,1048281.00,243032.00,150455.00,467968.00,317513.00,92577.00,281272.00,188695.00,687804.00,-154029.00,547420.00,69025.00,166152.00,2497.00,56739.00,0.00,-13224.00,-13698.00,348.00,126.00,130669.00,67240109.00,10357980.00
2007:Q2,475098.00,-165242.00,143718.00,464497.00,320779.00,-308960.00,-5616.00,303344.00,504056.00,-570751.00,616414.00,198628.00,39234.00,10357.00,210173.00,0.00,-11470.00,-11624.00,95.00,59.00,147754.00,67715207.00,10460499.00
2007:Q3,-42079.00,399871.00,132592.00,456766.00,324175.00,267280.00,521117.00,253837.00,-360219.00,-581802.00,27393.00,86933.00,12352.00,5958.00,88946.00,0.00,-22522.00,-20844.00,-1635.00,-43.00,-59209.00,67673128.00,10547308.00
2007:Q4,-1173814.00,348818.00,118719.00,445495.00,326776.00,230100.00,450051.00,219951.00,-1498617.00,-682624.00,-437658.00,-129128.00,-109449.00,-6803.00,-132955.00,0.00,-11812.00,-9452.00,-1896.00,-464.00,-12204.00,66499314.00,10662159.00
2008:Q1,-2417487.00,424878.00,98316.00,425813.00,327497.00,326563.00,482518.00,155955.00,-2871585.00,-978817.00,-876488.00,-318796.00,-314817.00,-19452.00,-363216.00,0.00,-506.00,1733.00,-2511.00,271.00,29726.00,64081826.00,10831198.00
2008:Q2,-1535446.00,282811.00,87301.00,417394.00,330093.00,195510.00,154918.00,-40592.00,-2018300.00,-1103666.00,-440547.00,-39302.00,-373352.00,-3615.00,-57819.00,0.00,-21021.00,-18880.00,-2157.00,16.00,221065.00,62546381.00,11175407.00
2008:Q3,-2135800.00,487252.00,70798.00,401679.00,330881.00,416454.00,591975.00,175521.00,-2945994.00,-801087.00,-1100701.00,-475426.00,-114418.00,-23899.00,-430463.00,0.00,3938.00,3377.00,756.00,-195.00,319003.00,60410580.00,11029709.00
2008:Q4,-4219977.00,462525.00,36724.00,368706.00,331982.00,425801.00,175037.00,-250764.00,-4531595.00,-1038751.00,-1747549.00,-660523.00,-373275.00,-37027.00,-674470.00,0.00,-16929.00,-18220.00,2565.00,-1274.00,-133978.00,56190603.00,10941369.00
2009:Q1,-1400935.00,432290.00,27936.00,358664.00,330728.00,404354.00,348559.00,-55795.00,-2329265.00,-653769.00,-907832.00,-175935.00,-365098.00,-9797.00,-216834.00,0.00,-22738.00,-22372.00,643.00,-1009.00,518778.00,54789669.00,10858944.00
2009:Q2,930093.00,-40464.00,20409.00,349973.00,329564.00,-60873.00,-33071.00,27802.00,1109186.00,-307361.00,1085296.00,373405.00,-442694.00,19276.00,381264.00,0.00,-6960.00,-5275.00,-785.00,-901.00,-131669.00,55719762.00,10985194.00
2009:Q3,1406747.00,59743.00,32857.00,362291.00,329434.00,26886.00,95787.00,68901.00,1633205.00,-158340.00,1230813.00,416755.00,-314490.00,22550.00,435917.00,0.00,-32790.00,-30320.00,-1705.00,-766.00,-253411.00,57126509.00,10933020.00
2009:Q4,826208.00,255422.00,28573.00,358344.00,329771.00,226849.00,278211.00,51362.00,569745.00,71418.00,234473.00,110043.00,13097.00,6748.00,134268.00,-302.00,15077.00,17216.00,-2823.00,683.00,-14036.00,57952716.00,10992954.00
2010:Q1,1054300.00,327883.00,26930.00,355455.00,328525.00,300953.00,176767.00,-124186.00,673604.00,-41974.00,437686.00,133293.00,-7244.00,6542.00,145756.00,-455.00,-19843.00,-15828.00,-3526.00,-490.00,72656.00,59007016.00,11041455.00
2010:Q2,-979155.00,209355.00,36587.00,364804.00,328217.00,172768.00,169156.00,-3612.00,-1120799.00,41281.00,-755538.00,-283647.00,222400.00,-14894.00,-330093.00,-307.00,-25933.00,-25676.00,-393.00,136.00,-41778.00,58027861.00,11197645.00
2010:Q3,1639247.00,154634.00,31680.00,359993.00,328313.00,122954.00,122407.00,-547.00,1550215.00,-288170.00,1025127.00,350706.00,97713.00,15887.00,349097.00,-144.00,-27121.00,-26934.00,613.00,-800.00,-38481.00,59667109.00,11286659.00
2010:Q4,2432841.00,284979.00,39725.00,368647.00,328923.00,245254.00,285942.00,40688.00,1513014.00,-91601.00,957811.00,208029.00,137344.00,13096.00,288438.00,-104.00,-18244.00,-19877.00,889.00,744.00,653092.00,62099950.00,11425721.00
2011:Q1,1401499.00,304884.00,39046.00,370003.00,330957.00,265838.00,260846.00,-4992.00,1071211.00,-73621.00,645388.00,164647.00,130479.00,8748.00,194551.00,1019.00,4799.00,4003.00,-67.00,863.00,20605.00,63501449.00,11652202.00
2011:Q2,295160.00,407806.00,38358.00,370999.00,332641.00,369448.00,326672.00,-42776.00,-17280.00,-81879.00,39502.00,12657.00,10704.00,212.00,1597.00,-73.00,30319.00,29036.00,727.00,557.00,-125685.00,63796609.00,11751673.00
2011:Q3,-2135379.00,633355.00,40298.00,375865.00,335567.00,593057.00,557506.00,-35551.00,-2513082.00,83848.00,-1563186.00,-537449.00,95542.00,-23898.00,-567877.00,-62.00,628.00,-500.00,577.00,552.00,-256280.00,61661230.00,11876634.00
2011:Q4,1728531.00,319983.00,47106.00,384423.00,337317.00,272877.00,325027.00,52150.00,1492644.00,122593.00,692618.00,214238.00,179360.00,11013.00,272828.00,-7.00,-13376.00,-14885.00,1279.00,230.00,-70720.00,63389761.00,11924909.00
2012:Q1,2482017.00,235696.00,62761.00,400241.00,337480.00,172935.00,190105.00,17170.00,2269288.00,173485.00,1195178.00,398570.00,64902.00,17796.00,419363.00,-6.00,-1079.00,-1344.00,-330.00,595.00,-21888.00,65871778.00,12189994.00
2012:Q2,136333.00,407265.00,61639.00,402084.00,340446.00,345627.00,412852.00,67225.00,-143836.00,421851.00,-426922.00,-133463.00,149293.00,-6404.00,-148148.00,-43.00,-12478.00,-12054.00,-876.00,452.00,-114618.00,66008111.00,12321330.00
2012:Q3,2026746.00,199396.00,64570.00,407832.00,343262.00,134826.00,207275.00,72449.00,1732348.00,417505.00,575080.00,220502.00,283227.00,9746.00,226289.00,0.00,-18186.00,-18459.00,-154.00,427.00,113187.00,68034857.00,12355422.00
2012:Q4,1204828.00,347789.00,70951.00,416805.00,345855.00,276838.00,398644.00,121806.00,834858.00,383170.00,225579.00,28413.00,173376.00,1635.00,22683.00,0.00,-9189.00,-9602.00,687.00,-274.00,31371.00,69239686.00,12748128.00
2013:Q1,2968618.00,459946.00,80873.00,428955.00,348082.00,379072.00,356462.00,-22610.00,2401404.00,486336.00,1155491.00,256669.00,167302.00,12771.00,322834.00,0.00,-13459.00,-12093.00,-723.00,-644.00,120728.00,72208303.00,12259292.00
2013:Q2,1500675.00,203784.00,80007.00,431901.00,351894.00,123777.00,163712.00,39935.00,937398.00,603219.00,100267.00,-41570.00,264993.00,-335.00,10825.00,0.00,-26785.00,-27676.00,112.00,779.00,386277.00,73708979.00,12335893.00
2013:Q3,2468738.00,127257.00,80854.00,435778.00,354924.00,46403.00,185148.00,138745.00,2259909.00,579389.00,828764.00,264300.00,310144.00,10355.00,266957.00,0.00,-27873.00,-29667.00,988.00,805.00,109446.00,76177717.00,12453821.00
2013:Q4,2725910.00,425588.00,79560.00,437801.00,358242.00,346029.00,428424.00,82395.00,2150516.00,446386.00,839029.00,288547.00,223309.00,11947.00,341297.00,0.00,-21852.00,-23978.00,-69.00,2195.00,171658.00,78903627.00,12534347.00
2014:Q1,1205166.00,371334.00,78815.00,439600.00,360785.00,292519.00,296853.00,4334.00,930530.00,258169.00,407114.00,90846.00,77299.00,4200.00,92902.00,0.00,-23651.00,-24507.00,422.00,435.00,-73048.00,80108792.00,12735841.00
2014:Q2,1615791.00,147727.00,88305.00,451363.00,363058.00,59422.00,238021.00,178599.00,1573898.00,236552.00,744256.00,211838.00,159412.00,8039.00,213801.00,0.00,-18027.00,-18845.00,733.00,85.00,-87806.00,81724584.00,12962431.00
2014:Q3,332045.00,151908.00,93202.00,460250.00,367048.00,58706.00,194211.00,135505.00,67966.00,324755.00,-241555.00,-106343.00,164156.00,-2760.00,-70286.00,0.00,-24244.00,-24636.00,19.00,373.00,136415.00,82056629.00,13127448.00
2014:Q4,1827590.00,652661.00,99569.00,470055.00,370487.00,553093.00,651182.00,98089.00,1213405.00,396503.00,432302.00,38303.00,229376.00,5109.00,111812.00,0.00,-33271.00,-33734.00,-167.00,629.00,-5206.00,83884219.00,13265253.00
2015:Q1,1914225.00,579675.00,104817.00,475826.00,371010.00,474859.00,478280.00,3421.00,1358552.00,393482.00,434113.00,40018.00,251267.00,4570.00,235102.00,0.00,-17381.00,-19457.00,1138.00,938.00,-6622.00,85798443.00,13276493.00
2015:Q2,635935.00,1912.00,112699.00,486486.00,373787.00,-110787.00,38895.00,149682.00,324864.00,311352.00,-83453.00,-21731.00,144233.00,-1704.00,-23833.00,0.00,934.00,939.00,-340.00,334.00,308226.00,86434378.00,13464692.00
2015:Q3,-1185524.00,349201.00,115146.00,493813.00,378667.00,234055.00,321468.00,87413.00,-1531764.00,350387.00,-1141766.00,-441941.00,151339.00,-17780.00,-432004.00,0.00,-24547.00,-24722.00,43.00,132.00,21586.00,85248854.00,13611672.00
2015:Q4,2038240.00,415177.00,117307.00,499142.00,381835.00,297870.00,449776.00,151906.00,1451090.00,330294.00,605257.00,148514.00,162784.00,7113.00,197128.00,0.00,-14874.00,-14723.00,265.00,-416.00,186847.00,87287094.00,13726358.00
2016:Q1,602258.00,564797.00,126383.00,502293.00,375910.00,438414.00,452667.00,14253.00,382694.00,293193.00,7798.00,12435.00,42566.00,2091.00,24611.00,0.00,508.00,-450.00,292.00,667.00,-345741.00,87889352.00,13807411.00
2016:Q2,818307.00,88095.00,127619.00,508665.00,381046.00,-39524.00,134746.00,174269.00,975910.00,316150.00,297190.00,111429.00,125188.00,5836.00,120117.00,0.00,-22513.00,-23008.00,-37.00,532.00,-223186.00,88707658.00,13977305.00
2016:Q3,2054443.00,135094.00,130322.00,515486.00,385164.00,4772.00,189205.00,184432.00,1862471.00,405338.00,857590.00,232243.00,128393.00,9039.00,229868.00,0.00,-43244.00,-44063.00,486.00,333.00,100122.00,90762102.00,14128689.00
2016:Q4,2043308.00,325846.00,139283.00,527189.00,387907.00,186563.00,341964.00,155400.00,1173535.00,499146.00,560390.00,-36200.00,92418.00,1028.00,56754.00,0.00,-32630.00,-32644.00,-677.00,691.00,576558.00,92805410.00,14268467.00
