date,FA156902505.A,FA156300003.A,FA156902605.A,FA156025005.A,FA156020001.A,FA156401001.A,FA156240101.A,FA156402101.A,FA156140005.A,FA156402101.A,FA156025105.A,FA156020101.A,FA156401101.A,FA156150105.A,FA156130101.A,FA156120105.A,FA156121101.A,FA156122101.A,FA156130001.A,FA156140005.A,FA156220001.A,FA156404105.A,FA156600001.A,FA156403101.A,FA156403001.A,FA156012095.A,FA156901001.A,FA156006005.A,FA156006315.A,FA156006005.A,FA155440005.A,FA155050905.A,FA155019005.A,FA155012005.A,FA165013005.A,FA156300003.A,FA155420003.A,FA155000905.A,FA155000905.A,FA154090005.A,FA154000005.A,FA153020005.A,FA153030005.A,FA153091003.A,FA313131003.A,FA154022005.A,FA153061105.A,FA153061705.A,FA153062005.A,FA153063005.A,FA154023005.A,FA154041005.A,FA153065005.A,FA153081005.A,FA153064105.A,FA153064205.A,FA153034005.A,FA152090205.A,FA153094305.A,FA153052005.A,FA153076005.A,FA153040005.A,FA153050005.A,FA543195005.A,FA313195105.A,FA163070005.A,FA154190005.A,FA163162003.A,FA154123005.A,FA154141005.A,FA153166000.A,FA153168005.A,FA153169005.A,FA153165005.A,FA543077073.A,FA163170005.A,FA155000005.A,FV158090185.A,FU155111005.A,FV152010005.A,FV158090085.A,FU157005045.A,FR152010085.A,FR155035005.A,FR155111005.A,FR165015205.A,FR165013765.A,FR158080095.A,FR153064105.A,FR153064205.A,FR152090205.A,FR153094305.A,FR153052045.A,FR158200095.A,FC152090005.A,FL152000005.A,FL152010005.A,LM155035005.A,FL155111005.A,FL165015205.A,FL165013765.A,FL154090005.A,FL154000005.A,FL153020005.A,FL153091003.A,FL153030005.A,FL313131003.A,FL154022005.A,FL153061105.A,FL153061705.A,FL153062005.A,FL153063005.A,FL154023005.A,FL154041005.A,FL153065005.A,FL153081005.A,LM153064105.A,LM153064205.A,FL153034005.A,FL152090205.A,FL153094305.A,FL153052005.A,FL153076005.A,FL153040005.A,FL153050005.A,FL543195005.A,FL313195105.A,FL163070005.A,FL152100005.A,FL154190005.A,FL163162003.A,FL154123005.A,FL154141005.A,FL153166000.A,FL153168005.A,FL153169005.A,FL153165005.A,FL543077073.A,FL163170005.A,FL152090005.A
1960,45285.00,8174.00,37111.00,13894.00,13337.00,557.00,5594.00,17624.00,406962.00,17624.00,301851.00,272855.00,28996.00,100435.00,31011.00,69424.00,13366.00,56058.00,12948.00,406962.00,46068.00,24428.00,16444.00,1312.00,787.00,369403.00,331577.00,37826.00,35584.00,37826.00,2242.00,16892.00,25730.00,21952.00,3778.00,8174.00,-664.00,18692.00,18692.00,45343.00,13747.00,1998.00,11936.00,0.00,-187.00,4416.00,610.00,-1234.00,2645.00,2395.00,3180.00,406.00,2774.00,-3611.00,-3773.00,1049.00,0.00,-887.00,0.00,27611.00,148.00,3228.00,23665.00,570.00,0.00,0.00,17848.00,0.00,17546.00,5428.00,4035.00,698.00,695.00,12118.00,192.00,110.00,27495.00,14470.00,5251.00,0.00,416.00,-8803.00,9705.00,9767.00,-48.00,-13.00,-1.00,12855.00,3884.00,159.00,10824.00,0.00,-2012.00,22560.00,72614.00,2292262.00,737552.00,547589.00,185419.00,3760.00,784.00,1554710.00,242887.00,77582.00,0.00,164461.00,844.00,114846.00,72194.00,1033.00,31007.00,10612.00,33623.00,48.00,33575.00,780135.00,364553.00,17026.00,0.00,398556.00,0.00,383219.00,6427.00,85184.00,284547.00,7061.00,0.00,0.00,2292262.00,224550.00,0.00,219861.00,73271.00,61248.00,2122.00,9901.00,146590.00,2379.00,2310.00,2067712.00
1961,48115.00,8496.00,39619.00,14463.00,13862.00,601.00,6193.00,18963.00,422063.00,18963.00,311089.00,280519.00,30570.00,105924.00,33289.00,72635.00,13901.00,58734.00,13913.00,422063.00,47250.00,28089.00,17005.00,1361.00,920.00,386338.00,341967.00,44371.00,41862.00,44371.00,2509.00,15826.00,25084.00,20990.00,4094.00,8496.00,-761.00,26036.00,26036.00,47134.00,17996.00,-264.00,18384.00,0.00,-124.00,1036.00,-250.00,-441.00,1499.00,228.00,2471.00,-788.00,3259.00,-2428.00,-4334.00,1671.00,0.00,235.00,0.00,28059.00,136.00,3447.00,23854.00,622.00,0.00,0.00,18373.00,0.00,18050.00,4866.00,2187.00,880.00,1799.00,13184.00,133.00,190.00,28761.00,5707.00,3048.00,0.00,-67.00,-2725.00,13297.00,13418.00,-91.00,-27.00,-4.00,102142.00,82998.00,4178.00,16991.00,0.00,-2025.00,115438.00,163007.00,2473632.00,769615.00,576368.00,188376.00,3989.00,882.00,1704017.00,260557.00,76992.00,0.00,182845.00,720.00,115882.00,71944.00,592.00,32506.00,10840.00,36094.00,-740.00,36834.00,881874.00,443217.00,22875.00,0.00,415782.00,0.00,409610.00,6563.00,88631.00,306733.00,7683.00,0.00,0.00,2473632.00,242913.00,0.00,237901.00,78127.00,63435.00,2992.00,11700.00,159774.00,2512.00,2500.00,2230719.00
1962,51871.00,8846.00,43025.00,15625.00,14923.00,702.00,6734.00,20666.00,450793.00,20666.00,332912.00,299358.00,33554.00,112478.00,36632.00,75846.00,15027.00,60819.00,15263.00,450793.00,51555.00,28843.00,19117.00,1549.00,1040.00,409473.00,363107.00,46366.00,43728.00,46366.00,2638.00,17089.00,26747.00,22161.00,4587.00,8846.00,-812.00,26639.00,26639.00,50713.00,25426.00,-438.00,25983.00,0.00,-119.00,369.00,1774.00,-357.00,-419.00,-629.00,2048.00,-124.00,2172.00,-5117.00,-6563.00,872.00,0.00,574.00,0.00,27987.00,18.00,3767.00,23522.00,680.00,0.00,0.00,22136.00,0.00,21851.00,6975.00,5909.00,458.00,608.00,14876.00,155.00,130.00,28577.00,437.00,6995.00,0.00,-8496.00,-1938.00,9602.00,10299.00,-662.00,-30.00,-6.00,4766.00,-5424.00,-2838.00,16496.00,0.00,-3468.00,14367.00,58532.00,2554300.00,803569.00,603604.00,194709.00,4245.00,1011.00,1750731.00,286662.00,77233.00,0.00,208828.00,601.00,116251.00,73718.00,235.00,32087.00,10211.00,38142.00,-864.00,39006.00,884990.00,431230.00,20909.00,0.00,432851.00,0.00,424686.00,6581.00,92398.00,317344.00,8363.00,0.00,0.00,2554300.00,265049.00,0.00,259752.00,85102.00,69344.00,3450.00,12308.00,174650.00,2667.00,2630.00,2289251.00
1963,55160.00,9288.00,45872.00,16657.00,15845.00,812.00,7417.00,21798.00,474283.00,21798.00,351178.00,314851.00,36327.00,118248.00,39799.00,78450.00,16236.00,62214.00,16941.00,474283.00,54552.00,30341.00,21669.00,1868.00,1106.00,429165.00,382479.00,46687.00,43802.00,46687.00,2885.00,18625.00,28797.00,24154.00,4643.00,9288.00,-883.00,25177.00,25177.00,58370.00,30695.00,4680.00,26108.00,0.00,-93.00,-1122.00,-826.00,-235.00,7.00,-68.00,1240.00,-282.00,1522.00,-4063.00,-7207.00,971.00,0.00,2173.00,0.00,31620.00,379.00,4237.00,26657.00,347.00,0.00,0.00,28958.00,0.00,28462.00,11067.00,8526.00,347.00,2194.00,17395.00,186.00,310.00,29412.00,12951.00,9267.00,0.00,-551.00,-4235.00,7629.00,6766.00,868.00,-3.00,-2.00,49315.00,45872.00,2939.00,3443.00,0.00,-2939.00,56944.00,113697.00,2696952.00,839163.00,628622.00,204844.00,4529.00,1168.00,1857789.00,317507.00,82063.00,0.00,234936.00,508.00,115129.00,72892.00,0.00,32094.00,10143.00,39382.00,-1146.00,40528.00,933181.00,469895.00,24819.00,0.00,438467.00,0.00,452590.00,6960.00,96635.00,340285.00,8710.00,0.00,0.00,2696952.00,294004.00,0.00,288211.00,96166.00,77870.00,3794.00,14502.00,192045.00,2853.00,2940.00,2402948.00
1964,58727.00,9882.00,48845.00,17868.00,16989.00,879.00,8095.00,22883.00,508193.00,22883.00,376822.00,337788.00,39034.00,127402.00,44303.00,83100.00,18194.00,64906.00,18914.00,508193.00,52069.00,31317.00,22387.00,2187.00,1207.00,466034.00,411191.00,54842.00,51537.00,54842.00,3305.00,19823.00,30670.00,25565.00,5105.00,9882.00,-965.00,31714.00,31714.00,70532.00,32356.00,6323.00,26105.00,0.00,-72.00,3831.00,679.00,245.00,2760.00,147.00,1393.00,-177.00,1570.00,-3637.00,-6969.00,944.00,0.00,2388.00,0.00,36589.00,547.00,4416.00,31116.00,510.00,0.00,0.00,29435.00,0.00,28989.00,11155.00,9482.00,1410.00,263.00,17834.00,186.00,260.00,41097.00,17347.00,11755.00,0.00,-3791.00,-9383.00,13739.00,14960.00,-1199.00,-15.00,-7.00,97302.00,81201.00,2684.00,17297.00,0.00,-3880.00,111041.00,179925.00,2906242.00,884106.00,662499.00,215400.00,4873.00,1334.00,2022136.00,346331.00,84854.00,0.00,261041.00,436.00,118960.00,73571.00,245.00,34854.00,10290.00,41275.00,-823.00,42098.00,1030726.00,544127.00,28447.00,0.00,458152.00,0.00,484844.00,7507.00,101051.00,367066.00,9220.00,0.00,0.00,2906242.00,323369.00,0.00,317130.00,107251.00,87352.00,5134.00,14765.00,209879.00,3039.00,3200.00,2582873.00
1965,63002.00,10662.00,52340.00,19316.00,18338.00,978.00,8819.00,24205.00,548061.00,24205.00,406346.00,363757.00,42589.00,138389.00,48573.00,89816.00,20205.00,69611.00,20879.00,548061.00,57664.00,33913.00,23416.00,2265.00,1300.00,501859.00,443581.00,58278.00,54670.00,58278.00,3608.00,20444.00,32099.00,26231.00,5868.00,10662.00,-993.00,34226.00,34226.00,74841.00,34120.00,6731.00,27473.00,0.00,-84.00,2466.00,1191.00,887.00,1677.00,-1289.00,1026.00,513.00,513.00,-4719.00,-10554.00,2073.00,0.00,3762.00,0.00,41948.00,719.00,4825.00,35662.00,742.00,0.00,0.00,29401.00,0.00,28717.00,10885.00,10137.00,-443.00,1191.00,17832.00,264.00,420.00,45440.00,27341.00,15925.00,0.00,202.00,-11214.00,9920.00,13404.00,-3455.00,-22.00,-8.00,104997.00,82523.00,3890.00,23129.00,0.00,-4545.00,114917.00,196927.00,3132586.00,930935.00,696286.00,227870.00,5257.00,1522.00,2201651.00,380447.00,91581.00,0.00,288514.00,352.00,121426.00,74762.00,1132.00,36531.00,9001.00,42301.00,-310.00,42611.00,1135549.00,616096.00,34410.00,0.00,485043.00,0.00,521928.00,8226.00,105876.00,397864.00,9962.00,0.00,0.00,3132586.00,352786.00,0.00,345863.00,118152.00,97489.00,4707.00,15956.00,227711.00,3303.00,3620.00,2779800.00
1966,68022.00,11533.00,56489.00,21261.00,20056.00,1205.00,9510.00,25719.00,601640.00,25719.00,450285.00,400321.00,49965.00,148128.00,53533.00,94595.00,20670.00,73925.00,22491.00,601640.00,66378.00,37504.00,31336.00,2113.00,1591.00,541952.00,480595.00,61357.00,57471.00,61357.00,3886.00,18578.00,31164.00,25009.00,6154.00,11533.00,-1053.00,38893.00,38893.00,81662.00,20278.00,1874.00,18621.00,0.00,-217.00,15754.00,4318.00,4718.00,4620.00,2098.00,1901.00,245.00,1656.00,-4128.00,-9829.00,2206.00,0.00,3495.00,0.00,47857.00,709.00,4694.00,41602.00,852.00,0.00,0.00,22896.00,0.00,22190.00,8539.00,5933.00,671.00,1935.00,13651.00,356.00,350.00,58766.00,39453.00,17853.00,0.00,1727.00,-19873.00,37599.00,33671.00,3793.00,136.00,-1.00,-37300.00,-58003.00,-2766.00,29999.00,0.00,-6530.00,298.00,97222.00,3253045.00,1005984.00,748935.00,249516.00,5795.00,1738.00,2247061.00,400725.00,93455.00,0.00,307135.00,135.00,137180.00,79080.00,5850.00,41151.00,11099.00,44552.00,-65.00,44617.00,1100652.00,548264.00,33850.00,0.00,518538.00,0.00,563952.00,8935.00,110570.00,433633.00,10814.00,0.00,0.00,3253045.00,376022.00,0.00,368393.00,126691.00,103422.00,5378.00,17891.00,241702.00,3659.00,3970.00,2877023.00
1967,73406.00,12445.00,60961.00,23384.00,21976.00,1408.00,10633.00,26944.00,641415.00,26944.00,482944.00,429009.00,53935.00,155265.00,58373.00,96892.00,21510.00,75382.00,23738.00,641415.00,72961.00,45752.00,34867.00,2262.00,1968.00,579633.00,507412.00,72221.00,68243.00,72221.00,3978.00,18178.00,31684.00,25517.00,6166.00,12445.00,-1061.00,50065.00,50065.00,91138.00,45272.00,10212.00,35170.00,0.00,-110.00,1351.00,-88.00,415.00,-2952.00,3976.00,4348.00,2224.00,2124.00,-11723.00,-13586.00,929.00,0.00,934.00,0.00,51890.00,803.00,4965.00,45222.00,900.00,0.00,0.00,34986.00,0.00,34068.00,17719.00,5145.00,8039.00,4535.00,16349.00,288.00,630.00,56152.00,20737.00,16003.00,0.00,-1353.00,-6087.00,33291.00,26796.00,6402.00,80.00,13.00,174964.00,147450.00,8194.00,23733.00,0.00,-4413.00,208255.00,297235.00,3585127.00,1074443.00,794221.00,271921.00,6317.00,1984.00,2510684.00,446083.00,103753.00,0.00,342305.00,25.00,138540.00,78992.00,6265.00,38208.00,15075.00,48766.00,2159.00,46607.00,1268306.00,682128.00,42973.00,0.00,543205.00,0.00,608989.00,9738.00,115535.00,471818.00,11898.00,0.00,0.00,3585127.00,410869.00,0.00,402322.00,144397.00,108567.00,13404.00,22426.00,257925.00,3947.00,4600.00,3174258.00
1968,79378.00,13640.00,65738.00,26086.00,24616.00,1470.00,11994.00,27658.00,701120.00,27658.00,532101.00,471972.00,60129.00,167189.00,63816.00,103374.00,23535.00,79839.00,25828.00,701120.00,86987.00,53306.00,38695.00,2788.00,2005.00,629527.00,557453.00,72074.00,67986.00,72074.00,4088.00,21136.00,35861.00,29431.00,6430.00,13640.00,-1085.00,46851.00,46851.00,92812.00,39220.00,8983.00,30237.00,0.00,0.00,3911.00,2743.00,-145.00,-1614.00,2927.00,5053.00,2719.00,2334.00,-14381.00,-19745.00,2205.00,0.00,3159.00,0.00,59009.00,929.00,4789.00,52295.00,996.00,0.00,0.00,25047.00,0.00,24142.00,8719.00,10757.00,-6596.00,4558.00,15423.00,355.00,550.00,67765.00,42848.00,20868.00,0.00,1066.00,-20914.00,85498.00,76009.00,9269.00,160.00,60.00,192784.00,152951.00,4351.00,41939.00,0.00,-6457.00,278282.00,389116.00,3999517.00,1200813.00,889605.00,302058.00,6876.00,2274.00,2798704.00,485278.00,112736.00,0.00,372542.00,0.00,142347.00,81735.00,6120.00,36490.00,18002.00,53960.00,4878.00,49082.00,1453165.00,815334.00,49529.00,0.00,588302.00,0.00,663954.00,10667.00,120324.00,520069.00,12894.00,0.00,0.00,3999517.00,436144.00,0.00,426692.00,153452.00,119324.00,6808.00,27320.00,273240.00,4302.00,5150.00,3563373.00
1969,87586.00,15235.00,72351.00,29477.00,27721.00,1756.00,13407.00,29466.00,768064.00,29466.00,586015.00,518333.00,67682.00,181713.00,74507.00,107206.00,24239.00,82967.00,29130.00,768064.00,104506.00,58973.00,44127.00,3331.00,2216.00,679519.00,604489.00,75030.00,70405.00,75030.00,4625.00,22489.00,38477.00,31072.00,7405.00,15235.00,-753.00,47916.00,47916.00,92831.00,6828.00,-1806.00,8634.00,0.00,0.00,30934.00,11431.00,5185.00,10754.00,3564.00,-370.00,-2227.00,1857.00,-14378.00,-17183.00,2666.00,0.00,139.00,0.00,69817.00,1158.00,5038.00,62533.00,1088.00,0.00,0.00,29123.00,0.00,28067.00,9649.00,9907.00,287.00,-545.00,18418.00,386.00,670.00,63708.00,35744.00,19501.00,0.00,451.00,-15792.00,66476.00,58051.00,8154.00,181.00,91.00,-112561.00,-130795.00,-6617.00,34829.00,0.00,-9978.00,-46086.00,60063.00,4087216.00,1308560.00,968674.00,329713.00,7605.00,2568.00,2778656.00,492217.00,110920.00,0.00,381297.00,0.00,173721.00,93166.00,11305.00,47244.00,22006.00,51888.00,2651.00,49237.00,1336196.00,667356.00,45578.00,0.00,623262.00,0.00,724634.00,11825.00,125362.00,573465.00,13982.00,0.00,0.00,4087216.00,463780.00,0.00,453272.00,163563.00,129231.00,7557.00,26775.00,289709.00,4688.00,5820.00,3623436.00
1970,95213.00,16468.00,78744.00,32400.00,30313.00,2087.00,15231.00,31114.00,821061.00,31114.00,625117.00,551560.00,73557.00,196736.00,88411.00,108326.00,24307.00,84019.00,31906.00,821061.00,103070.00,71737.00,46359.00,2926.00,2548.00,743747.00,647692.00,96055.00,91291.00,96055.00,4764.00,20189.00,37500.00,29683.00,7818.00,16468.00,-843.00,71102.00,71102.00,117042.00,49867.00,7639.00,42228.00,0.00,0.00,2145.00,-10125.00,4638.00,-100.00,7732.00,2310.00,913.00,1397.00,-3672.00,-4373.00,1060.00,0.00,-359.00,0.00,66392.00,1415.00,5341.00,58339.00,1297.00,0.00,0.00,18927.00,0.00,17857.00,5678.00,4429.00,-64.00,1313.00,12179.00,430.00,640.00,98115.00,49609.00,14263.00,0.00,8333.00,-27013.00,46594.00,35987.00,10299.00,214.00,95.00,20633.00,-12770.00,-2137.00,31678.00,0.00,3862.00,67228.00,208128.00,4310305.00,1390695.00,1025204.00,354275.00,8354.00,2862.00,2919610.00,542084.00,118559.00,0.00,423525.00,0.00,175866.00,83041.00,15943.00,47144.00,29738.00,53672.00,3564.00,50108.00,1349296.00,650213.00,44501.00,0.00,654582.00,0.00,798692.00,13240.00,130703.00,639470.00,15279.00,0.00,0.00,4310305.00,478741.00,0.00,467163.00,169241.00,133660.00,7493.00,28088.00,297922.00,5118.00,6460.00,3831564.00
1971,105215.00,18224.00,86991.00,35596.00,33084.00,2512.00,16747.00,34648.00,878724.00,34648.00,667031.00,584549.00,82482.00,212631.00,97399.00,115232.00,25027.00,90205.00,35586.00,878724.00,101705.00,85412.00,51176.00,2696.00,2877.00,811074.00,700991.00,110083.00,104286.00,110083.00,5797.00,29196.00,48669.00,40032.00,8637.00,18224.00,-1249.00,75091.00,75091.00,143408.00,81001.00,13491.00,67510.00,0.00,0.00,-3724.00,-8841.00,-1328.00,-1174.00,7619.00,-2992.00,33.00,-3025.00,-3853.00,-5988.00,330.00,0.00,1805.00,0.00,72976.00,1244.00,6352.00,64066.00,1314.00,0.00,0.00,45436.00,0.00,44238.00,19600.00,15583.00,68.00,3949.00,24638.00,318.00,880.00,97972.00,49464.00,19863.00,-50.00,6769.00,-22882.00,79059.00,75093.00,3773.00,112.00,81.00,175932.00,99499.00,8175.00,64546.00,0.00,3712.00,254991.00,408741.00,4764391.00,1517856.00,1127739.00,377911.00,9063.00,3143.00,3246535.00,623085.00,132050.00,0.00,491035.00,0.00,172142.00,74200.00,14615.00,45970.00,37357.00,50938.00,3597.00,47341.00,1517623.00,743724.00,53006.00,0.00,720893.00,0.00,882747.00,14484.00,137055.00,714615.00,16593.00,0.00,0.00,4764391.00,524086.00,0.00,511310.00,189374.00,149243.00,8094.00,32037.00,321936.00,5436.00,7340.00,4240305.00
1972,114806.00,20340.00,94466.00,38946.00,35912.00,3034.00,18061.00,37459.00,966891.00,37459.00,733640.00,638785.00,94856.00,235848.00,106557.00,129291.00,26836.00,102455.00,40056.00,966891.00,123640.00,94808.00,59204.00,3112.00,3339.00,878628.00,769433.00,109195.00,102391.00,109195.00,6804.00,38583.00,60194.00,49450.00,10744.00,20340.00,-1271.00,63809.00,63809.00,157558.00,86993.00,13656.00,73337.00,0.00,0.00,301.00,3172.00,-5732.00,1712.00,1149.00,7.00,-975.00,982.00,-16705.00,-10357.00,-1410.00,0.00,-4938.00,0.00,86962.00,1402.00,6875.00,77165.00,1520.00,0.00,0.00,61420.00,0.00,60040.00,25175.00,19514.00,605.00,5056.00,34865.00,540.00,840.00,96138.00,64820.00,26098.00,-633.00,7026.00,-32329.00,132726.00,127221.00,5493.00,-62.00,74.00,282538.00,188017.00,4787.00,86420.00,0.00,3314.00,415264.00,582476.00,5408203.00,1714193.00,1290675.00,409502.00,10558.00,3458.00,3694010.00,708627.00,144400.00,0.00,564227.00,0.00,172445.00,77357.00,8898.00,47684.00,38506.00,50969.00,2709.00,48260.00,1779835.00,921384.00,56383.00,0.00,802068.00,0.00,982134.00,15886.00,143930.00,804205.00,18113.00,0.00,0.00,5408203.00,585423.00,0.00,571267.00,214466.00,168757.00,8616.00,37093.00,356801.00,5976.00,8180.00,4822780.00
1973,125573.00,23321.00,102252.00,43010.00,39282.00,3728.00,19499.00,39743.00,1081755.00,39743.00,815039.00,708762.00,106277.00,271845.00,120860.00,150985.00,29880.00,121105.00,44871.00,1081755.00,132407.00,108628.00,75496.00,3940.00,3493.00,982927.00,851138.00,131789.00,125188.00,131789.00,6601.00,42035.00,66678.00,55397.00,11281.00,23321.00,-1322.00,83154.00,83154.00,185030.00,72732.00,12109.00,60623.00,0.00,0.00,20076.00,11123.00,-566.00,6556.00,2963.00,737.00,864.00,-127.00,4125.00,-3714.00,-2221.00,0.00,10060.00,0.00,87360.00,1367.00,7348.00,76953.00,1692.00,0.00,0.00,65443.00,400.00,63913.00,23832.00,22459.00,3278.00,-1905.00,40081.00,400.00,730.00,119587.00,24576.00,32050.00,-156.00,-43752.00,-36434.00,155483.00,142551.00,12492.00,163.00,278.00,-98690.00,-223800.00,-10467.00,141879.00,0.00,-6302.00,56794.00,206558.00,5681301.00,1943160.00,1472632.00,454044.00,12517.00,3967.00,3738141.00,777359.00,152509.00,0.00,624850.00,0.00,193417.00,88480.00,8332.00,55136.00,41469.00,50804.00,3573.00,47231.00,1675674.00,693870.00,43695.00,0.00,938109.00,0.00,1040887.00,17253.00,151278.00,852551.00,19805.00,0.00,0.00,5681301.00,651963.00,400.00,636277.00,240197.00,192980.00,11894.00,35323.00,396080.00,6376.00,8910.00,5029338.00
1974,138306.00,27045.00,111261.00,47144.00,42862.00,4282.00,20840.00,43277.00,1179802.00,43277.00,890320.00,772282.00,118038.00,296082.00,142293.00,153789.00,33187.00,120602.00,49877.00,1179802.00,151048.00,128556.00,85181.00,4738.00,3145.00,1073722.00,931994.00,141728.00,135430.00,141728.00,6298.00,33230.00,61715.00,50467.00,11248.00,27045.00,-1440.00,102200.00,102200.00,163989.00,60616.00,5193.00,55423.00,0.00,0.00,33024.00,6553.00,6402.00,7128.00,12941.00,3223.00,-140.00,3363.00,-27210.00,-1214.00,-1401.00,2379.00,-26974.00,0.00,94336.00,1233.00,7121.00,84284.00,1698.00,0.00,0.00,56038.00,900.00,53278.00,15362.00,8946.00,4772.00,1644.00,37916.00,710.00,1150.00,107951.00,28106.00,21366.00,-114.00,1103.00,-5751.00,66520.00,14139.00,50243.00,1749.00,388.00,-124996.00,-247622.00,-10481.00,139952.00,0.00,-6845.00,-58476.00,105060.00,5842216.00,2064399.00,1517696.00,525653.00,16435.00,4615.00,3777817.00,838435.00,157396.00,0.00,681039.00,0.00,226496.00,96253.00,13669.00,62164.00,54410.00,54027.00,3433.00,50594.00,1530274.00,445034.00,31813.00,2379.00,1051048.00,0.00,1128585.00,18486.00,158399.00,930197.00,21503.00,0.00,0.00,5842216.00,707818.00,1300.00,689372.00,255559.00,201926.00,16666.00,36967.00,433813.00,7086.00,10060.00,5134398.00
1975,152958.00,30882.00,122075.00,51965.00,47030.00,4935.00,22898.00,47212.00,1262314.00,47212.00,950175.00,814838.00,135337.00,322190.00,162492.00,159698.00,32922.00,126776.00,57263.00,1262314.00,147607.00,163134.00,89310.00,6844.00,3610.00,1191765.00,1032753.00,159012.00,152564.00,159012.00,6448.00,31777.00,64152.00,53148.00,11005.00,30882.00,-1493.00,120787.00,120787.00,214380.00,82413.00,1287.00,81126.00,0.00,0.00,30298.00,19772.00,-5236.00,5830.00,9932.00,9810.00,1289.00,8521.00,-15960.00,-4488.00,-671.00,1317.00,-12118.00,0.00,107819.00,2059.00,10227.00,93588.00,1945.00,0.00,0.00,58870.00,1400.00,56317.00,16068.00,7770.00,5116.00,3182.00,40249.00,658.00,495.00,155510.00,51804.00,20586.00,0.00,-3506.00,-34723.00,161783.00,128767.00,31719.00,1087.00,211.00,275084.00,144053.00,7607.00,110673.00,0.00,12751.00,436867.00,641235.00,6539409.00,2286480.00,1684206.00,577958.00,19180.00,5136.00,4252929.00,920848.00,158683.00,0.00,762165.00,0.00,250522.00,111787.00,7584.00,66809.00,64342.00,55203.00,4722.00,50481.00,1776647.00,584599.00,38749.00,3696.00,1149603.00,0.00,1249709.00,20545.00,168626.00,1037090.00,23448.00,0.00,0.00,6539409.00,763776.00,2700.00,742777.00,268693.00,206996.00,21548.00,40149.00,474084.00,7744.00,10555.00,5775633.00
1976,166392.00,34318.00,132074.00,57057.00,51474.00,5583.00,25286.00,49731.00,1391677.00,49731.00,1051234.00,899745.00,151489.00,352267.00,173787.00,178480.00,38971.00,139509.00,61556.00,1391677.00,172671.00,177643.00,101334.00,6694.00,4530.00,1297479.00,1150172.00,147307.00,140071.00,147307.00,7236.00,47301.00,82959.00,70896.00,12062.00,34318.00,-1340.00,92770.00,92770.00,224226.00,109121.00,10522.00,98599.00,0.00,0.00,8208.00,-8607.00,2393.00,6050.00,8372.00,4699.00,2702.00,1997.00,-11740.00,4207.00,-2904.00,-315.00,-12728.00,0.00,113938.00,3587.00,9198.00,98828.00,2325.00,0.00,0.00,88493.00,2000.00,85700.00,27505.00,21965.00,-207.00,5747.00,58195.00,631.00,162.00,135733.00,46784.00,32481.00,-60.00,-28599.00,-42962.00,176090.00,150082.00,25072.00,712.00,224.00,295207.00,142358.00,5591.00,142678.00,0.00,4580.00,471297.00,658152.00,7286806.00,2543109.00,1880025.00,635511.00,21838.00,5735.00,4743697.00,1022797.00,169205.00,0.00,853592.00,0.00,262109.00,102741.00,11692.00,72859.00,74817.00,60263.00,7424.00,52839.00,2055507.00,731164.00,41436.00,3381.00,1279526.00,0.00,1343021.00,24132.00,177824.00,1115292.00,25773.00,0.00,0.00,7286806.00,853021.00,4700.00,829229.00,296598.00,228961.00,21741.00,45896.00,532631.00,8375.00,10717.00,6433785.00
1977,181512.00,39616.00,141896.00,62370.00,55923.00,6447.00,27779.00,51747.00,1546496.00,51747.00,1168985.00,994158.00,174827.00,397076.00,198875.00,198201.00,44723.00,153478.00,71312.00,1546496.00,197879.00,189482.00,113094.00,5090.00,5264.00,1424831.00,1276673.00,148158.00,138882.00,148158.00,9276.00,67897.00,108709.00,94480.00,14229.00,39616.00,-1196.00,70986.00,70986.00,239850.00,117201.00,15005.00,102196.00,0.00,0.00,8268.00,2145.00,-3351.00,5958.00,3516.00,406.00,-2080.00,2486.00,-13911.00,-6231.00,416.00,-184.00,-7912.00,0.00,127886.00,4191.00,9984.00,110487.00,3224.00,0.00,0.00,131647.00,3400.00,126963.00,40279.00,35790.00,247.00,4242.00,86684.00,909.00,375.00,108203.00,73821.00,40103.00,-74.00,-3426.00,-37217.00,295199.00,264861.00,29475.00,643.00,220.00,71136.00,-93963.00,-1497.00,171728.00,0.00,-5132.00,366335.00,579038.00,7997122.00,2947307.00,2211304.00,705089.00,24480.00,6434.00,5049815.00,1139272.00,184210.00,0.00,955062.00,0.00,271842.00,104541.00,8372.00,78817.00,80112.00,60722.00,5344.00,55378.00,2117815.00,630970.00,40355.00,3197.00,1443293.00,0.00,1460164.00,28323.00,187808.00,1215036.00,28997.00,0.00,0.00,7997122.00,984299.00,8100.00,955823.00,336508.00,264892.00,21888.00,49728.00,619315.00,9284.00,11092.00,7012823.00
1978,204484.00,46589.00,157895.00,69498.00,62619.00,6879.00,28404.00,59993.00,1749688.00,59993.00,1320225.00,1120570.00,199655.00,453757.00,227454.00,226303.00,50728.00,175575.00,84286.00,1749688.00,229649.00,203427.00,131260.00,6463.00,5932.00,1592737.00,1426174.00,166563.00,159374.00,166563.00,7189.00,78598.00,126537.00,110920.00,15617.00,46589.00,-1349.00,80776.00,80776.00,270123.00,109751.00,16454.00,93297.00,0.00,0.00,25288.00,4245.00,735.00,26851.00,-6543.00,13386.00,5803.00,7583.00,-19272.00,-10342.00,-238.00,5731.00,-14423.00,0.00,140970.00,3901.00,11561.00,122287.00,3221.00,0.00,0.00,164966.00,2600.00,160514.00,53342.00,46413.00,903.00,6026.00,107172.00,1065.00,787.00,105157.00,70416.00,43816.00,0.00,2219.00,-24381.00,338310.00,290305.00,46214.00,1440.00,352.00,270478.00,19334.00,963.00,246158.00,0.00,4023.00,608787.00,838578.00,8998372.00,3408005.00,2577511.00,795119.00,27912.00,7463.00,5590367.00,1249023.00,200664.00,0.00,1048359.00,0.00,300369.00,110309.00,9910.00,104168.00,75982.00,73592.00,11147.00,62445.00,2365164.00,640129.00,41080.00,8928.00,1675027.00,0.00,1602219.00,32224.00,199369.00,1338408.00,32218.00,0.00,0.00,8998372.00,1146972.00,10700.00,1114044.00,388250.00,311305.00,21191.00,55754.00,725794.00,10349.00,11879.00,7851400.00
1979,228893.00,54366.00,174527.00,76926.00,69160.00,7766.00,29237.00,68365.00,1959115.00,68365.00,1481035.00,1253314.00,227721.00,508656.00,261134.00,247521.00,57437.00,190084.00,98940.00,1959115.00,268913.00,227334.00,152749.00,8225.00,5972.00,1767040.00,1589495.00,177545.00,170004.00,177545.00,7541.00,74457.00,130356.00,113630.00,16726.00,54366.00,-1533.00,95547.00,95547.00,289685.00,88841.00,19957.00,68884.00,0.00,0.00,61692.00,46786.00,1231.00,19257.00,-5582.00,12577.00,3252.00,9325.00,-21938.00,-22414.00,-2223.00,30531.00,-27832.00,0.00,148513.00,4798.00,10936.00,129763.00,3016.00,0.00,0.00,166274.00,2900.00,161283.00,44337.00,43311.00,-5077.00,6103.00,116946.00,1343.00,748.00,123411.00,66281.00,38341.00,-286.00,362.00,-27864.00,441650.00,376977.00,62198.00,1874.00,602.00,462473.00,150174.00,5941.00,297287.00,0.00,9071.00,904122.00,1140407.00,10306390.00,3962029.00,3025997.00,895657.00,31525.00,8850.00,6344361.00,1336417.00,220457.00,0.00,1115960.00,0.00,367277.00,155883.00,12500.00,123569.00,75325.00,86010.00,14399.00,71611.00,2789968.00,767889.00,38388.00,39459.00,1944232.00,0.00,1764689.00,37022.00,210305.00,1482128.00,35234.00,0.00,0.00,10306390.00,1314583.00,13600.00,1276664.00,432328.00,354616.00,15841.00,61871.00,844336.00,11692.00,12627.00,8991807.00
1980,260650.00,62193.00,198457.00,86529.00,77844.00,8685.00,31802.00,80126.00,2159965.00,80126.00,1626229.00,1373422.00,252807.00,571573.00,322275.00,249298.00,63973.00,185325.00,117962.00,2159965.00,299512.00,271498.00,166188.00,8630.00,6580.00,1967814.00,1754617.00,213196.00,204418.00,213196.00,8778.00,52995.00,116875.00,98956.00,17919.00,62193.00,-1687.00,151423.00,151423.00,347006.00,134496.00,13092.00,121404.00,0.00,0.00,15615.00,17042.00,6160.00,6411.00,-13998.00,14200.00,7822.00,6378.00,-31318.00,-11875.00,-590.00,24907.00,-43760.00,0.00,214013.00,5093.00,10254.00,196587.00,2079.00,0.00,0.00,113907.00,3100.00,108381.00,17517.00,3428.00,-872.00,14961.00,90864.00,1247.00,1179.00,233099.00,91816.00,17715.00,-101.00,-7474.00,-81676.00,418623.00,337221.00,77519.00,3116.00,767.00,567610.00,260866.00,7852.00,287387.00,0.00,11505.00,986233.00,1282468.00,11714847.00,4451151.00,3413722.00,990891.00,36149.00,10389.00,7263696.00,1475412.00,238047.00,0.00,1237365.00,0.00,390063.00,173868.00,18600.00,130052.00,67543.00,109476.00,22221.00,87255.00,3314313.00,1010470.00,52060.00,64366.00,2187417.00,0.00,1974432.00,42115.00,220559.00,1674445.00,37313.00,0.00,0.00,11714847.00,1440572.00,16700.00,1397127.00,452345.00,358044.00,17469.00,76832.00,944782.00,12939.00,13806.00,10274275.00
1981,293934.00,68466.00,225468.00,96845.00,86915.00,9930.00,35138.00,93485.00,2424193.00,93485.00,1795268.00,1511373.00,283895.00,671935.00,399521.00,272415.00,73630.00,198785.00,136495.00,2424193.00,345780.00,307809.00,195701.00,11175.00,11716.00,2189980.00,1937505.00,252475.00,243213.00,252475.00,9262.00,47130.00,117359.00,97536.00,19823.00,68466.00,-1762.00,196083.00,196083.00,399251.00,112895.00,46342.00,66553.00,0.00,0.00,21545.00,-4960.00,-4062.00,29310.00,1257.00,10942.00,-3862.00,14804.00,61000.00,-41897.00,4492.00,90244.00,8161.00,0.00,192869.00,4680.00,9582.00,175283.00,3324.00,0.00,0.00,102872.00,4400.00,95719.00,27935.00,19838.00,942.00,7155.00,67784.00,1783.00,970.00,296379.00,121615.00,18941.00,0.00,2377.00,-100296.00,398314.00,344249.00,50935.00,2360.00,770.00,73625.00,-63428.00,-3912.00,149525.00,0.00,-8560.00,471938.00,836766.00,12661733.00,4916756.00,3803851.00,1060767.00,40085.00,12053.00,7744977.00,1589707.00,284389.00,0.00,1305318.00,0.00,418750.00,168758.00,14224.00,160269.00,75499.00,119766.00,18359.00,101407.00,3457498.00,905145.00,52640.00,154610.00,2345103.00,0.00,2159256.00,46795.00,230141.00,1841683.00,40637.00,0.00,0.00,12661733.00,1550692.00,21100.00,1500094.00,482780.00,377882.00,20911.00,83987.00,1017314.00,14722.00,14776.00,11111041.00
1982,325563.00,72872.00,252691.00,107323.00,96321.00,11002.00,38375.00,106993.00,2573621.00,106993.00,1894319.00,1587517.00,306802.00,736020.00,464045.00,271975.00,77562.00,194413.00,163710.00,2573621.00,354743.00,343079.00,208894.00,12386.00,13843.00,2351606.00,2073910.00,277696.00,267593.00,277696.00,10103.00,35520.00,110259.00,86832.00,23426.00,72872.00,-1867.00,232073.00,232073.00,390213.00,152610.00,19460.00,133150.00,0.00,0.00,57579.00,19311.00,-3167.00,41926.00,-491.00,22946.00,4954.00,17992.00,-59493.00,-37257.00,3487.00,32102.00,-57825.00,0.00,216571.00,4805.00,7817.00,200089.00,3860.00,0.00,0.00,88501.00,8500.00,78377.00,29085.00,18836.00,1620.00,8629.00,49292.00,793.00,831.00,301712.00,87517.00,18170.00,-309.00,18.00,-69639.00,174948.00,149888.00,23457.00,1092.00,512.00,223451.00,98430.00,8983.00,99395.00,0.00,16643.00,398399.00,753509.00,13488918.00,5148110.00,3989640.00,1102394.00,42671.00,13405.00,8340808.00,1737531.00,303864.00,2427.00,1431240.00,0.00,468336.00,185122.00,13424.00,201050.00,68740.00,134201.00,23313.00,110888.00,3604517.00,966318.00,65110.00,186712.00,2386377.00,0.00,2396223.00,51600.00,237958.00,2062168.00,44497.00,0.00,0.00,13488918.00,1624369.00,29600.00,1563647.00,511554.00,396718.00,22220.00,92616.00,1052093.00,15515.00,15607.00,11864549.00
1983,355774.00,76013.00,279761.00,118128.00,104712.00,13416.00,40932.00,120702.00,2743066.00,120702.00,2013907.00,1677513.00,336394.00,796189.00,501349.00,294839.00,83288.00,211551.00,187731.00,2743066.00,352879.00,370499.00,225953.00,13796.00,15008.00,2533521.00,2286519.00,247002.00,238712.00,247002.00,8290.00,74700.00,152689.00,127164.00,25525.00,76013.00,-1977.00,164012.00,164012.00,468108.00,197588.00,9725.00,187547.00,316.00,0.00,91241.00,42499.00,1348.00,45410.00,1984.00,-494.00,-740.00,246.00,-94263.00,-28146.00,22733.00,-36768.00,-52082.00,0.00,274036.00,12299.00,8779.00,248849.00,4109.00,0.00,0.00,183791.00,11400.00,169366.00,56647.00,48160.00,-1850.00,10337.00,112719.00,584.00,2441.00,284317.00,197316.00,51620.00,-454.00,25845.00,-120305.00,133580.00,111627.00,21021.00,463.00,470.00,296481.00,150401.00,10197.00,111022.00,0.00,24861.00,430061.00,866089.00,14518799.00,5410790.00,4175849.00,1175035.00,45262.00,14644.00,9108009.00,1954062.00,313589.00,6937.00,1633536.00,0.00,553406.00,230680.00,14518.00,246647.00,61561.00,133886.00,22573.00,111313.00,3781595.00,1088573.00,98040.00,149944.00,2445038.00,0.00,2685060.00,63899.00,246737.00,2325818.00,48606.00,0.00,0.00,14518799.00,1788160.00,41000.00,1713013.00,568201.00,444878.00,20370.00,102953.00,1144812.00,16099.00,18048.00,12730639.00
1984,387680.00,80866.00,306814.00,129915.00,113855.00,16060.00,43989.00,132910.00,3061929.00,132910.00,2217403.00,1844914.00,372489.00,921854.00,574845.00,347009.00,90643.00,256366.00,210238.00,3061929.00,377916.00,380909.00,257470.00,19727.00,16923.00,2810256.00,2498156.00,312100.00,303740.00,312100.00,8360.00,95348.00,178391.00,150938.00,27453.00,80866.00,-2177.00,208392.00,208392.00,482583.00,233036.00,13440.00,219598.00,-2.00,0.00,105734.00,56353.00,13186.00,44199.00,-8004.00,6451.00,5324.00,1127.00,-70855.00,-73611.00,19415.00,44374.00,-61033.00,0.00,208217.00,-1378.00,6050.00,199302.00,4243.00,0.00,0.00,223739.00,10171.00,211416.00,76911.00,81706.00,-3486.00,-1309.00,134505.00,-991.00,3143.00,258844.00,140422.00,80072.00,0.00,9898.00,-50453.00,481358.00,466273.00,14473.00,344.00,268.00,72090.00,-4998.00,1563.00,58553.00,0.00,16972.00,553448.00,997609.00,15736180.00,6067092.00,4733715.00,1269579.00,48100.00,15698.00,9669088.00,2187124.00,327033.00,6902.00,1853189.00,0.00,633626.00,277496.00,27522.00,290221.00,38387.00,130906.00,27897.00,103009.00,3765858.00,1009964.00,119018.00,194318.00,2442558.00,0.00,2951574.00,62521.00,252787.00,2583417.00,52849.00,0.00,0.00,15736180.00,2007932.00,51171.00,1920462.00,641814.00,526584.00,13586.00,101644.00,1278648.00,15108.00,21191.00,13728248.00
1985,415804.00,86155.00,329649.00,139539.00,121836.00,17703.00,46690.00,143420.00,3280069.00,143420.00,2388965.00,1982550.00,406415.00,986878.00,615868.00,371010.00,97390.00,273620.00,239194.00,3280069.00,417813.00,403112.00,281370.00,22260.00,18455.00,2987803.00,2722680.00,265123.00,256189.00,265123.00,8934.00,96568.00,185269.00,157065.00,28205.00,86155.00,-2546.00,159621.00,159621.00,539594.00,156242.00,17810.00,137616.00,816.00,0.00,156756.00,11624.00,-7640.00,104787.00,47985.00,26128.00,21871.00,4257.00,-69224.00,-127570.00,74423.00,3394.00,-19471.00,0.00,269692.00,27241.00,11549.00,226821.00,4081.00,0.00,0.00,333506.00,30163.00,300116.00,115193.00,83990.00,5428.00,25775.00,184923.00,101.00,3126.00,206088.00,185501.00,93281.00,-1212.00,46965.00,-46467.00,528362.00,513764.00,14189.00,308.00,101.00,523501.00,344478.00,37774.00,84219.00,0.00,57030.00,1051863.00,1493552.00,17583989.00,6784061.00,5339887.00,1377049.00,50419.00,16706.00,10799928.00,2447233.00,344843.00,7791.00,2094599.00,0.00,777698.00,281176.00,22679.00,394259.00,79584.00,165942.00,49768.00,116174.00,4150925.00,1226872.00,219442.00,197712.00,2506899.00,0.00,3258130.00,89762.00,264336.00,2847102.00,56930.00,0.00,0.00,17583989.00,2362188.00,81334.00,2241328.00,752507.00,610574.00,19014.00,122919.00,1488821.00,15209.00,24317.00,15221801.00
1986,451640.00,93435.00,358205.00,152117.00,132589.00,19528.00,49545.00,156543.00,3479517.00,156543.00,2543844.00,2102335.00,441509.00,1042568.00,649832.00,392737.00,106030.00,286707.00,263438.00,3479517.00,437806.00,428607.00,303438.00,22948.00,22056.00,3167772.00,2898408.00,269364.00,259345.00,269364.00,10019.00,118753.00,215079.00,184430.00,30649.00,93435.00,-2891.00,140591.00,140591.00,619284.00,240513.00,117079.00,122658.00,776.00,0.00,51888.00,-1150.00,2064.00,17869.00,33105.00,5657.00,9229.00,-3572.00,40693.00,-122990.00,130094.00,42111.00,-8522.00,0.00,280533.00,16659.00,18263.00,241522.00,4089.00,0.00,0.00,267276.00,-2962.00,269290.00,65249.00,55781.00,-1529.00,10997.00,204041.00,-1324.00,2272.00,352008.00,367897.00,108676.00,0.00,47805.00,-211417.00,408258.00,370227.00,36578.00,1412.00,42.00,527524.00,391287.00,26207.00,105217.00,0.00,4813.00,935782.00,1563024.00,19412190.00,7422348.00,5827688.00,1522302.00,54289.00,18069.00,11989842.00,2683810.00,461922.00,8753.00,2213135.00,0.00,820897.00,271219.00,23654.00,411316.00,114708.00,171599.00,58997.00,112602.00,4733328.00,1495169.00,375743.00,236701.00,2625715.00,0.00,3580208.00,106421.00,282599.00,3130169.00,61019.00,0.00,0.00,19412190.00,2627366.00,78372.00,2508520.00,816256.00,666355.00,17485.00,132416.00,1692264.00,13885.00,26589.00,16784824.00
1987,495315.00,101821.00,393494.00,171035.00,149141.00,21894.00,54103.00,168356.00,3713480.00,168356.00,2724310.00,2256267.00,468044.00,1095824.00,668290.00,427534.00,112150.00,315384.00,275010.00,3713480.00,489587.00,447913.00,323113.00,20228.00,24789.00,3344132.00,3092051.00,252081.00,241505.00,252081.00,10576.00,130476.00,235541.00,200228.00,35313.00,101821.00,-3244.00,111030.00,111030.00,509401.00,146053.00,-659.00,146843.00,-131.00,0.00,174484.00,31753.00,4889.00,107030.00,30812.00,-6000.00,-18831.00,12831.00,-89454.00,-130299.00,47612.00,21580.00,-28347.00,0.00,284318.00,23024.00,24941.00,231038.00,5315.00,0.00,0.00,253158.00,-299.00,247566.00,19643.00,32285.00,385.00,-13027.00,227923.00,1208.00,4683.00,256243.00,335629.00,100901.00,0.00,89514.00,-145213.00,384848.00,353802.00,29460.00,1079.00,507.00,250766.00,107985.00,-24126.00,141855.00,0.00,25052.00,635614.00,1212748.00,20848956.00,8040295.00,6308877.00,1652663.00,58600.00,20155.00,12808661.00,2822829.00,460886.00,9759.00,2352184.00,0.00,1001565.00,312806.00,35600.00,520819.00,132340.00,158917.00,41088.00,117829.00,4867789.00,1472855.00,397429.00,258281.00,2739223.00,0.00,3905743.00,129445.00,307540.00,3402424.00,66334.00,0.00,51818.00,20848956.00,2851383.00,78073.00,2714989.00,832630.00,698640.00,17870.00,116120.00,1882359.00,15093.00,43228.00,17997573.00
1988,546782.00,109884.00,436898.00,193107.00,169431.00,23676.00,57713.00,186078.00,4037902.00,186078.00,2950040.00,2439782.00,510258.00,1193407.00,710249.00,483158.00,129743.00,353415.00,291622.00,4037902.00,505939.00,476864.00,361482.00,20596.00,26305.00,3641636.00,3346892.00,294744.00,283630.00,294744.00,11114.00,135734.00,249033.00,210839.00,38194.00,109884.00,-3414.00,147896.00,147896.00,523798.00,167595.00,-396.00,167079.00,912.00,0.00,140801.00,76410.00,17970.00,58577.00,-12156.00,6976.00,3984.00,2992.00,-137009.00,-117530.00,-3657.00,17611.00,-33433.00,0.00,342563.00,14692.00,27772.00,293833.00,6266.00,0.00,2872.00,277178.00,1491.00,272622.00,52468.00,46566.00,380.00,5522.00,220154.00,449.00,2616.00,246620.00,271462.00,104051.00,0.00,68688.00,-98724.00,486404.00,441232.00,43592.00,1019.00,562.00,609790.00,410941.00,17617.00,175876.00,0.00,5357.00,1096194.00,1651287.00,22785622.00,8763201.00,6876569.00,1800306.00,63306.00,23020.00,14022421.00,3009153.00,460490.00,10708.00,2537955.00,0.00,1204559.00,398038.00,55224.00,590828.00,160469.00,165390.00,45072.00,120318.00,5335213.00,1766266.00,411389.00,275892.00,2881666.00,0.00,4253416.00,144137.00,335651.00,3701028.00,72600.00,0.00,54690.00,22785622.00,3136762.00,79564.00,2995812.00,882648.00,745206.00,18250.00,119192.00,2113164.00,15542.00,45844.00,19648860.00
1989,592436.00,118237.00,474199.00,211746.00,184718.00,27028.00,62521.00,199933.00,4345198.00,199933.00,3142567.00,2583051.00,559516.00,1321181.00,794802.00,526379.00,157797.00,368582.00,318482.00,4345198.00,567734.00,521070.00,385231.00,23171.00,27146.00,3909328.00,3592816.00,316511.00,305724.00,316511.00,10787.00,129012.00,251054.00,209149.00,41906.00,118237.00,-3806.00,176713.00,176713.00,490067.00,87970.00,1694.00,85511.00,765.00,0.00,107684.00,45588.00,24186.00,29983.00,7927.00,18190.00,10193.00,7997.00,-53920.00,-123252.00,26946.00,78574.00,-36188.00,0.00,324187.00,11818.00,29335.00,277736.00,5298.00,0.00,5956.00,292691.00,3151.00,272193.00,40099.00,46979.00,-9545.00,2665.00,232094.00,829.00,16518.00,197375.00,187355.00,96343.00,-3258.00,73608.00,-20662.00,479451.00,449124.00,29016.00,898.00,413.00,791368.00,514857.00,43040.00,156617.00,0.00,76854.00,1270818.00,1763898.00,24834722.00,9464624.00,7444347.00,1925665.00,68558.00,26054.00,15370098.00,3097594.00,462190.00,11874.00,2623530.00,0.00,1297514.00,399863.00,78611.00,619514.00,199526.00,183580.00,55265.00,128315.00,5989902.00,2177525.00,461721.00,350131.00,3000525.00,0.00,4740863.00,155955.00,365250.00,4141760.00,77898.00,0.00,60646.00,24834722.00,3421964.00,82715.00,3260516.00,934847.00,809285.00,8705.00,116857.00,2325669.00,16371.00,62362.00,21412758.00
1990,642455.00,125126.00,517329.00,233655.00,203054.00,30601.00,66509.00,217165.00,4598799.00,217165.00,3342670.00,2741199.00,601471.00,1376579.00,823059.00,553520.00,168824.00,384696.00,337614.00,4598799.00,594668.00,574674.00,410108.00,22193.00,29816.00,4161074.00,3825627.00,335448.00,319693.00,335448.00,15755.00,110454.00,239875.00,194687.00,45188.00,125126.00,-4295.00,209239.00,209239.00,661528.00,40076.00,-11539.00,50205.00,1410.00,0.00,215747.00,96359.00,35623.00,35880.00,47885.00,20506.00,9586.00,10920.00,31409.00,-56786.00,28865.00,38923.00,20407.00,0.00,347920.00,14384.00,27023.00,300946.00,5567.00,0.00,5871.00,241031.00,2979.00,226882.00,19608.00,15106.00,887.00,3615.00,207274.00,88.00,11082.00,420497.00,285303.00,77949.00,0.00,-3905.00,-211259.00,96799.00,59698.00,35489.00,1327.00,285.00,-142166.00,-136379.00,-24646.00,35825.00,0.00,-16966.00,-45367.00,559628.00,25664546.00,9746913.00,7604464.00,2039103.00,74319.00,29027.00,15917633.00,3137656.00,450651.00,13427.00,2673578.00,0.00,1535570.00,509197.00,121823.00,655388.00,249162.00,204085.00,64851.00,139234.00,5892985.00,1981360.00,465940.00,389054.00,3056631.00,0.00,5080819.00,170339.00,391738.00,4435277.00,83465.00,0.00,66517.00,25664546.00,3692159.00,85694.00,3516562.00,954455.00,824391.00,9592.00,120472.00,2562107.00,16459.00,73444.00,21972386.00
1991,683950.00,130594.00,553356.00,252425.00,218326.00,34099.00,71474.00,229456.00,4713064.00,229456.00,3451998.00,2814478.00,637520.00,1377089.00,806037.00,571052.00,180170.00,390882.00,345479.00,4713064.00,588901.00,650507.00,430182.00,17636.00,36085.00,4326039.00,3960154.00,365885.00,351433.00,365885.00,14452.00,95822.00,230675.00,183356.00,47320.00,130594.00,-4260.00,255611.00,255611.00,572768.00,-26818.00,54379.00,-82225.00,1028.00,0.00,59889.00,11496.00,-5337.00,35045.00,18685.00,32506.00,30610.00,1896.00,161540.00,25510.00,90729.00,17980.00,27321.00,0.00,341507.00,4836.00,25172.00,305614.00,5885.00,0.00,4144.00,208418.00,3817.00,196266.00,13009.00,-8810.00,-1852.00,23671.00,183257.00,-722.00,9057.00,364351.00,122114.00,39363.00,-1176.00,-24812.00,-108739.00,76204.00,37143.00,38907.00,-126.00,280.00,921046.00,815567.00,76350.00,-68009.00,0.00,97138.00,997249.00,1470797.00,27347360.00,9957796.00,7729317.00,2117373.00,78767.00,32339.00,17389564.00,3110853.00,505030.00,14565.00,2591258.00,0.00,1563743.00,523066.00,104808.00,687041.00,248828.00,236591.00,95461.00,141130.00,6878090.00,2822437.00,633019.00,407034.00,3015600.00,0.00,5529625.00,175175.00,418577.00,4846523.00,89350.00,0.00,70661.00,27347360.00,3904177.00,89511.00,3716428.00,967464.00,815581.00,7740.00,144143.00,2748964.00,15737.00,82501.00,23443183.00
1992,728684.00,136268.00,592416.00,273018.00,234772.00,38246.00,73853.00,245544.00,5000453.00,245544.00,3671132.00,2965541.00,705592.00,1428246.00,793893.00,634353.00,189051.00,445301.00,344469.00,5000453.00,612802.00,731750.00,454951.00,16287.00,39054.00,4641683.00,4215655.00,426028.00,420348.00,426028.00,5680.00,124761.00,265292.00,215864.00,49428.00,136268.00,-4264.00,295587.00,295587.00,596967.00,-2246.00,111475.00,-114894.00,1173.00,0.00,69532.00,97261.00,17904.00,-41387.00,-4246.00,-16707.00,-9913.00,-6794.00,155779.00,28018.00,140708.00,-42633.00,29686.00,0.00,388118.00,9791.00,28612.00,341235.00,8480.00,0.00,2491.00,207587.00,2380.00,200455.00,20787.00,9188.00,6989.00,4610.00,179669.00,25.00,4727.00,389380.00,153860.00,56405.00,-9790.00,13452.00,-93793.00,144852.00,124762.00,19573.00,280.00,238.00,308380.00,299825.00,27303.00,-43646.00,0.00,24898.00,453231.00,1027440.00,28582386.00,10274255.00,7961945.00,2193351.00,82840.00,36119.00,18308131.00,2996321.00,616505.00,15600.00,2364216.00,0.00,1669828.00,633394.00,123316.00,642789.00,270329.00,219884.00,85548.00,134336.00,7275823.00,3112850.00,801030.00,364401.00,2997542.00,0.00,6073124.00,184966.00,447710.00,5342618.00,97830.00,0.00,73152.00,28582386.00,4111764.00,91891.00,3916883.00,988251.00,824769.00,14729.00,148753.00,2928633.00,15762.00,87228.00,24470622.00
1993,781051.00,145728.00,635323.00,291410.00,250280.00,41130.00,73751.00,270162.00,5218996.00,270162.00,3820671.00,3079341.00,741331.00,1469255.00,784758.00,684496.00,204734.00,479762.00,341092.00,5218996.00,648755.00,778935.00,477425.00,14054.00,47169.00,4838635.00,4470998.00,367638.00,351083.00,367638.00,16555.00,140999.00,291019.00,242941.00,48078.00,145728.00,-4292.00,210085.00,210085.00,537327.00,-72650.00,51076.00,-122646.00,-1080.00,0.00,31398.00,38317.00,-70508.00,-47486.00,111074.00,18499.00,26763.00,-8264.00,135093.00,-95305.00,187808.00,-3073.00,45663.00,0.00,420744.00,5699.00,35879.00,371564.00,7602.00,0.00,4244.00,270857.00,1061.00,261304.00,94189.00,61400.00,8844.00,23945.00,167116.00,506.00,7986.00,266470.00,161135.00,73766.00,-1622.00,32606.00,-56386.00,165151.00,130288.00,35040.00,-283.00,106.00,708865.00,461344.00,93407.00,94860.00,0.00,59254.00,874016.00,1386234.00,30241845.00,10651510.00,8225897.00,2302157.00,85115.00,38341.00,19590335.00,2924964.00,667581.00,15757.00,2241626.00,0.00,1737155.00,668515.00,53234.00,596799.00,418607.00,238383.00,112311.00,126072.00,8059591.00,3478889.00,1082245.00,361328.00,3137129.00,0.00,6552847.00,190665.00,484813.00,5771937.00,105432.00,0.00,77396.00,30241845.00,4384988.00,92952.00,4180554.00,1082439.00,886169.00,23573.00,172697.00,3098115.00,16268.00,95214.00,25856857.00
1994,832440.00,155284.00,677156.00,307628.00,264345.00,43283.00,77172.00,292356.00,5496322.00,292356.00,4010130.00,3236589.00,773541.00,1543052.00,795148.00,747904.00,235217.00,512687.00,349216.00,5496322.00,693072.00,815708.00,508180.00,13255.00,51594.00,5072439.00,4741020.00,331419.00,315953.00,331419.00,15466.00,166146.00,325974.00,276952.00,49022.00,155284.00,-4543.00,149806.00,149806.00,602672.00,-52781.00,-31147.00,-24728.00,3094.00,0.00,363144.00,183745.00,126652.00,-29152.00,81899.00,-5027.00,3434.00,-8461.00,-75158.00,-123756.00,-7354.00,11937.00,44015.00,0.00,367911.00,6603.00,35885.00,317372.00,8051.00,0.00,4583.00,328306.00,3186.00,320168.00,154451.00,134999.00,9394.00,10058.00,165717.00,529.00,4423.00,274366.00,346456.00,93661.00,-4778.00,133013.00,-124560.00,185142.00,156304.00,28319.00,-223.00,742.00,85154.00,-4624.00,-76408.00,168635.00,0.00,-2449.00,270296.00,932704.00,31502173.00,11089861.00,8537120.00,2424137.00,87566.00,41038.00,20412312.00,2872290.00,636434.00,18847.00,2217009.00,0.00,2236574.00,890451.00,212720.00,584451.00,548952.00,232997.00,115745.00,117252.00,8064335.00,3350509.00,998483.00,373265.00,3342078.00,0.00,6924137.00,197268.00,520348.00,6093038.00,113483.00,0.00,81979.00,31502173.00,4712612.00,96138.00,4500040.00,1236208.00,1021168.00,32285.00,182755.00,3263832.00,16797.00,99637.00,26789561.00
1995,885734.00,164822.00,720912.00,324187.00,278543.00,45644.00,77533.00,319193.00,5789416.00,319193.00,4202649.00,3418022.00,784627.00,1657477.00,857006.00,800472.00,257987.00,542485.00,389903.00,5789416.00,748406.00,864727.00,532800.00,18728.00,54565.00,5337099.00,4984177.00,352923.00,334015.00,352923.00,18907.00,148610.00,318235.00,266594.00,51641.00,164822.00,-4803.00,185405.00,185405.00,605342.00,82126.00,-49873.00,127434.00,4565.00,0.00,-22014.00,-10092.00,25988.00,-82951.00,45041.00,21745.00,29778.00,-8033.00,125296.00,-41752.00,49353.00,98825.00,18870.00,0.00,394277.00,9557.00,40183.00,336518.00,8019.00,0.00,3912.00,334286.00,221.00,323237.00,169753.00,146990.00,18511.00,4252.00,153484.00,718.00,10110.00,271056.00,151214.00,94535.00,-1219.00,-27753.00,-85651.00,165715.00,155187.00,10593.00,-527.00,462.00,1777337.00,1189502.00,162382.00,156644.00,0.00,268809.00,1943052.00,2428281.00,34264742.00,11497298.00,8834680.00,2529265.00,90118.00,43235.00,22767444.00,2954498.00,586561.00,23356.00,2344581.00,0.00,2165245.00,844973.00,227307.00,490640.00,602325.00,254742.00,145523.00,109219.00,9697694.00,4498259.00,1210218.00,472090.00,3517127.00,0.00,7609374.00,206825.00,566188.00,6714859.00,121502.00,0.00,85891.00,34264742.00,5046900.00,96359.00,4823279.00,1405963.00,1168160.00,50796.00,187007.00,3417316.00,17515.00,109747.00,29217842.00
1996,931560.00,172679.00,758881.00,339663.00,292390.00,47273.00,80007.00,339211.00,6133138.00,339211.00,4422109.00,3616470.00,805640.00,1786196.00,875309.00,910887.00,302175.00,608712.00,414378.00,6133138.00,837083.00,906325.00,555078.00,22878.00,56898.00,5613282.00,5268069.00,345213.00,322103.00,345213.00,23110.00,176703.00,354027.00,299200.00,54827.00,172679.00,-4645.00,145400.00,145400.00,615278.00,111712.00,-41713.00,141060.00,12365.00,0.00,36895.00,-16869.00,105818.00,-44028.00,-8027.00,37575.00,45666.00,-8091.00,43238.00,-145469.00,162898.00,28796.00,-2987.00,0.00,378880.00,2753.00,40137.00,328188.00,7802.00,0.00,6979.00,349857.00,6081.00,333743.00,125315.00,105718.00,-10113.00,29710.00,208428.00,791.00,9242.00,265422.00,311499.00,110225.00,0.00,81252.00,-120022.00,201359.00,215137.00,-11560.00,-1992.00,-227.00,861010.00,408263.00,137240.00,122004.00,0.00,193503.00,1062369.00,1695971.00,36323072.00,11985981.00,9221345.00,2627930.00,91444.00,45262.00,24337091.00,3065791.00,544831.00,35469.00,2485491.00,0.00,2282024.00,899121.00,348671.00,455236.00,578996.00,292317.00,191189.00,101128.00,10341407.00,4756067.00,1450356.00,498840.00,3636144.00,0.00,8262327.00,209578.00,610646.00,7312799.00,129304.00,0.00,93226.00,36323072.00,5409259.00,102440.00,5169783.00,1531293.00,1273878.00,40683.00,216732.00,3638491.00,18306.00,118730.00,30913813.00
1997,984339.00,182134.00,802205.00,358223.00,308723.00,49501.00,82895.00,361087.00,6545521.00,361087.00,4714693.00,3876844.00,837849.00,1911203.00,921566.00,989637.00,337927.00,651710.00,441461.00,6545521.00,931820.00,935418.00,587241.00,19446.00,68414.00,5912910.00,5560721.00,352190.00,325216.00,352190.00,26974.00,193585.00,380550.00,312475.00,68075.00,182134.00,-4831.00,131631.00,131631.00,568627.00,107972.00,-40965.00,142404.00,6533.00,0.00,-79107.00,-135672.00,63333.00,14532.00,-21300.00,22292.00,29966.00,-7674.00,78275.00,-170504.00,198123.00,69793.00,-19137.00,0.00,431721.00,2000.00,46343.00,372713.00,10665.00,0.00,7474.00,353934.00,7131.00,336953.00,117538.00,70287.00,9835.00,37416.00,219415.00,335.00,9515.00,214693.00,148378.00,127581.00,0.00,-62265.00,-83062.00,380434.00,420986.00,-37526.00,-3059.00,33.00,2556341.00,1600755.00,187527.00,401313.00,0.00,366746.00,2936775.00,3410369.00,40087375.00,12688382.00,9826911.00,2717985.00,94610.00,48876.00,27398993.00,3162309.00,503866.00,37179.00,2621264.00,0.00,2160938.00,801718.00,397986.00,444226.00,517008.00,314609.00,221155.00,93454.00,12609277.00,6191067.00,1831257.00,568633.00,4018320.00,0.00,9051161.00,211578.00,664963.00,8034651.00,139969.00,0.00,100700.00,40087375.00,5763193.00,109571.00,5506736.00,1648831.00,1344165.00,50518.00,254148.00,3857906.00,18641.00,128245.00,34324182.00
1998,1049472.00,194532.00,854940.00,384958.00,330048.00,54910.00,84431.00,385551.00,7052807.00,385551.00,5077827.00,4181616.00,896211.00,2052739.00,988193.00,1064547.00,355442.00,709105.00,463310.00,7052807.00,1032420.00,957915.00,624651.00,25995.00,71296.00,6308350.00,5903029.00,405321.00,372928.00,405321.00,32393.00,234868.00,435294.00,355020.00,80274.00,194532.00,-5893.00,138060.00,138060.00,714954.00,111593.00,24848.00,86199.00,546.00,0.00,38275.00,-58039.00,85563.00,-2219.00,12969.00,67457.00,72565.00,-5108.00,-19668.00,-231108.00,149549.00,98961.00,-37071.00,0.00,507431.00,-1046.00,44382.00,453808.00,10287.00,0.00,9867.00,440241.00,11758.00,422223.00,110733.00,97107.00,-7576.00,21202.00,311491.00,-1414.00,7674.00,274713.00,376369.00,167608.00,0.00,72108.00,-136653.00,676795.00,732356.00,-51842.00,-3784.00,66.00,2372247.00,1566111.00,232233.00,276720.00,0.00,297183.00,3049042.00,3798339.00,44325956.00,13777896.00,10787649.00,2833751.00,103614.00,52882.00,30548060.00,3270429.00,528714.00,37725.00,2703990.00,0.00,2179723.00,747465.00,469053.00,438843.00,524362.00,382066.00,293720.00,88346.00,14664672.00,7526071.00,2213039.00,667594.00,4257969.00,0.00,9940602.00,210532.00,718262.00,8861552.00,150256.00,0.00,110567.00,44325956.00,6203435.00,121329.00,5928960.00,1759563.00,1441272.00,42942.00,275349.00,4169397.00,17227.00,135919.00,38122521.00
1999,1122065.00,210937.00,911128.00,407552.00,347309.00,60243.00,87325.00,416252.00,7435362.00,416252.00,5410309.00,4458005.00,952304.00,2095315.00,984380.00,1110935.00,346399.00,764535.00,486514.00,7435362.00,1112116.00,992202.00,661285.00,33973.00,77822.00,6610313.00,6307024.00,303290.00,267022.00,303290.00,36268.00,256443.00,473962.00,388206.00,85756.00,210937.00,-6583.00,10580.00,10580.00,539710.00,76846.00,-19724.00,93636.00,2934.00,0.00,-33524.00,-10394.00,75290.00,16285.00,-114705.00,64359.00,57716.00,6643.00,35673.00,-94983.00,97236.00,101380.00,-67960.00,0.00,393438.00,67.00,49013.00,332997.00,11361.00,0.00,2918.00,557651.00,10413.00,539326.00,156816.00,112351.00,-25905.00,70370.00,382510.00,2136.00,5776.00,-17941.00,492434.00,213404.00,-1269.00,308820.00,28521.00,721883.00,780590.00,-56066.00,-3280.00,638.00,3283786.00,2188048.00,340862.00,302502.00,0.00,452374.00,4005669.00,4765125.00,49648779.00,14967264.00,11804387.00,2991089.00,114287.00,57501.00,34681515.00,3354002.00,508967.00,40659.00,2804376.00,0.00,2397303.00,825419.00,579484.00,501151.00,491249.00,446425.00,351436.00,94989.00,17530926.00,9619135.00,2651137.00,768974.00,4491679.00,0.00,10839375.00,210599.00,783859.00,9682923.00,161994.00,0.00,113485.00,49648779.00,6761134.00,131742.00,6468262.00,1918677.00,1553622.00,19336.00,345719.00,4549585.00,19435.00,141695.00,42887646.00
2000,1202740.00,230063.00,972677.00,434884.00,371417.00,63467.00,90314.00,447480.00,8038869.00,447480.00,5856580.00,4825865.00,1030716.00,2275520.00,1071323.00,1204197.00,383329.00,820868.00,540710.00,8038869.00,1236556.00,1044876.00,705840.00,42434.00,83724.00,7100059.00,6792389.00,307669.00,272029.00,307669.00,35640.00,266228.00,503105.00,408163.00,94942.00,230063.00,-6814.00,5802.00,5802.00,367820.00,190961.00,-103568.00,286917.00,7612.00,0.00,-52542.00,-206404.00,29933.00,17939.00,105990.00,112021.00,111202.00,819.00,-335296.00,-554840.00,77383.00,161646.00,-19485.00,0.00,442576.00,-747.00,42858.00,393585.00,6880.00,0.00,10100.00,587497.00,5759.00,575486.00,180704.00,176545.00,-4394.00,8553.00,394782.00,125.00,6127.00,-219677.00,-324428.00,246685.00,0.00,-345634.00,225478.00,1435470.00,1473610.00,-36006.00,-2631.00,496.00,-751501.00,-819656.00,-262321.00,486735.00,0.00,-156259.00,683969.00,631570.00,50877719.00,16915383.00,13524230.00,3201768.00,127346.00,62039.00,33962336.00,3522072.00,405349.00,48271.00,3068452.00,0.00,2257560.00,589317.00,617851.00,488397.00,561995.00,558446.00,462638.00,95808.00,16332335.00,7974639.00,2466199.00,932567.00,4958930.00,0.00,11168339.00,209852.00,819098.00,9970515.00,168874.00,0.00,123585.00,50877719.00,7358504.00,137501.00,7053621.00,2110481.00,1741267.00,14942.00,354272.00,4943140.00,19560.00,147822.00,43519216.00
2001,1279381.00,250179.00,1029202.00,453423.00,386739.00,66684.00,95325.00,480454.00,8308003.00,480454.00,6046546.00,4954436.00,1092110.00,2347757.00,1073341.00,1274416.00,369155.00,905262.00,566754.00,8308003.00,1239323.00,1145830.00,733196.00,46769.00,89801.00,7438282.00,7103108.00,335174.00,304833.00,335174.00,30341.00,276875.00,534871.00,435737.00,99135.00,250179.00,-7818.00,27958.00,27958.00,564047.00,356002.00,74619.00,280978.00,405.00,0.00,-152145.00,-94929.00,-133408.00,51343.00,24848.00,47787.00,42115.00,5672.00,-198336.00,-440820.00,98308.00,164111.00,-19934.00,0.00,509856.00,12511.00,74093.00,416714.00,6538.00,0.00,884.00,627283.00,13827.00,614900.00,96544.00,150559.00,-16146.00,-37870.00,518356.00,-443.00,-1001.00,-63236.00,212300.00,230676.00,-1989.00,74807.00,91193.00,1013092.00,1085791.00,-68109.00,-2895.00,-1695.00,-1091681.00,-660569.00,-226075.00,203215.00,0.00,-408252.00,-78590.00,438543.00,51943547.00,18432970.00,14864696.00,3364335.00,140185.00,63754.00,33510577.00,3878074.00,479968.00,48676.00,3349430.00,0.00,2058517.00,439975.00,417671.00,543112.00,657759.00,606233.00,504753.00,101480.00,15448326.00,6873677.00,2336419.00,1096678.00,5141552.00,0.00,11394958.00,222363.00,880004.00,10117179.00,175412.00,0.00,124469.00,51943547.00,7985787.00,151328.00,7668521.00,2207025.00,1891827.00,-1204.00,316402.00,5461496.00,19117.00,146821.00,43957759.00
2002,1357192.00,266619.00,1090573.00,489062.00,412097.00,76965.00,102963.00,498549.00,8410259.00,498549.00,6141911.00,4996411.00,1145500.00,2329010.00,993022.00,1335988.00,398629.00,937360.00,559211.00,8410259.00,1054665.00,1250485.00,751497.00,34195.00,99465.00,7789312.00,7384051.00,405261.00,376204.00,405261.00,29057.00,305178.00,580124.00,473891.00,106233.00,266619.00,-8327.00,71026.00,71026.00,639748.00,292306.00,-15751.00,306796.00,1261.00,0.00,37256.00,-130751.00,-142847.00,95301.00,215553.00,-53424.00,-60139.00,6715.00,-177532.00,-151867.00,77224.00,-31523.00,-71366.00,0.00,536405.00,21556.00,59529.00,445106.00,10214.00,0.00,4736.00,779758.00,12569.00,748880.00,33178.00,105180.00,-24003.00,-47999.00,715702.00,886.00,17423.00,-140010.00,-31794.00,238767.00,0.00,-59525.00,211036.00,1059086.00,1137665.00,-75640.00,-1901.00,-1039.00,-1900645.00,-1503901.00,-417040.00,390760.00,0.00,-370463.00,-841559.00,-497150.00,52226156.00,20035510.00,16285100.00,3527462.00,155868.00,67080.00,32190646.00,4166899.00,464217.00,49937.00,3652745.00,0.00,1996370.00,270518.00,251062.00,609085.00,865705.00,552809.00,444614.00,108195.00,13744259.00,5221556.00,1996603.00,1065155.00,5460946.00,0.00,11601103.00,243919.00,920915.00,10235274.00,185626.00,15369.00,129205.00,52226156.00,8765546.00,163897.00,8417402.00,2240204.00,1997008.00,-25207.00,268403.00,6177198.00,20003.00,164244.00,43460609.00
2003,1427047.00,290784.00,1136263.00,517718.00,432480.00,85238.00,108796.00,509749.00,8717553.00,509749.00,6364463.00,5137847.00,1226616.00,2389827.00,989524.00,1400303.00,432253.00,968050.00,546485.00,8717553.00,1005323.00,1321063.00,779256.00,26260.00,105195.00,8175102.00,7765530.00,409573.00,396449.00,409573.00,13124.00,354616.00,653864.00,541874.00,111989.00,290784.00,-8463.00,41833.00,41833.00,987400.00,273123.00,-31427.00,301646.00,2904.00,0.00,-51214.00,16256.00,122608.00,27664.00,-217741.00,83390.00,79564.00,3826.00,56545.00,-97224.00,212768.00,-112994.00,53995.00,0.00,621150.00,22865.00,64966.00,499801.00,13907.00,19611.00,4406.00,1046177.00,13806.00,1024828.00,146748.00,105925.00,8007.00,32816.00,878080.00,943.00,6600.00,-58776.00,394687.00,239693.00,0.00,255603.00,100609.00,1303442.00,1392637.00,-87985.00,-1719.00,509.00,3243295.00,1687597.00,468555.00,518624.00,0.00,568519.00,4546737.00,5337872.00,58640965.00,21933150.00,18010638.00,3679170.00,171754.00,71588.00,36707815.00,4523654.00,457884.00,52841.00,4012929.00,0.00,2142649.00,419251.00,388697.00,626175.00,708526.00,636199.00,524178.00,112021.00,16475580.00,6811929.00,2677925.00,952161.00,6033565.00,0.00,12796123.00,266784.00,1013152.00,11281674.00,199533.00,34980.00,133611.00,58640965.00,9842484.00,177703.00,9472318.00,2407352.00,2102932.00,3200.00,301220.00,7064966.00,21619.00,170844.00,48798482.00
2004,1510889.00,323375.00,1187514.00,545600.00,452197.00,93403.00,114679.00,527235.00,9244756.00,527235.00,6739534.00,5421933.00,1317601.00,2537478.00,942948.00,1594530.00,562072.00,1032457.00,559491.00,9244756.00,1050612.00,1404558.00,829178.00,16771.00,116849.00,8669446.00,8260017.00,409429.00,408065.00,409429.00,1364.00,433836.00,765938.00,643850.00,122088.00,323375.00,-8727.00,-25770.00,-25770.00,1305839.00,404610.00,-58174.00,453861.00,8923.00,0.00,195418.00,-14154.00,122097.00,144233.00,-56757.00,125904.00,116959.00,8945.00,-105236.00,-247772.00,126913.00,-54834.00,70457.00,0.00,675550.00,23627.00,29910.00,593175.00,11446.00,17392.00,9592.00,1151878.00,14381.00,1118150.00,178993.00,117186.00,-20023.00,81830.00,939157.00,1506.00,17841.00,153961.00,1457959.00,254822.00,-12040.00,1035445.00,-179731.00,2455597.00,2493211.00,-34500.00,-2014.00,-1100.00,2663933.00,988686.00,282730.00,1135651.00,0.00,256866.00,5119530.00,6985554.00,66803658.00,25065121.00,20900695.00,3899492.00,189433.00,75501.00,41738537.00,4941335.00,399710.00,61764.00,4479861.00,0.00,3095254.00,472782.00,440576.00,1522624.00,659272.00,762103.00,641137.00,120966.00,18770819.00,7552843.00,3087568.00,897327.00,7233082.00,0.00,14025823.00,290411.00,1060352.00,12411709.00,210979.00,52372.00,143203.00,66803658.00,11019622.00,202496.00,10605316.00,2586345.00,2220119.00,-16823.00,383049.00,8018971.00,23125.00,188685.00,55784036.00
2005,1599539.00,362085.00,1237454.00,563363.00,466233.00,97130.00,120706.00,553385.00,9733116.00,553385.00,7086801.00,5691959.00,1394842.00,2722230.00,1089442.00,1632788.00,578311.00,1054477.00,629299.00,9733116.00,1213227.00,1491020.00,873345.00,25713.00,126055.00,9037221.00,8794110.00,243111.00,265007.00,243111.00,-21895.00,493813.00,864984.00,738897.00,126087.00,362085.00,-9086.00,-228806.00,-228806.00,875699.00,369859.00,-113820.00,481596.00,2083.00,0.00,63441.00,-132010.00,105447.00,113003.00,-22999.00,-2906.00,-9031.00,6125.00,-192939.00,-376007.00,192079.00,43815.00,-52826.00,0.00,628364.00,25572.00,12482.00,557836.00,9458.00,23016.00,9881.00,1160173.00,14446.00,1130691.00,69212.00,100436.00,304.00,-31528.00,1061479.00,939.00,14097.00,-284474.00,379106.00,252363.00,-50369.00,232779.00,55668.00,2921901.00,2968666.00,-44058.00,-2583.00,-123.00,2546359.00,1060418.00,-1049.00,1180613.00,0.00,306378.00,5468260.00,6112373.00,74075125.00,28684482.00,24291116.00,4107797.00,206077.00,79492.00,45390643.00,5311478.00,285890.00,63847.00,4961741.00,0.00,3376778.00,419282.00,559126.00,1636866.00,761504.00,759197.00,632106.00,127091.00,20793402.00,8237253.00,3278598.00,941142.00,8336409.00,0.00,14996704.00,315983.00,1082599.00,13305434.00,217300.00,75388.00,153084.00,74075125.00,12178716.00,216942.00,11736007.00,2655557.00,2320555.00,-16519.00,351521.00,9080450.00,22985.00,202782.00,61896408.00
2006,1689412.00,396202.00,1293211.00,590906.00,490939.00,99967.00,130835.00,571469.00,10437484.00,571469.00,7502337.00,6057402.00,1444935.00,3071622.00,1216104.00,1855517.00,723673.00,1131845.00,707944.00,10437484.00,1357059.00,1593114.00,922591.00,21476.00,137035.00,9635389.00,9303995.00,331394.00,314825.00,331394.00,16569.00,453783.00,860094.00,722731.00,137363.00,396202.00,-10110.00,-138957.00,-138957.00,874045.00,451396.00,-40214.00,485511.00,6099.00,0.00,-140741.00,-97130.00,-37764.00,58270.00,-64117.00,64218.00,83560.00,-19342.00,-122363.00,-495534.00,160773.00,217890.00,-5493.00,0.00,613395.00,4564.00,50330.00,525654.00,14766.00,18081.00,8141.00,1277366.00,16442.00,1243876.00,228761.00,120107.00,44245.00,64409.00,1015115.00,568.00,16480.00,-403321.00,524502.00,239623.00,0.00,549243.00,264364.00,204605.00,252920.00,-46902.00,-637.00,-777.00,3251487.00,1954543.00,357020.00,422363.00,0.00,517562.00,3456092.00,4295420.00,79667173.00,29583754.00,24974406.00,4300518.00,226007.00,82823.00,50083419.00,5789118.00,239419.00,69946.00,5479753.00,0.00,3342261.00,332271.00,581898.00,1694014.00,734078.00,892267.00,784518.00,107749.00,23885689.00,10195742.00,3831697.00,1104972.00,8753279.00,0.00,16012859.00,320547.00,1055178.00,14311599.00,232066.00,93469.00,161225.00,79667173.00,13475345.00,233384.00,12999146.00,2903581.00,2456716.00,30935.00,415930.00,10095565.00,23553.00,219262.00,66191828.00
2007,1749624.00,413741.00,1335883.00,616769.00,515955.00,100814.00,135113.00,584002.00,10936657.00,584002.00,7898262.00,6395168.00,1503094.00,3234589.00,1351493.00,1883096.00,816515.00,1066581.00,780196.00,10936657.00,1493194.00,1697482.00,961398.00,30607.00,149841.00,10060313.00,9750507.00,309805.00,302991.00,309805.00,6814.00,311217.00,736130.00,582263.00,153868.00,413741.00,-11173.00,-8226.00,-8226.00,1246823.00,425272.00,-75028.00,482524.00,17776.00,0.00,490896.00,-41222.00,321217.00,25478.00,185423.00,217620.00,232587.00,-14967.00,-452808.00,-902498.00,257773.00,238595.00,-46678.00,0.00,555872.00,6708.00,9971.00,499864.00,15545.00,23784.00,9971.00,965827.00,22415.00,924532.00,178117.00,150616.00,-9142.00,36643.00,746415.00,1043.00,17837.00,280996.00,730499.00,231139.00,0.00,210138.00,-289222.00,-2048234.00,-1989206.00,-55618.00,-3088.00,-322.00,1322229.00,753569.00,225458.00,108290.00,0.00,234912.00,-726005.00,307486.00,80912432.00,28078563.00,23269083.00,4476039.00,245798.00,87643.00,52833869.00,6209317.00,153391.00,87722.00,5968204.00,0.00,3951468.00,193723.00,795846.00,1779955.00,1181944.00,1109887.00,1017105.00,92782.00,24521754.00,10046813.00,4314928.00,1343567.00,8816446.00,0.00,16870247.00,327255.00,1077158.00,15080879.00,247611.00,137344.00,171196.00,80912432.00,14413118.00,255799.00,13895624.00,3084246.00,2609880.00,21793.00,452573.00,10811378.00,24596.00,237099.00,66499314.00
2008,1855251.00,414565.00,1440686.00,658212.00,549919.00,108293.00,143214.00,639261.00,11247656.00,639261.00,8078257.00,6531869.00,1546388.00,3303642.00,1363015.00,1940628.00,805439.00,1135189.00,773504.00,11247656.00,1507806.00,1919953.00,988237.00,36623.00,157830.00,10550359.00,10013647.00,536712.00,529046.00,536712.00,7666.00,154875.00,580437.00,425287.00,155150.00,414565.00,-10997.00,374172.00,374172.00,1404449.00,417074.00,176635.00,258269.00,-17830.00,0.00,811072.00,166688.00,289405.00,52825.00,302154.00,-145440.00,-161015.00,15575.00,-308349.00,-208229.00,-28596.00,234548.00,-306072.00,0.00,622574.00,11022.00,56998.00,510468.00,17584.00,26502.00,7518.00,40120.00,10658.00,2053.00,-115546.00,34304.00,4636.00,-154486.00,117599.00,3186.00,24223.00,1364329.00,1564237.00,134563.00,-8316.00,447833.00,-990157.00,-3956839.00,-3922321.00,-31990.00,-1347.00,-1182.00,-8445154.00,-4165285.00,-1494046.00,-1175862.00,0.00,-1609961.00,-12401993.00,-10308710.00,70517478.00,24403526.00,19469293.00,4578612.00,263997.00,91624.00,46113952.00,6591342.00,295026.00,69892.00,6226424.00,0.00,5093048.00,156919.00,1009741.00,1918190.00,2008198.00,964406.00,856090.00,108316.00,17380477.00,5673299.00,2792285.00,1578115.00,7336778.00,0.00,15905965.00,337277.00,1050163.00,14089484.00,265195.00,163846.00,178714.00,70517478.00,14326874.00,266457.00,13771313.00,2968700.00,2644184.00,26429.00,298087.00,10802613.00,27782.00,261322.00,56190603.00
2009,1913615.00,403268.00,1510346.00,686629.00,566132.00,120497.00,152399.00,671318.00,10643370.00,671318.00,7786972.00,6251396.00,1535577.00,2901862.00,1265481.00,1636382.00,553741.00,1082641.00,716783.00,10643370.00,1152263.00,2108840.00,964407.00,38695.00,159845.00,10514389.00,9846970.00,667419.00,695807.00,667419.00,-28388.00,55185.00,468146.00,321050.00,147096.00,403268.00,-9693.00,640623.00,640623.00,689486.00,197073.00,100692.00,103549.00,-7168.00,0.00,35393.00,506818.00,-708263.00,155135.00,81703.00,-28982.00,-47366.00,18384.00,-53688.00,-13286.00,333777.00,-267791.00,-107584.00,1196.00,540451.00,8735.00,20597.00,486127.00,8425.00,16567.00,-761.00,92270.00,6851.00,48577.00,-27595.00,-94595.00,28339.00,38661.00,76172.00,-4928.00,41770.00,597216.00,130847.00,50255.00,0.00,123999.00,43407.00,-1095463.00,-1048051.00,-40751.00,-4669.00,-1992.00,2030922.00,1642750.00,724267.00,-1109185.00,-302.00,773392.00,935459.00,1762113.00,72079109.00,23414620.00,18458204.00,4588116.00,271906.00,96394.00,48664489.00,6773882.00,395716.00,62724.00,6315442.00,0.00,4921034.00,835831.00,299337.00,1990992.00,1794874.00,937746.00,811046.00,126700.00,18645851.00,7352763.00,3850330.00,1310324.00,6131540.00,894.00,17208023.00,346012.00,1109537.00,15298441.00,273620.00,180413.00,177953.00,72079109.00,14126392.00,273308.00,13527138.00,2876256.00,2555390.00,-15882.00,336748.00,10650882.00,22854.00,303092.00,57952716.00
2010,1928794.00,400485.00,1528309.00,696448.00,577314.00,119134.00,152788.00,679073.00,10889532.00,679073.00,7961448.00,6377525.00,1583923.00,2900229.00,1196230.00,1703999.00,544617.00,1159382.00,651217.00,10889532.00,1239251.00,2281740.00,984108.00,42951.00,158663.00,10832201.00,10202195.00,630007.00,650594.00,630007.00,-20587.00,43413.00,452375.00,318287.00,134088.00,400485.00,-8478.00,607181.00,607181.00,754271.00,208322.00,39022.00,164753.00,4547.00,0.00,-93019.00,318453.00,3984.00,70336.00,-485792.00,17123.00,11698.00,5425.00,-23034.00,-225098.00,214257.00,-183415.00,167267.00,3955.00,638612.00,-35234.00,7315.00,626932.00,17115.00,22484.00,6267.00,-87657.00,-1263.00,-59818.00,99643.00,-28134.00,50141.00,77636.00,-159461.00,2645.00,-29221.00,841928.00,971746.00,86866.00,0.00,650133.00,-234747.00,-471606.00,-380464.00,-88314.00,-2417.00,-411.00,2996500.00,1665086.00,408382.00,450213.00,-1010.00,473829.00,2524893.00,4147233.00,75963257.00,23071194.00,18102642.00,4586668.00,280125.00,101759.00,52892063.00,6932894.00,423456.00,67271.00,6442167.00,0.00,4835823.00,1098517.00,274300.00,2069199.00,1393807.00,954871.00,822746.00,132125.00,21160550.00,8792751.00,4472968.00,1126909.00,6764083.00,3839.00,18823705.00,310778.00,1137483.00,16881812.00,290735.00,202897.00,184220.00,75963257.00,13863307.00,272045.00,13291892.00,3122623.00,2647203.00,61036.00,414384.00,10169269.00,25499.00,273871.00,62099950.00
2011,1974359.00,398234.00,1576125.00,723941.00,597032.00,126909.00,154944.00,697240.00,11566031.00,697240.00,8269030.00,6633159.00,1635871.00,3207916.00,1232916.00,1975000.00,682245.00,1292755.00,608154.00,11566031.00,1453166.00,2310220.00,917798.00,50242.00,156091.00,11399437.00,10689304.00,710134.00,708107.00,710134.00,2027.00,45823.00,451898.00,321137.00,130761.00,398234.00,-7842.00,662284.00,662284.00,1470052.00,660287.00,300201.00,369997.00,-9911.00,0.00,73185.00,-185841.00,88207.00,-15556.00,186375.00,-95.00,-6188.00,6093.00,106708.00,-253167.00,148336.00,-20504.00,231543.00,501.00,615604.00,27572.00,69930.00,484808.00,14763.00,18531.00,14363.00,-31169.00,-7480.00,-43213.00,18800.00,111064.00,-54884.00,-37380.00,-62013.00,-466.00,19990.00,1501221.00,525842.00,118984.00,0.00,-432079.00,-838937.00,73312.00,50941.00,17654.00,2515.00,2201.00,-17449.00,-185678.00,-145907.00,416085.00,877.00,-102826.00,55863.00,1289811.00,77080103.00,23306994.00,18181364.00,4723306.00,292961.00,109363.00,53773109.00,7585919.00,716500.00,57360.00,6812059.00,0.00,4296784.00,671062.00,292014.00,1961032.00,1372676.00,954776.00,816558.00,138218.00,21363130.00,8400109.00,4432646.00,1106034.00,7419124.00,5217.00,19373918.00,338350.00,1199263.00,17309379.00,305498.00,221428.00,198583.00,77080103.00,13690342.00,264565.00,13106883.00,3146805.00,2758267.00,11534.00,377004.00,9960078.00,25033.00,293861.00,63389761.00
2012,2029372.00,404585.00,1624787.00,759152.00,624736.00,134416.00,155986.00,709649.00,12268957.00,709649.00,8609898.00,6930266.00,1679632.00,3526749.00,1290137.00,2236613.00,834937.00,1401676.00,577339.00,12268957.00,1511400.00,2323598.00,951575.00,42740.00,174997.00,11997324.00,11050627.00,946697.00,951751.00,946697.00,-5054.00,92866.00,505322.00,367913.00,137410.00,404585.00,-7872.00,858885.00,858885.00,1208876.00,584147.00,179777.00,412250.00,-7880.00,0.00,-70812.00,222620.00,-68156.00,-121752.00,-103524.00,17576.00,30455.00,-12879.00,209565.00,-182724.00,304349.00,1841.00,89509.00,-3409.00,459394.00,-17669.00,-30486.00,495959.00,-1757.00,13346.00,9006.00,278650.00,-13895.00,284756.00,341048.00,164087.00,110822.00,66139.00,-56292.00,632.00,7157.00,930226.00,246448.00,167055.00,-20869.00,28921.00,-71341.00,1355079.00,1396011.00,-41458.00,-674.00,1200.00,3296647.00,1568915.00,514021.00,670799.00,-49.00,542960.00,4651726.00,5849925.00,83005996.00,24898970.00,19632383.00,4848903.00,301784.00,115900.00,58107026.00,8111321.00,882654.00,49480.00,7179187.00,0.00,4109611.00,915711.00,197597.00,1818635.00,1177668.00,961289.00,835950.00,125339.00,24324641.00,9786300.00,5251016.00,1107875.00,8177691.00,1759.00,20392575.00,320681.00,1186353.00,18347026.00,303741.00,234774.00,207589.00,83005996.00,13766310.00,250670.00,13188957.00,3426133.00,2920354.00,62636.00,443143.00,9762824.00,25665.00,301018.00,69239686.00
2013,2084251.00,427690.00,1656561.00,779807.00,641683.00,138124.00,157748.00,719007.00,12519339.00,719007.00,8842447.00,7116684.00,1725763.00,3507241.00,1262960.00,2244281.00,794447.00,1449834.00,549356.00,12519339.00,1677834.00,2386885.00,1104606.00,41093.00,183588.00,11981288.00,11361174.00,620114.00,600127.00,620114.00,19987.00,135564.00,571202.00,433396.00,137806.00,427690.00,-7948.00,464563.00,464563.00,1133746.00,346239.00,132953.00,210687.00,2599.00,0.00,-422635.00,-28019.00,-29797.00,-53993.00,-310826.00,55501.00,57276.00,-1775.00,579101.00,137555.00,230893.00,30370.00,182042.00,-1759.00,569899.00,37824.00,11952.00,507547.00,419.00,12157.00,5641.00,238465.00,-14440.00,255489.00,241500.00,175845.00,28189.00,37466.00,13989.00,3025.00,-5609.00,895281.00,1404557.00,185731.00,0.00,788108.00,-430718.00,2025362.00,2115330.00,-93413.00,308.00,3136.00,5633896.00,2923551.00,767946.00,965748.00,0.00,976651.00,7659258.00,9663941.00,92820289.00,27244265.00,21865430.00,4941221.00,311621.00,125993.00,65576024.00,8457590.00,1015607.00,52079.00,7389904.00,0.00,4311375.00,1140374.00,265942.00,1827378.00,1077681.00,1016790.00,893226.00,123564.00,29565440.00,12847406.00,6249855.00,1138245.00,9329935.00,0.00,22011599.00,358505.00,1233043.00,19868960.00,304160.00,246931.00,213230.00,92820289.00,13916662.00,236230.00,13356333.00,3667633.00,3096199.00,90825.00,480609.00,9688700.00,28690.00,295409.00,78903627.00
2014,2165161.00,456271.00,1708890.00,811469.00,669248.00,142221.00,159617.00,737804.00,13181424.00,737804.00,9253442.00,7476329.00,1777113.00,3739888.00,1302272.00,2437616.00,926082.00,1511534.00,549709.00,13181424.00,1786993.00,2494921.00,1154875.00,45461.00,190552.00,12589388.00,11863366.00,726022.00,716418.00,726022.00,9604.00,146526.00,610811.00,473769.00,137042.00,456271.00,-8014.00,569891.00,569891.00,1380267.00,505079.00,73162.00,438286.00,-6369.00,0.00,-42029.00,-226646.00,105277.00,-58996.00,138336.00,45601.00,47588.00,-1987.00,524347.00,167912.00,241689.00,-25552.00,140298.00,0.00,340365.00,-8403.00,35129.00,297450.00,5811.00,10378.00,6904.00,416527.00,-6682.00,415167.00,376079.00,221792.00,121079.00,33208.00,39088.00,1226.00,6816.00,963740.00,577567.00,213363.00,0.00,-29644.00,-393848.00,1116786.00,1215979.00,-101722.00,1008.00,1522.00,2569821.00,1342118.00,234644.00,630243.00,0.00,362817.00,3686607.00,4980592.00,98172283.00,28718808.00,23212688.00,5052862.00,320424.00,132834.00,69453475.00,9025488.00,1088769.00,45710.00,7891009.00,0.00,3979202.00,838178.00,299192.00,1689185.00,1152647.00,1062391.00,940814.00,121577.00,32299339.00,14357435.00,6726188.00,1112693.00,10103023.00,0.00,22866921.00,350102.00,1282760.00,20666779.00,309971.00,257309.00,220134.00,98172283.00,14288064.00,229548.00,13726375.00,4043712.00,3317991.00,211904.00,513817.00,9682663.00,29916.00,302225.00,83884219.00
2015,2258912.00,471780.00,1787132.00,852091.00,705345.00,146746.00,161102.00,773939.00,13726298.00,773939.00,9693085.00,7854849.00,1838236.00,3820350.00,1304123.00,2516227.00,951111.00,1565116.00,561075.00,13726298.00,1938713.00,2627227.00,1203466.00,51416.00,195470.00,13067293.00,12283683.00,783610.00,762119.00,783610.00,21491.00,208093.00,688090.00,542324.00,145766.00,471780.00,-8217.00,554026.00,554026.00,1288419.00,630325.00,144530.00,499924.00,-14129.00,0.00,145513.00,216888.00,194281.00,-60995.00,-204661.00,-61630.00,-54019.00,-7611.00,51251.00,18140.00,58276.00,-44341.00,19176.00,0.00,516056.00,23397.00,35608.00,446517.00,3149.00,7385.00,6904.00,392422.00,-8045.00,391943.00,256665.00,232736.00,100472.00,-76543.00,135278.00,1708.00,6816.00,895997.00,1093882.00,241876.00,0.00,510035.00,-341971.00,1329648.00,1385516.00,-57962.00,1106.00,989.00,217227.00,-185849.00,-275140.00,709623.00,0.00,-31408.00,1546875.00,3402876.00,101918045.00,30496779.00,24790136.00,5236776.00,330971.00,138896.00,71421266.00,9656160.00,1233299.00,31581.00,8391280.00,0.00,4422653.00,1132019.00,521739.00,1633474.00,1135421.00,1000761.00,886795.00,113966.00,32596626.00,14189726.00,6504324.00,1068352.00,10834224.00,0.00,23518028.00,373499.00,1310567.00,21256148.00,313120.00,264694.00,227038.00,101918045.00,14630951.00,221503.00,14068783.00,4298678.00,3535728.00,325676.00,437274.00,9770105.00,31624.00,309041.00,87287094.00
